suite,term,dataset_id,model_id,capability_id,capability_level,paired_view_count,mase_degradation_mean,mase_degradation_median,positive_degradation_fraction,full_input_mase_mean,ablated_input_mase_mean,response_ratio_mean
gift,long,gift_bizitobs_application,Chronos-2,covariate_impulse_response,1,1,0.0023038347772477152,0.0023038347772477152,1.0,10.08189981171422,10.084203646491467,0.005104124298387885
gift,long,gift_bizitobs_application,Chronos-2,covariate_impulse_response,2,1,0.0022864772149713275,0.0022864772149713275,1.0,9.799864645187643,9.802151122402615,0.0027842795106169447
gift,long,gift_bizitobs_application,Chronos-2,covariate_impulse_response,3,1,0.0005187749261335028,0.0005187749261335028,1.0,9.559647309750787,9.56016608467692,0.0019418422422189403
gift,long,gift_bizitobs_application,Chronos-2,covariate_impulse_response,4,1,-0.003931511460013581,-0.003931511460013581,0.0,9.217428053329854,9.21349654186984,0.0012625311060211956
gift,long,gift_bizitobs_application,Chronos-2,covariate_impulse_response,5,1,-0.012882442807148564,-0.012882442807148564,0.0,8.9668297576702,8.95394731486305,0.0013325984199624259
gift,long,gift_bizitobs_application,Chronos-2,cross_series_dependence,1,1,-0.03444069100724434,-0.03444069100724434,0.0,8.163483762527887,8.129043071520643,0.00651923950970281
gift,long,gift_bizitobs_application,Chronos-2,cross_series_dependence,2,1,-0.03331632348469071,-0.03331632348469071,0.0,11.449681538747146,11.416365215262456,0.005462706691725046
gift,long,gift_bizitobs_application,Chronos-2,cross_series_dependence,3,1,-0.02835649651409966,-0.02835649651409966,0.0,17.61497984285333,17.58662334633923,0.0035241216712759973
gift,long,gift_bizitobs_application,Chronos-2,cross_series_dependence,4,1,-0.021972576168515445,-0.021972576168515445,0.0,21.54324596491454,21.521273388746025,0.002538377248486292
gift,long,gift_bizitobs_application,Chronos-2,cross_series_dependence,5,1,-0.015551989392854182,-0.015551989392854182,0.0,38.49401817502598,38.478466185633124,0.0013841274865160518
gift,long,gift_bizitobs_application,Timer-4.0,covariate_impulse_response,1,1,-1.9935807928916915e-05,-1.9935807928916915e-05,0.0,11.585381121103236,11.585361185295307,0.026012632477141015
gift,long,gift_bizitobs_application,Timer-4.0,covariate_impulse_response,2,1,0.03963061937440315,0.03963061937440315,1.0,12.173063682398098,12.212694301772501,0.015978277002640047
gift,long,gift_bizitobs_application,Timer-4.0,covariate_impulse_response,3,1,0.02261359893899062,0.02261359893899062,1.0,12.457574799696024,12.480188398635015,0.00976708580994989
gift,long,gift_bizitobs_application,Timer-4.0,covariate_impulse_response,4,1,0.017751838710955425,0.017751838710955425,1.0,13.197431279999382,13.215183118710337,0.0061545232695313454
gift,long,gift_bizitobs_application,Timer-4.0,covariate_impulse_response,5,1,0.035938475876704956,0.035938475876704956,1.0,13.846954233878149,13.882892709754854,0.0050106530366975785
gift,long,gift_bizitobs_application,Timer-4.0,cross_series_dependence,1,1,0.14555884054677293,0.14555884054677293,1.0,7.284251516609865,7.429810357156638,0.09106687691956501
gift,long,gift_bizitobs_application,Timer-4.0,cross_series_dependence,2,1,0.16946320860099462,0.16946320860099462,1.0,10.707016012744255,10.87647922134525,0.06375738988268422
gift,long,gift_bizitobs_application,Timer-4.0,cross_series_dependence,3,1,0.19421056580494067,0.19421056580494067,1.0,16.9195702644052,17.11378083021014,0.04048397848512114
gift,long,gift_bizitobs_application,Timer-4.0,cross_series_dependence,4,1,0.25686760784347484,0.25686760784347484,1.0,20.821523670495434,21.07839127833891,0.03344617831304628
gift,long,gift_bizitobs_application,Timer-4.0,cross_series_dependence,5,1,0.40940658412334585,0.40940658412334585,1.0,38.13225939745662,38.54166598157997,0.02334185056926011
gift,long,gift_bizitobs_application,toto2.0,cross_series_dependence,1,1,0.007682509225837464,0.007682509225837464,1.0,7.2415198315697165,7.249202340795554,0.01988171799150748
gift,long,gift_bizitobs_application,toto2.0,cross_series_dependence,2,1,0.007973288530870093,0.007973288530870093,1.0,10.582981540408781,10.590954828939651,0.01353259343823729
gift,long,gift_bizitobs_application,toto2.0,cross_series_dependence,3,1,0.017993231149894484,0.017993231149894484,1.0,16.939692113314972,16.957685344464867,0.008417071475233674
gift,long,gift_bizitobs_application,toto2.0,cross_series_dependence,4,1,0.01303319492208388,0.01303319492208388,1.0,20.93260976276204,20.945642957684125,0.006602973341228815
gift,long,gift_bizitobs_application,toto2.0,cross_series_dependence,5,1,0.012209019899145801,0.012209019899145801,1.0,38.30726931380404,38.31947833370319,0.003252586983438616
gift,long,gift_bizitobs_l2c_h,Chronos-2,common_factor,1,1,0.01575225703996852,0.01575225703996852,1.0,0.3892159680229098,0.40496822506287833,0.1961929122596542
gift,long,gift_bizitobs_l2c_h,Chronos-2,common_factor,2,1,0.014014544127176676,0.014014544127176676,1.0,0.41669335465650936,0.43070789878368604,0.17053289381463277
gift,long,gift_bizitobs_l2c_h,Chronos-2,common_factor,3,1,0.004457220477382451,0.004457220477382451,1.0,0.4326132033068048,0.43707042378418726,0.1183029034557696
gift,long,gift_bizitobs_l2c_h,Chronos-2,common_factor,4,1,-0.00438142612565251,-0.00438142612565251,0.0,0.42973038781464995,0.42534896168899744,0.08220922919919346
gift,long,gift_bizitobs_l2c_h,Chronos-2,common_factor,5,1,-0.0073400119163822275,-0.0073400119163822275,0.0,0.42792305486700843,0.4205830429506262,0.07495605390882304
gift,long,gift_bizitobs_l2c_h,Chronos-2,cross_series_dependence,1,1,0.007119373709334076,0.007119373709334076,1.0,0.29385731648463337,0.30097669019396744,0.18993577932839892
gift,long,gift_bizitobs_l2c_h,Chronos-2,cross_series_dependence,2,1,0.002687940544259748,0.002687940544259748,1.0,0.34086874728698774,0.3435566878312475,0.11831527895213122
gift,long,gift_bizitobs_l2c_h,Chronos-2,cross_series_dependence,3,1,-0.0008309990231723519,-0.0008309990231723519,0.0,0.44418526769694294,0.4433542686737706,0.08658056098836468
gift,long,gift_bizitobs_l2c_h,Chronos-2,cross_series_dependence,4,1,-0.005845867593779586,-0.005845867593779586,0.0,0.5417013991290074,0.5358555315352278,0.07497069092948981
gift,long,gift_bizitobs_l2c_h,Chronos-2,cross_series_dependence,5,1,-0.013278612978489868,-0.013278612978489868,0.0,0.8505120127896764,0.8372333998111865,0.056355376184487854
gift,long,gift_bizitobs_l2c_h,Timer-4.0,common_factor,1,1,0.002796600929471371,0.002796600929471371,1.0,0.3987907315015064,0.4015873324309778,0.24519126252654624
gift,long,gift_bizitobs_l2c_h,Timer-4.0,common_factor,2,1,-0.008069406441711557,-0.008069406441711557,0.0,0.4326824310792153,0.4246130246375037,0.16910716745750845
gift,long,gift_bizitobs_l2c_h,Timer-4.0,common_factor,3,1,-0.028925558741762725,-0.028925558741762725,0.0,0.48599622637193923,0.4570706676301765,0.15514253476845088
gift,long,gift_bizitobs_l2c_h,Timer-4.0,common_factor,4,1,-0.049887884610218314,-0.049887884610218314,0.0,0.5512128022013355,0.5013249175911172,0.14120550183924488
gift,long,gift_bizitobs_l2c_h,Timer-4.0,common_factor,5,1,-0.05504511513481769,-0.05504511513481769,0.0,0.5696051802571361,0.5145600651223184,0.13035688505435475
gift,long,gift_bizitobs_l2c_h,Timer-4.0,cross_series_dependence,1,1,0.004028920164522942,0.004028920164522942,1.0,0.28894723604296413,0.29297615620748707,0.3135230339075656
gift,long,gift_bizitobs_l2c_h,Timer-4.0,cross_series_dependence,2,1,0.0056155552756445015,0.0056155552756445015,1.0,0.3179865011023675,0.323602056378012,0.16763681809690692
gift,long,gift_bizitobs_l2c_h,Timer-4.0,cross_series_dependence,3,1,0.013524101747796946,0.013524101747796946,1.0,0.41057815789266444,0.4241022596404614,0.09495402335804892
gift,long,gift_bizitobs_l2c_h,Timer-4.0,cross_series_dependence,4,1,0.023371553073980644,0.023371553073980644,1.0,0.5009392128796432,0.5243107659536238,0.0815904956720819
gift,long,gift_bizitobs_l2c_h,Timer-4.0,cross_series_dependence,5,1,0.030918114507154093,0.030918114507154093,1.0,0.8163884035841099,0.847306518091264,0.05910483699166866
gift,long,gift_bizitobs_l2c_h,toto2.0,common_factor,1,1,-0.01746979303515761,-0.01746979303515761,0.0,0.42502502376492796,0.40755523072977035,0.2091612248764074
gift,long,gift_bizitobs_l2c_h,toto2.0,common_factor,2,1,-0.016695774501058414,-0.016695774501058414,0.0,0.45711669138279015,0.44042091688173174,0.1549606459095186
gift,long,gift_bizitobs_l2c_h,toto2.0,common_factor,3,1,-0.01580832102362051,-0.01580832102362051,0.0,0.49186772757615344,0.4760594065525329,0.11432137271042915
gift,long,gift_bizitobs_l2c_h,toto2.0,common_factor,4,1,-0.01333359819247637,-0.01333359819247637,0.0,0.5359632410164494,0.5226296428239731,0.08062578007697947
gift,long,gift_bizitobs_l2c_h,toto2.0,common_factor,5,1,-0.012237038417354684,-0.012237038417354684,0.0,0.5511688574820302,0.5389318190646755,0.0715559581807508
gift,long,gift_bizitobs_l2c_h,toto2.0,cross_series_dependence,1,1,0.0006415901791763656,0.0006415901791763656,1.0,0.29048897506072624,0.2911305652399026,0.168367291672992
gift,long,gift_bizitobs_l2c_h,toto2.0,cross_series_dependence,2,1,0.007448900697795857,0.007448900697795857,1.0,0.3289476116124853,0.33639651231028117,0.09887529336825905
gift,long,gift_bizitobs_l2c_h,toto2.0,cross_series_dependence,3,1,0.0086776782563871,0.0086776782563871,1.0,0.43147422265283525,0.44015190090922235,0.054055238648670866
gift,long,gift_bizitobs_l2c_h,toto2.0,cross_series_dependence,4,1,0.008059305844594133,0.008059305844594133,1.0,0.5297827923171474,0.5378420981617416,0.03938077534349506
gift,long,gift_bizitobs_l2c_h,toto2.0,cross_series_dependence,5,1,0.0050771629119154005,0.0050771629119154005,1.0,0.848310031334272,0.8533871942461874,0.021078172585450805
gift,long,gift_bizitobs_service,Chronos-2,covariate_impulse_response,1,21,-0.008508916692262312,-0.004128824508836004,0.3333333333333333,25.68446260781624,25.675953691123976,0.016963458046789677
gift,long,gift_bizitobs_service,Chronos-2,covariate_impulse_response,2,21,0.02618865496811446,-0.002114028494086817,0.42857142857142855,29.69228555526703,29.71847421023514,0.011145756845638443
gift,long,gift_bizitobs_service,Chronos-2,covariate_impulse_response,3,21,0.012980176254948881,-0.0056893318435511375,0.3333333333333333,33.21429429915853,33.227274475413466,0.008150519109875113
gift,long,gift_bizitobs_service,Chronos-2,covariate_impulse_response,4,21,-0.0007222590092996432,-0.005145206245108724,0.38095238095238093,38.73805190828117,38.737329649271885,0.006820630988894705
gift,long,gift_bizitobs_service,Chronos-2,covariate_impulse_response,5,21,-0.08006977472210106,-0.002072871437393431,0.47619047619047616,43.2487120267243,43.16864225200219,0.005586102485475352
gift,long,gift_bizitobs_service,Chronos-2,cross_series_dependence,1,15,0.06146278638013394,-0.0334380741072664,0.3333333333333333,14.729412503391355,14.790875289771487,0.021626051762340233
gift,long,gift_bizitobs_service,Chronos-2,cross_series_dependence,2,15,0.05389574268520046,-0.02319819551199842,0.3333333333333333,18.658447113970116,18.712342856655315,0.013571372450983103
gift,long,gift_bizitobs_service,Chronos-2,cross_series_dependence,3,15,0.051817754358483605,-0.031049516330458715,0.3333333333333333,24.419594469839485,24.471412224197973,0.01156820599695148
gift,long,gift_bizitobs_service,Chronos-2,cross_series_dependence,4,15,0.07111388790066085,-0.026040619053887326,0.3333333333333333,31.122765133722215,31.19387902162287,0.009436606911332013
gift,long,gift_bizitobs_service,Chronos-2,cross_series_dependence,5,15,0.09751784009021283,-0.01674945700981567,0.4666666666666667,42.58142747183769,42.6789453119279,0.007953367272145722
gift,long,gift_bizitobs_service,Timer-4.0,covariate_impulse_response,1,21,-0.3248732306697376,0.001502033970709249,0.5238095238095238,33.403594432228914,33.07872120155918,0.02861571684267538
gift,long,gift_bizitobs_service,Timer-4.0,covariate_impulse_response,2,21,0.10228054008018947,0.003387280325247488,0.5238095238095238,42.044803875198625,42.14708441527881,0.018754783553516934
gift,long,gift_bizitobs_service,Timer-4.0,covariate_impulse_response,3,21,-0.1676842818097902,0.004087127802904877,0.6190476190476191,48.8630807044302,48.6953964226204,0.013196338065678366
gift,long,gift_bizitobs_service,Timer-4.0,covariate_impulse_response,4,21,-0.025555339981189407,-0.0014923771629038463,0.47619047619047616,58.774638361608716,58.74908302162752,0.009119890915895577
gift,long,gift_bizitobs_service,Timer-4.0,covariate_impulse_response,5,21,0.2224943365481552,0.011107718651028442,0.7142857142857143,68.83050161340796,69.05299594995611,0.00786636410926229
gift,long,gift_bizitobs_service,Timer-4.0,cross_series_dependence,1,15,-0.4336483704449189,0.036186946238345286,0.5333333333333333,18.363230504810197,17.92958213436528,0.10768057564579177
gift,long,gift_bizitobs_service,Timer-4.0,cross_series_dependence,2,15,-0.3625045361923433,0.058131655312717356,0.6,22.650630284512506,22.288125748320166,0.0705293721839519
gift,long,gift_bizitobs_service,Timer-4.0,cross_series_dependence,3,15,-0.2722820560195002,0.1581796853657096,0.6,28.611706313780413,28.33942425776091,0.053075003570874656
gift,long,gift_bizitobs_service,Timer-4.0,cross_series_dependence,4,15,-0.06075636081717566,0.26453770326647685,0.6666666666666666,35.97329482165648,35.9125384608393,0.04196802510619667
gift,long,gift_bizitobs_service,Timer-4.0,cross_series_dependence,5,15,-0.3303145337730783,0.27163355273674483,0.6,48.69754053783169,48.367226004058615,0.03813854036062918
gift,long,gift_bizitobs_service,toto2.0,cross_series_dependence,1,15,1.6516903474984803,0.007894182207689227,0.5333333333333333,257.5719953749323,259.2236857224308,0.06684110416391133
gift,long,gift_bizitobs_service,toto2.0,cross_series_dependence,2,15,1.6445363546596523,-0.04313346806706697,0.4666666666666667,270.7631765539561,272.40771290861574,0.04198751284772552
gift,long,gift_bizitobs_service,toto2.0,cross_series_dependence,3,15,1.5995395279147673,-0.012369025635916131,0.26666666666666666,289.0118345970575,290.61137412497214,0.030596516275633433
gift,long,gift_bizitobs_service,toto2.0,cross_series_dependence,4,15,0.9532020220276557,-0.008886913246712425,0.4,311.31828521978366,312.27148724181137,0.021361680648182727
gift,long,gift_bizitobs_service,toto2.0,cross_series_dependence,5,15,0.4917586325401125,-0.01234322402839183,0.4666666666666667,345.54435344304176,346.0361120755818,0.017178133601033808
gift,long,gift_ett1_h,Chronos-2,common_factor,1,3,0.006378956997895073,-0.0381407635588602,0.3333333333333333,2.0378027604332076,2.0441817174311026,0.5117109554747202
gift,long,gift_ett1_h,Chronos-2,common_factor,2,3,0.008628933006426939,-0.017229839510835232,0.3333333333333333,2.0464533421453948,2.0550822751518214,0.4186970730675897
gift,long,gift_ett1_h,Chronos-2,common_factor,3,3,0.016097420020585746,0.006485166849731883,0.6666666666666666,2.056402280920991,2.072499700941577,0.3044306535866127
gift,long,gift_ett1_h,Chronos-2,common_factor,4,3,0.0245650494097794,-0.00022302435882415317,0.3333333333333333,2.0729291145239945,2.097494163933774,0.21047169682917902
gift,long,gift_ett1_h,Chronos-2,common_factor,5,3,0.03253840427119107,-0.0268450271476246,0.3333333333333333,2.1009402047472943,2.133478609018485,0.15754429064675893
gift,long,gift_ett1_h,Chronos-2,cross_series_dependence,1,3,0.09211877298560789,0.10773324107251225,0.6666666666666666,1.42384317731233,1.515961950297938,1.6362677175907778
gift,long,gift_ett1_h,Chronos-2,cross_series_dependence,2,3,0.11486537878220315,0.11935685740230495,0.6666666666666666,1.54141592788179,1.6562813066639934,1.1605365024535805
gift,long,gift_ett1_h,Chronos-2,cross_series_dependence,3,3,0.17902254924867744,0.12978936147341713,1.0,1.7962542129333876,1.975276762182065,0.7084244642131757
gift,long,gift_ett1_h,Chronos-2,cross_series_dependence,4,3,0.21652473839764816,0.15324783082031024,1.0,2.1004333929740135,2.3169581313716616,0.5760621152544675
gift,long,gift_ett1_h,Chronos-2,cross_series_dependence,5,3,0.2846098748940528,0.2066339436938529,1.0,2.817897303616283,3.1025071785103364,0.40021421909144056
gift,long,gift_ett1_h,Timer-4.0,common_factor,1,3,-0.19906330307118,-0.15136143886371412,0.0,1.9585547170371909,1.7594914139660112,0.9658205711743083
gift,long,gift_ett1_h,Timer-4.0,common_factor,2,3,-0.15703868002967067,-0.11186014861615612,0.0,1.918995686544176,1.7619570065145052,0.7224644334618068
gift,long,gift_ett1_h,Timer-4.0,common_factor,3,3,-0.10027576232805169,-0.05473675063035088,0.3333333333333333,1.8744575405827562,1.7741817782547047,0.4571977676054322
gift,long,gift_ett1_h,Timer-4.0,common_factor,4,3,-0.05676816699485491,-0.0839052308188677,0.3333333333333333,1.9165893916283203,1.8598212246334658,0.20500352598604424
gift,long,gift_ett1_h,Timer-4.0,common_factor,5,3,-0.046323182830235954,-0.11117078163852834,0.3333333333333333,1.9591996382108172,1.912876455380581,0.13365595787439732
gift,long,gift_ett1_h,Timer-4.0,cross_series_dependence,1,3,-0.006927416098312304,-0.02023443178357187,0.3333333333333333,1.4177967549301738,1.4108693388318618,1.030119164033618
gift,long,gift_ett1_h,Timer-4.0,cross_series_dependence,2,3,0.010278479612179389,-0.004644956066765182,0.3333333333333333,1.4878314250337528,1.498109904645932,0.7209225756454076
gift,long,gift_ett1_h,Timer-4.0,cross_series_dependence,3,3,-0.00568475368673312,0.012745354996466451,0.6666666666666666,1.774509958360951,1.7688252046742179,0.43439720946183796
gift,long,gift_ett1_h,Timer-4.0,cross_series_dependence,4,3,0.009036183864519135,0.024528773973917728,0.6666666666666666,2.07518675292992,2.0842229367944394,0.3514691794943628
gift,long,gift_ett1_h,Timer-4.0,cross_series_dependence,5,3,0.021181591618458933,0.011963731098061148,0.6666666666666666,2.810249663441182,2.831431255059641,0.2513805368534218
gift,long,gift_ett1_h,toto2.0,common_factor,1,3,-0.008096857188444329,-0.018891249191431703,0.3333333333333333,1.9583006794503264,1.950203822261882,0.23025860760125094
gift,long,gift_ett1_h,toto2.0,common_factor,2,3,-0.007471736185655257,-0.011373561524245623,0.3333333333333333,1.9763316020906079,1.9688598659049525,0.18747305197701233
gift,long,gift_ett1_h,toto2.0,common_factor,3,3,-0.007761438350754046,0.003216391056891199,0.6666666666666666,2.014752075118475,2.006990636767721,0.13582839065760796
gift,long,gift_ett1_h,toto2.0,common_factor,4,3,-0.009694372535346144,0.018690107632718833,0.6666666666666666,2.085190116382824,2.075495743847478,0.09862790480853822
gift,long,gift_ett1_h,toto2.0,common_factor,5,3,-0.013135724774522517,0.028613638325007296,0.6666666666666666,2.1667479694093315,2.1536122446348087,0.08128624869610682
gift,long,gift_ett1_h,toto2.0,cross_series_dependence,1,3,-0.037577213580652837,-0.03874162119538882,0.3333333333333333,1.56140793877739,1.5238307251967373,0.5603074652564711
gift,long,gift_ett1_h,toto2.0,cross_series_dependence,2,3,-0.04169846866133368,-0.036399297375407924,0.3333333333333333,1.695634089054602,1.6539356203932687,0.37634032323153116
gift,long,gift_ett1_h,toto2.0,cross_series_dependence,3,3,-0.041176088476912266,-0.027532846986199067,0.3333333333333333,1.9795780606614402,1.938401972184528,0.22347717146549062
gift,long,gift_ett1_h,toto2.0,cross_series_dependence,4,3,-0.03948215501682043,-0.02372419666645076,0.3333333333333333,2.323129630873897,2.283647475857076,0.1775048427736375
gift,long,gift_ett1_h,toto2.0,cross_series_dependence,5,3,-0.09270796353139114,-0.029332696954671,0.3333333333333333,3.07492512843879,2.9822171649073987,0.18960349220563802
gift,long,gift_ett2_h,Chronos-2,common_factor,1,3,0.09537844465310334,0.03569974771379236,1.0,1.0445773808777414,1.1399558255308448,0.526822547154878
gift,long,gift_ett2_h,Chronos-2,common_factor,2,3,0.12997055637697694,0.059604874440498445,1.0,1.0702139518107725,1.2001845081877496,0.4556888094168054
gift,long,gift_ett2_h,Chronos-2,common_factor,3,3,0.1864396931591024,0.12439565314308976,1.0,1.088069455763841,1.2745091489229436,0.4500798279649653
gift,long,gift_ett2_h,Chronos-2,common_factor,4,3,0.2791616929118915,0.24023817014804316,1.0,1.0838915451067204,1.363053238018612,0.38552126995561525
gift,long,gift_ett2_h,Chronos-2,common_factor,5,3,0.32401180125231593,0.35394916012164557,1.0,1.0752271338848063,1.3992389351371222,0.33863399996808735
gift,long,gift_ett2_h,Chronos-2,cross_series_dependence,1,3,-0.10014312684132447,0.0014990778039902786,0.6666666666666666,0.9403574944563093,0.840214367614985,2.3064331901974904
gift,long,gift_ett2_h,Chronos-2,cross_series_dependence,2,3,-0.12213769316356986,0.00034383016124950316,0.6666666666666666,0.9510569496791508,0.8289192565155811,1.57862573185799
gift,long,gift_ett2_h,Chronos-2,cross_series_dependence,3,3,-0.16098890989539652,-0.004441433796225747,0.3333333333333333,1.0004361827644446,0.8394472728690481,1.1657411124638142
gift,long,gift_ett2_h,Chronos-2,cross_series_dependence,4,3,-0.21229156331694354,-0.021511162975291986,0.3333333333333333,1.088455929114171,0.8761643657972275,0.9159507692501899
gift,long,gift_ett2_h,Chronos-2,cross_series_dependence,5,3,-0.2767239250340673,-0.03252612492537921,0.0,1.219920649898391,0.9431967248643237,0.6835226169435944
gift,long,gift_ett2_h,Timer-4.0,common_factor,1,3,0.04189780799198332,0.0883029045044319,0.6666666666666666,0.9219522644339525,0.9638500724259357,0.5766225015677118
gift,long,gift_ett2_h,Timer-4.0,common_factor,2,3,0.0752053046303273,0.13754923076275838,0.6666666666666666,0.981260480078049,1.0564657847083765,0.4242918987680346
gift,long,gift_ett2_h,Timer-4.0,common_factor,3,3,0.10311540122177798,0.15443271767434297,0.6666666666666666,1.1191804766245539,1.2222958778463318,0.32238080892775506
gift,long,gift_ett2_h,Timer-4.0,common_factor,4,3,0.15223485435087594,0.13268192634024434,0.6666666666666666,1.5254634571230365,1.6776983114739126,0.19833101235807946
gift,long,gift_ett2_h,Timer-4.0,common_factor,5,3,0.17946266464890104,0.06767811918218514,0.6666666666666666,1.9419941739157516,2.1214568385646526,0.1548157307367227
gift,long,gift_ett2_h,Timer-4.0,cross_series_dependence,1,3,-0.040232971727539514,-0.0331378177215238,0.0,0.8304182107783817,0.7901852390508423,1.979415451689082
gift,long,gift_ett2_h,Timer-4.0,cross_series_dependence,2,3,-0.05884720046343905,-0.04431847249349863,0.3333333333333333,0.856901572086938,0.798054371623499,1.4474503325842267
gift,long,gift_ett2_h,Timer-4.0,cross_series_dependence,3,3,-0.06514940169046239,-0.037906224283003276,0.3333333333333333,0.9544832154053151,0.8893338137148527,1.0675902564480257
gift,long,gift_ett2_h,Timer-4.0,cross_series_dependence,4,3,-0.012977393509558769,-0.019508273573198398,0.3333333333333333,1.0929366745348252,1.0799592810252665,0.743196489306388
gift,long,gift_ett2_h,Timer-4.0,cross_series_dependence,5,3,0.0614790420250538,0.014138259759167715,0.6666666666666666,1.2584512506701258,1.3199302926951797,0.5147470589604286
gift,long,gift_ett2_h,toto2.0,common_factor,1,3,-0.04072537390313432,-0.043944287540441884,0.3333333333333333,1.0587107270631566,1.0179853531600223,0.4018350081423734
gift,long,gift_ett2_h,toto2.0,common_factor,2,3,-0.04140078180548623,-0.037062263261633754,0.3333333333333333,1.1287343733249091,1.0873335915194227,0.3113778113164836
gift,long,gift_ett2_h,toto2.0,common_factor,3,3,-0.0447218730998911,-0.03070278615897304,0.3333333333333333,1.2279297451528521,1.183207872052961,0.24599734592397518
gift,long,gift_ett2_h,toto2.0,common_factor,4,3,-0.03053448572946586,0.003773267237712652,0.6666666666666666,1.527470155161117,1.496935669431651,0.19904080563872292
gift,long,gift_ett2_h,toto2.0,common_factor,5,3,-0.021294756326648494,0.039618143345681034,0.6666666666666666,1.7482179969945442,1.7269232406678958,0.18209035605602655
gift,long,gift_ett2_h,toto2.0,cross_series_dependence,1,3,-0.013707504761153455,-0.06035866566166326,0.3333333333333333,2.001162607989332,1.9874551032281786,2.5540465812635174
gift,long,gift_ett2_h,toto2.0,cross_series_dependence,2,3,-0.02356087228692257,-0.09232204744755257,0.3333333333333333,2.166817215173989,2.143256342887066,1.4670429861321714
gift,long,gift_ett2_h,toto2.0,cross_series_dependence,3,3,-0.03023552754961778,-0.10729469084444432,0.3333333333333333,2.319744071342342,2.289508543792724,1.084171985371938
gift,long,gift_ett2_h,toto2.0,cross_series_dependence,4,3,-0.03242130228265679,-0.13848420796684424,0.3333333333333333,2.5570786926633757,2.524657390380719,0.7683633034416948
gift,long,gift_ett2_h,toto2.0,cross_series_dependence,5,3,-0.010787989052127708,-0.14000729952956403,0.3333333333333333,2.828303657952006,2.8175156688998775,0.5580597330589766
gift,long,gift_jena_weather_h,Chronos-2,common_factor,1,2,-0.09023919832883154,-0.09023919832883154,0.5,1.4929288198137507,1.4026896214849192,0.5484821634153657
gift,long,gift_jena_weather_h,Chronos-2,common_factor,2,2,-0.09337382867710031,-0.09337382867710031,0.5,1.4983443258233842,1.404970497146284,0.3524153550554616
gift,long,gift_jena_weather_h,Chronos-2,common_factor,3,2,-0.09655473131241687,-0.09655473131241687,0.5,1.5118528922865355,1.4152981609741189,0.2907527900668996
gift,long,gift_jena_weather_h,Chronos-2,common_factor,4,2,-0.09496160264836467,-0.09496160264836467,0.5,1.541154168972431,1.4461925663240662,0.22343748954118536
gift,long,gift_jena_weather_h,Chronos-2,common_factor,5,2,-0.07851832865421504,-0.07851832865421504,0.5,1.5940329903696087,1.5155146617153936,0.16287651938359074
gift,long,gift_jena_weather_h,Chronos-2,cross_series_dependence,1,2,-0.09916401986440798,-0.09916401986440798,0.0,1.401146124607435,1.301982104743027,0.6711263967214391
gift,long,gift_jena_weather_h,Chronos-2,cross_series_dependence,2,2,-0.10336582477375034,-0.10336582477375034,0.0,1.409012028320638,1.3056462035468877,0.4428233888011791
gift,long,gift_jena_weather_h,Chronos-2,cross_series_dependence,3,2,-0.08084377576383894,-0.08084377576383894,0.0,1.4265185306757726,1.3456747549119337,0.2609955844616456
gift,long,gift_jena_weather_h,Chronos-2,cross_series_dependence,4,2,-0.05793285769548889,-0.05793285769548889,0.5,1.4826746727543358,1.424741815058847,0.16853950087189817
gift,long,gift_jena_weather_h,Chronos-2,cross_series_dependence,5,2,-0.03337504447657186,-0.03337504447657186,0.5,1.5345810328944334,1.5012059884178615,0.14151560640538874
gift,long,gift_jena_weather_h,Timer-4.0,common_factor,1,2,0.3235156051492033,0.3235156051492033,1.0,1.1578630096659857,1.481378614815189,1.4291667848944651
gift,long,gift_jena_weather_h,Timer-4.0,common_factor,2,2,0.4086932035815357,0.4086932035815357,1.0,1.1467565563276512,1.555449759909187,1.0174230175434475
gift,long,gift_jena_weather_h,Timer-4.0,common_factor,3,2,0.4418336154423387,0.4418336154423387,1.0,1.1415931739462946,1.5834267893886333,0.7911445400589825
gift,long,gift_jena_weather_h,Timer-4.0,common_factor,4,2,0.36502435365610775,0.36502435365610775,1.0,1.1355777269016563,1.5006020805577642,0.5125642936005762
gift,long,gift_jena_weather_h,Timer-4.0,common_factor,5,2,0.2083427938450937,0.2083427938450937,1.0,1.1536163078711343,1.361959101716228,0.27284001586751433
gift,long,gift_jena_weather_h,Timer-4.0,cross_series_dependence,1,2,0.2336232172786556,0.2336232172786556,1.0,0.9174312115903336,1.1510544288689892,1.7555671074297408
gift,long,gift_jena_weather_h,Timer-4.0,cross_series_dependence,2,2,0.27089617886904344,0.27089617886904344,1.0,0.9317067469140508,1.2026029257830941,1.2104628822974863
gift,long,gift_jena_weather_h,Timer-4.0,cross_series_dependence,3,2,0.36222317484062866,0.36222317484062866,1.0,0.9740266587038009,1.3362498335444295,0.9235532106120291
gift,long,gift_jena_weather_h,Timer-4.0,cross_series_dependence,4,2,0.488894480403379,0.488894480403379,1.0,1.0979702388858155,1.5868647192891945,0.6776019388775418
gift,long,gift_jena_weather_h,Timer-4.0,cross_series_dependence,5,2,0.47019944329281,0.47019944329281,1.0,1.246517491443308,1.7167169347361178,0.4371658156922984
gift,long,gift_jena_weather_h,toto2.0,common_factor,1,2,0.003316974952040086,0.003316974952040086,0.5,2.5758258599972397,2.5791428349492795,0.24622949416858853
gift,long,gift_jena_weather_h,toto2.0,common_factor,2,2,0.005990457203744137,0.005990457203744137,0.5,2.5729577656263913,2.5789482228301357,0.16930263553008557
gift,long,gift_jena_weather_h,toto2.0,common_factor,3,2,0.011439468260530106,0.011439468260530106,0.5,2.5812581804031716,2.5926976486637017,0.1268026730174606
gift,long,gift_jena_weather_h,toto2.0,common_factor,4,2,0.021269832848906045,0.021269832848906045,0.5,2.5950814539535205,2.616351286802426,0.08583020973156304
gift,long,gift_jena_weather_h,toto2.0,common_factor,5,2,0.014326166938231522,0.014326166938231522,0.5,2.606807785925145,2.621133952863376,0.0700344990293498
gift,long,gift_jena_weather_h,toto2.0,cross_series_dependence,1,2,-0.07133389973363125,-0.07133389973363125,0.0,2.4324914144121577,2.3611575146785264,0.6750619312664222
gift,long,gift_jena_weather_h,toto2.0,cross_series_dependence,2,2,-0.050291758769545725,-0.050291758769545725,0.0,2.549076863180849,2.498785104411303,0.4439110492599353
gift,long,gift_jena_weather_h,toto2.0,cross_series_dependence,3,2,-0.025225133185065474,-0.025225133185065474,0.0,2.7052199182949854,2.67999478510992,0.30908427790727866
gift,long,gift_jena_weather_h,toto2.0,cross_series_dependence,4,2,-0.01697730704014666,-0.01697730704014666,0.5,2.927019719643468,2.9100424126033215,0.23533878055752783
gift,long,gift_jena_weather_h,toto2.0,cross_series_dependence,5,2,-0.03736102294922028,-0.03736102294922028,0.5,3.1947798297849226,3.157418806835702,0.1916809003913081
gift,long,gift_m_dense_h,Chronos-2,covariate_impulse_response,1,90,-0.0029378299886456856,-0.0008289127622393699,0.43333333333333335,0.7622481829751169,0.7593103529864714,0.10222197993162802
gift,long,gift_m_dense_h,Chronos-2,covariate_impulse_response,2,90,-0.0035278960068654275,-0.0008717722012240303,0.45555555555555555,0.8145453952824395,0.811017499275574,0.07161433264816038
gift,long,gift_m_dense_h,Chronos-2,covariate_impulse_response,3,90,-0.003477584667156193,-0.0010503377758859234,0.43333333333333335,0.8840724103655203,0.880594825698364,0.05703919179529327
gift,long,gift_m_dense_h,Chronos-2,covariate_impulse_response,4,90,-0.0029088384087304483,0.0003466214227466624,0.5222222222222223,0.9598295858822893,0.9569207474735587,0.046309157329934854
gift,long,gift_m_dense_h,Chronos-2,covariate_impulse_response,5,90,-0.002056506272758914,-0.00011060758182707131,0.4888888888888889,1.0410363309542854,1.0389798246815267,0.04167626086195891
gift,long,gift_m_dense_h,Timer-4.0,covariate_impulse_response,1,90,0.00010405084289880443,-0.00013197248443169718,0.4888888888888889,0.7235717167596658,0.7236757676025644,0.06909213370654575
gift,long,gift_m_dense_h,Timer-4.0,covariate_impulse_response,2,90,-6.7287475882342e-05,-0.00010653600286841813,0.4777777777777778,0.7744196659574955,0.7743523784816135,0.04732590869450564
gift,long,gift_m_dense_h,Timer-4.0,covariate_impulse_response,3,90,-0.0006471971845929409,-3.23276562243513e-05,0.5,0.8629604067436861,0.8623132095590931,0.033911546236254586
gift,long,gift_m_dense_h,Timer-4.0,covariate_impulse_response,4,90,0.00025881278151189434,1.5464986179603013e-05,0.5,0.9994828904128223,0.999741703194334,0.02677773013210385
gift,long,gift_m_dense_h,Timer-4.0,covariate_impulse_response,5,90,0.002336775907678722,0.00023028051044332587,0.5,1.1988225804332133,1.2011593563408918,0.024120661417943036
gift,medium,gift_bizitobs_application,Chronos-2,covariate_impulse_response,1,2,0.012034979167315107,0.012034979167315107,0.5,3.5137183321868504,3.5257533113541655,0.01041756356339371
gift,medium,gift_bizitobs_application,Chronos-2,covariate_impulse_response,2,2,0.011928270794702822,0.011928270794702822,0.5,3.0014312949770434,3.0133595657717462,0.0065486401859037174
gift,medium,gift_bizitobs_application,Chronos-2,covariate_impulse_response,3,2,0.011188647468233004,0.011188647468233004,0.5,2.7135077483987784,2.724696395867011,0.006262328178310801
gift,medium,gift_bizitobs_application,Chronos-2,covariate_impulse_response,4,2,-0.010572750943781184,-0.010572750943781184,0.5,2.808057964821007,2.797485213877226,0.00593183282420874
gift,medium,gift_bizitobs_application,Chronos-2,covariate_impulse_response,5,2,-0.0067672380417247435,-0.0067672380417247435,0.5,2.7911690058331526,2.7844017677914277,0.005404734812063789
gift,medium,gift_bizitobs_application,Chronos-2,cross_series_dependence,1,2,0.02783821432174083,0.02783821432174083,0.5,17.72247574017095,17.75031395449269,0.007620850469534638
gift,medium,gift_bizitobs_application,Chronos-2,cross_series_dependence,2,2,0.012225161308240473,0.012225161308240473,0.5,23.039159479108832,23.051384640417076,0.0033646325585776856
gift,medium,gift_bizitobs_application,Chronos-2,cross_series_dependence,3,2,0.0023986785685234935,0.0023986785685234935,0.5,35.1989452085356,35.20134388710412,0.001734030211649881
gift,medium,gift_bizitobs_application,Chronos-2,cross_series_dependence,4,2,-0.0042625213236267,-0.0042625213236267,0.5,44.666031201962205,44.66176868063858,0.0012708584111897625
gift,medium,gift_bizitobs_application,Chronos-2,cross_series_dependence,5,2,0.0054422969275229605,0.0054422969275229605,1.0,63.089905796345604,63.09534809327313,0.0012997269054341835
gift,medium,gift_bizitobs_application,Timer-4.0,covariate_impulse_response,1,2,0.013131694382326975,0.013131694382326975,0.5,7.157241545106734,7.170373239489061,0.039442759275006435
gift,medium,gift_bizitobs_application,Timer-4.0,covariate_impulse_response,2,2,-0.0036816878939691655,-0.0036816878939691655,0.0,7.07046244316206,7.066780755268091,0.02569569956554308
gift,medium,gift_bizitobs_application,Timer-4.0,covariate_impulse_response,3,2,0.0021689008278542588,0.0021689008278542588,0.5,7.664336010359068,7.666504911186922,0.017463665863973767
gift,medium,gift_bizitobs_application,Timer-4.0,covariate_impulse_response,4,2,-0.03950346462100374,-0.03950346462100374,0.5,7.999829432092019,7.9603259674710145,0.013645463786031058
gift,medium,gift_bizitobs_application,Timer-4.0,covariate_impulse_response,5,2,-0.09479816393608154,-0.09479816393608154,0.0,7.781169623094115,7.686371459158034,0.012721771432250761
gift,medium,gift_bizitobs_application,Timer-4.0,cross_series_dependence,1,2,0.3138880208276156,0.3138880208276156,1.0,16.985200246312512,17.299088267140128,0.08839518728425684
gift,medium,gift_bizitobs_application,Timer-4.0,cross_series_dependence,2,2,0.28126914342849574,0.28126914342849574,0.5,22.302148055953023,22.58341719938152,0.05463484303615838
gift,medium,gift_bizitobs_application,Timer-4.0,cross_series_dependence,3,2,0.31803972789073853,0.31803972789073853,1.0,34.58252098600179,34.90056071389253,0.0372667301827633
gift,medium,gift_bizitobs_application,Timer-4.0,cross_series_dependence,4,2,0.2816512106313098,0.2816512106313098,1.0,44.14565113951294,44.42730235014425,0.027811404032859557
gift,medium,gift_bizitobs_application,Timer-4.0,cross_series_dependence,5,2,0.2573047209371815,0.2573047209371815,1.0,62.75556911230497,63.01287383324215,0.021190289189564594
gift,medium,gift_bizitobs_application,toto2.0,cross_series_dependence,1,2,0.009305505494041633,0.009305505494041633,0.5,17.307137928970356,17.316443434464396,0.03050601910343611
gift,medium,gift_bizitobs_application,toto2.0,cross_series_dependence,2,2,-0.018975694201982307,-0.018975694201982307,0.5,22.673360401210374,22.65438470700839,0.015462183121097175
gift,medium,gift_bizitobs_application,toto2.0,cross_series_dependence,3,2,-0.061569069411341104,-0.061569069411341104,0.0,34.939590796540365,34.878021727129024,0.00838856614707583
gift,medium,gift_bizitobs_application,toto2.0,cross_series_dependence,4,2,-0.08956118212101849,-0.08956118212101849,0.0,44.518011827697016,44.428450645576,0.006215534306670607
gift,medium,gift_bizitobs_application,toto2.0,cross_series_dependence,5,2,-0.12642043835142758,-0.12642043835142758,0.0,63.161663030925396,63.035242592573965,0.006547419131773771
gift,medium,gift_bizitobs_l2c_h,Chronos-2,common_factor,1,1,0.0008418319909041516,0.0008418319909041516,1.0,0.6611059181388047,0.6619477501297089,0.17482943926843258
gift,medium,gift_bizitobs_l2c_h,Chronos-2,common_factor,2,1,0.0020055601327323425,0.0020055601327323425,1.0,0.6652245665769624,0.6672301267096947,0.12015033593506567
gift,medium,gift_bizitobs_l2c_h,Chronos-2,common_factor,3,1,0.004051519649022506,0.004051519649022506,1.0,0.6687987365805343,0.6728502562295569,0.08593109377466161
gift,medium,gift_bizitobs_l2c_h,Chronos-2,common_factor,4,1,0.004901627353195104,0.004901627353195104,1.0,0.6714255414524846,0.6763271688056797,0.06973928449733126
gift,medium,gift_bizitobs_l2c_h,Chronos-2,common_factor,5,1,0.005421257812340818,0.005421257812340818,1.0,0.674920997243779,0.6803422550561198,0.05566054671672206
gift,medium,gift_bizitobs_l2c_h,Chronos-2,covariate_impulse_response,1,1,0.0012102390852807288,0.0012102390852807288,1.0,0.37636985336127066,0.3775800924465514,0.06675102332428404
gift,medium,gift_bizitobs_l2c_h,Chronos-2,covariate_impulse_response,2,1,-0.0005500717372993735,-0.0005500717372993735,0.0,0.39005205610677823,0.38950198436947886,0.04450726787438477
gift,medium,gift_bizitobs_l2c_h,Chronos-2,covariate_impulse_response,3,1,-0.003016912721432341,-0.003016912721432341,0.0,0.41653858483055295,0.4135216721091206,0.03628706605998378
gift,medium,gift_bizitobs_l2c_h,Chronos-2,covariate_impulse_response,4,1,-0.007893343454015267,-0.007893343454015267,0.0,0.5160404815836734,0.5081471381296582,0.025927172228864658
gift,medium,gift_bizitobs_l2c_h,Chronos-2,covariate_impulse_response,5,1,-0.009134688070142394,-0.009134688070142394,0.0,0.553242108038968,0.5441074199688256,0.02351499944513471
gift,medium,gift_bizitobs_l2c_h,Chronos-2,cross_series_dependence,1,1,-0.005502276008181428,-0.005502276008181428,0.0,0.4202545819611537,0.41475230595297224,0.4266581764852583
gift,medium,gift_bizitobs_l2c_h,Chronos-2,cross_series_dependence,2,1,-0.002839932169428405,-0.002839932169428405,0.0,0.4639328215337762,0.4610928893643478,0.25574544633352975
gift,medium,gift_bizitobs_l2c_h,Chronos-2,cross_series_dependence,3,1,-0.0003766269997569349,-0.0003766269997569349,0.0,0.5305295348899851,0.5301529078902282,0.17401920890674377
gift,medium,gift_bizitobs_l2c_h,Chronos-2,cross_series_dependence,4,1,0.000552450152603301,0.000552450152603301,1.0,0.5628554954417422,0.5634079455943455,0.1615895136774016
gift,medium,gift_bizitobs_l2c_h,Chronos-2,cross_series_dependence,5,1,0.006357006062015946,0.006357006062015946,1.0,0.7268742983689471,0.7332313044309631,0.13427984363860934
gift,medium,gift_bizitobs_l2c_h,Timer-4.0,common_factor,1,1,-0.02176499938951104,-0.02176499938951104,0.0,0.7162338070852028,0.6944688076956917,0.5813156866628303
gift,medium,gift_bizitobs_l2c_h,Timer-4.0,common_factor,2,1,-0.024104632062962317,-0.024104632062962317,0.0,0.7241545520461976,0.7000499199832353,0.4065959470506153
gift,medium,gift_bizitobs_l2c_h,Timer-4.0,common_factor,3,1,-0.026237892940597862,-0.026237892940597862,0.0,0.7329924600607708,0.7067545671201729,0.30845486643428144
gift,medium,gift_bizitobs_l2c_h,Timer-4.0,common_factor,4,1,-0.03005908325516693,-0.03005908325516693,0.0,0.7368922418842389,0.7068331586290719,0.2688519417528927
gift,medium,gift_bizitobs_l2c_h,Timer-4.0,common_factor,5,1,-0.025752799907429735,-0.025752799907429735,0.0,0.7323731598749617,0.7066203599675319,0.19417957106632677
gift,medium,gift_bizitobs_l2c_h,Timer-4.0,covariate_impulse_response,1,1,0.008134362348266921,0.008134362348266921,1.0,0.4310309242255239,0.43916528657379084,0.12860005481257886
gift,medium,gift_bizitobs_l2c_h,Timer-4.0,covariate_impulse_response,2,1,0.008159949713544279,0.008159949713544279,1.0,0.44699098279963173,0.455150932513176,0.07569639361038037
gift,medium,gift_bizitobs_l2c_h,Timer-4.0,covariate_impulse_response,3,1,0.009004039916297168,0.009004039916297168,1.0,0.4621362139863265,0.47114025390262365,0.05408938710267815
gift,medium,gift_bizitobs_l2c_h,Timer-4.0,covariate_impulse_response,4,1,0.008297208381527421,0.008297208381527421,1.0,0.48610933122635186,0.4944065396078793,0.03932496148747973
gift,medium,gift_bizitobs_l2c_h,Timer-4.0,covariate_impulse_response,5,1,0.009935135828045172,0.009935135828045172,1.0,0.4925013903413822,0.5024365261694274,0.03485514534186663
gift,medium,gift_bizitobs_l2c_h,Timer-4.0,cross_series_dependence,1,1,-0.02377673287153248,-0.02377673287153248,0.0,0.46387866741126516,0.4401019345397327,1.3094037405733683
gift,medium,gift_bizitobs_l2c_h,Timer-4.0,cross_series_dependence,2,1,-0.03284496305946477,-0.03284496305946477,0.0,0.5225184020169972,0.4896734389575324,0.8185796052285935
gift,medium,gift_bizitobs_l2c_h,Timer-4.0,cross_series_dependence,3,1,-0.039875707226042834,-0.039875707226042834,0.0,0.5931473313546006,0.5532716241285578,0.5289151666894213
gift,medium,gift_bizitobs_l2c_h,Timer-4.0,cross_series_dependence,4,1,-0.04183247782512767,-0.04183247782512767,0.0,0.6226460739744393,0.5808135961493116,0.4563877942698008
gift,medium,gift_bizitobs_l2c_h,Timer-4.0,cross_series_dependence,5,1,-0.04924353859230679,-0.04924353859230679,0.0,0.776394967255203,0.7271514286628962,0.2864156913732853
gift,medium,gift_bizitobs_l2c_h,toto2.0,common_factor,1,1,0.0011863073320602657,0.0011863073320602657,1.0,0.6501040992568031,0.6512904065888634,0.22937087211790202
gift,medium,gift_bizitobs_l2c_h,toto2.0,common_factor,2,1,0.004354927992959334,0.004354927992959334,1.0,0.6488126166879316,0.6531675446808909,0.14050518494961753
gift,medium,gift_bizitobs_l2c_h,toto2.0,common_factor,3,1,0.006849273376276277,0.006849273376276277,1.0,0.6475190748472521,0.6543683482235284,0.09435335785743862
gift,medium,gift_bizitobs_l2c_h,toto2.0,common_factor,4,1,0.008361463953824533,0.008361463953824533,1.0,0.6468090537088333,0.6551705176626579,0.07172261505497321
gift,medium,gift_bizitobs_l2c_h,toto2.0,common_factor,5,1,0.010129161766242678,0.010129161766242678,1.0,0.6462328538567352,0.6563620156229779,0.04774993876173848
gift,medium,gift_bizitobs_l2c_h,toto2.0,cross_series_dependence,1,1,-0.012222265529746035,-0.012222265529746035,0.0,0.4003831955576655,0.38816093002791946,0.6139296949737212
gift,medium,gift_bizitobs_l2c_h,toto2.0,cross_series_dependence,2,1,-0.014413677552778448,-0.014413677552778448,0.0,0.4412630884841923,0.4268494109314139,0.3543111850614436
gift,medium,gift_bizitobs_l2c_h,toto2.0,cross_series_dependence,3,1,-0.011955449793219275,-0.011955449793219275,0.0,0.5136018767094254,0.5016464269162061,0.22594790841120996
gift,medium,gift_bizitobs_l2c_h,toto2.0,cross_series_dependence,4,1,-0.013392558489978668,-0.013392558489978668,0.0,0.5492089736635654,0.5358164151735867,0.1875484827141777
gift,medium,gift_bizitobs_l2c_h,toto2.0,cross_series_dependence,5,1,-0.006364480923558902,-0.006364480923558902,0.0,0.7231744028184989,0.71680992189494,0.09935117324456404
gift,medium,gift_bizitobs_service,Chronos-2,covariate_impulse_response,1,42,0.12287050472718042,-0.0021180713022312947,0.40476190476190477,15.828085386626919,15.950955891354099,0.016891838108306183
gift,medium,gift_bizitobs_service,Chronos-2,covariate_impulse_response,2,42,0.11733145407167005,0.0007541454862347585,0.5476190476190477,17.052266504169356,17.16959795824103,0.011170558521129794
gift,medium,gift_bizitobs_service,Chronos-2,covariate_impulse_response,3,42,-0.006451278766833125,0.0005055206453825623,0.5,20.47652365028749,20.47007237152066,0.008511024587791915
gift,medium,gift_bizitobs_service,Chronos-2,covariate_impulse_response,4,42,0.01822488828625419,-0.0011234109887179322,0.4523809523809524,24.573954732484893,24.59217962077115,0.006936254500922712
gift,medium,gift_bizitobs_service,Chronos-2,covariate_impulse_response,5,42,-0.03250278369703693,-0.0017384193533984682,0.47619047619047616,29.834526125488424,29.80202334179139,0.005815216751925398
gift,medium,gift_bizitobs_service,Chronos-2,cross_series_dependence,1,29,0.0534779667567919,0.01845755649486769,0.7241379310344828,14.239091091126395,14.292569057883183,0.03730792210106795
gift,medium,gift_bizitobs_service,Chronos-2,cross_series_dependence,2,29,0.04977910747070645,0.014045163624516022,0.7241379310344828,19.41128836749113,19.46106747496184,0.03158718836582613
gift,medium,gift_bizitobs_service,Chronos-2,cross_series_dependence,3,29,0.042562399257935965,0.007629101032846641,0.6206896551724138,25.744743788264625,25.787306187522557,0.026710181860057237
gift,medium,gift_bizitobs_service,Chronos-2,cross_series_dependence,4,29,0.04774216913336102,0.0033553059549102926,0.5517241379310345,34.42494963493758,34.47269180407095,0.024834731683777474
gift,medium,gift_bizitobs_service,Chronos-2,cross_series_dependence,5,29,0.06166831635449936,0.006132144600044853,0.5172413793103449,47.51943918528955,47.58110750164406,0.024517384830423428
gift,medium,gift_bizitobs_service,Timer-4.0,covariate_impulse_response,1,42,0.22611111322750324,0.0016975811996178258,0.5238095238095238,30.427310531565144,30.653421644792648,0.036466769862098146
gift,medium,gift_bizitobs_service,Timer-4.0,covariate_impulse_response,2,42,0.21330345036590953,0.0023885744702223377,0.5476190476190477,28.010410080298918,28.223713530664842,0.025002093460667448
gift,medium,gift_bizitobs_service,Timer-4.0,covariate_impulse_response,3,42,-0.5336652526200032,-0.0012290182621930157,0.47619047619047616,44.77016000883179,44.23649475621179,0.017504329027878063
gift,medium,gift_bizitobs_service,Timer-4.0,covariate_impulse_response,4,42,-0.5672156859784645,0.00335260921647329,0.5714285714285714,58.257532815757976,57.69031712977951,0.012616733207318577
gift,medium,gift_bizitobs_service,Timer-4.0,covariate_impulse_response,5,42,0.5768019322950617,0.001451172301471626,0.5238095238095238,65.65473481555877,66.23153674785384,0.009043321211847482
gift,medium,gift_bizitobs_service,Timer-4.0,cross_series_dependence,1,29,0.7267569843029522,0.037825060275918254,0.6206896551724138,14.851881461965938,15.57863844626889,0.26353178587251513
gift,medium,gift_bizitobs_service,Timer-4.0,cross_series_dependence,2,29,0.41957393174790714,0.07060502106938493,0.5862068965517241,20.16310504826284,20.582678980010748,0.1973409786180097
gift,medium,gift_bizitobs_service,Timer-4.0,cross_series_dependence,3,29,0.3584779629119931,0.11652884771220862,0.6551724137931034,26.409458253897213,26.767936216809208,0.15800848040084492
gift,medium,gift_bizitobs_service,Timer-4.0,cross_series_dependence,4,29,0.43428384505597706,0.1616110853688273,0.7241379310344828,35.32845678614487,35.762740631200835,0.1312129538532292
gift,medium,gift_bizitobs_service,Timer-4.0,cross_series_dependence,5,29,0.20362967234948867,0.12389534636118604,0.6551724137931034,48.824722714613216,49.028352386962695,0.11561135170070704
gift,medium,gift_bizitobs_service,toto2.0,cross_series_dependence,1,29,0.03661017856215023,-0.029516358880337545,0.3793103448275862,52.838959392440316,52.87556957100247,0.08007239525965824
gift,medium,gift_bizitobs_service,toto2.0,cross_series_dependence,2,29,0.02619813426742885,-0.031445476107840875,0.3448275862068966,59.22664955229665,59.25284768656409,0.05885158238058224
gift,medium,gift_bizitobs_service,toto2.0,cross_series_dependence,3,29,-0.02068837260076099,-0.021094645360264508,0.3793103448275862,68.79215642387214,68.77146805127138,0.04478746611531838
gift,medium,gift_bizitobs_service,toto2.0,cross_series_dependence,4,29,-0.056895733125960975,-0.061147427146629685,0.3448275862068966,83.05728844893466,83.00039271580873,0.035437773695010784
gift,medium,gift_bizitobs_service,toto2.0,cross_series_dependence,5,29,-0.0825464292869524,-0.07001213175928456,0.41379310344827586,102.01502196247306,101.93247553318608,0.03280161376717041
gift,medium,gift_ett1_h,Chronos-2,common_factor,1,4,0.06186079724300608,0.044433587899500915,0.75,1.038298429395391,1.100159226638397,0.5675648617893706
gift,medium,gift_ett1_h,Chronos-2,common_factor,2,4,0.07217620632913815,0.06052362713066772,0.75,1.038991941535944,1.1111681478650821,0.42032192263434226
gift,medium,gift_ett1_h,Chronos-2,common_factor,3,4,0.07324116337748246,0.06751124352826154,0.75,1.0418837025338517,1.1151248659113342,0.31011533884628445
gift,medium,gift_ett1_h,Chronos-2,common_factor,4,4,0.06506819018528848,0.06945131270573701,0.75,1.0503646674014377,1.1154328575867263,0.2036998021958047
gift,medium,gift_ett1_h,Chronos-2,common_factor,5,4,0.0562650805409842,0.06562349835273307,0.75,1.0586285691067496,1.1148936496477337,0.1542922916915362
gift,medium,gift_ett1_h,Chronos-2,cross_series_dependence,1,4,0.012461890514683716,0.029130467492668677,0.75,1.3897919293834433,1.4022538198981271,2.6734333378366926
gift,medium,gift_ett1_h,Chronos-2,cross_series_dependence,2,4,0.02464374625787924,0.06047344852349612,0.75,1.4893069297710841,1.5139506760289636,1.7379593309160666
gift,medium,gift_ett1_h,Chronos-2,cross_series_dependence,3,4,0.07708900134819796,0.12422615414706228,0.75,1.648553874828218,1.725642876176416,1.1385036301936773
gift,medium,gift_ett1_h,Chronos-2,cross_series_dependence,4,4,0.11024072185382494,0.1644301008110547,0.75,1.8916748303836213,2.0019155522374463,0.8457848144611395
gift,medium,gift_ett1_h,Chronos-2,cross_series_dependence,5,4,0.15589518868859792,0.20509233828123885,0.75,2.2127069581511725,2.36860214683977,0.6713894551103483
gift,medium,gift_ett1_h,Timer-4.0,common_factor,1,4,0.07584750009911204,0.07760161471804694,0.75,1.0970832177199084,1.1729307178190203,0.9329745674490766
gift,medium,gift_ett1_h,Timer-4.0,common_factor,2,4,0.09349734616667071,0.07866628479054472,1.0,1.1177055496323602,1.211202895799031,0.5656028644913592
gift,medium,gift_ett1_h,Timer-4.0,common_factor,3,4,0.09055954068359043,0.0642122222013049,1.0,1.1541429558899623,1.2447024965735527,0.37042932375432946
gift,medium,gift_ett1_h,Timer-4.0,common_factor,4,4,0.06680047123683713,0.040331411240096204,0.75,1.2197591750818102,1.2865596463186473,0.19959254763878193
gift,medium,gift_ett1_h,Timer-4.0,common_factor,5,4,0.0618404766270903,0.031795306710163285,0.75,1.2584039348644742,1.3202444114915646,0.14846904850515572
gift,medium,gift_ett1_h,Timer-4.0,cross_series_dependence,1,4,-0.017218353872645975,-0.0017584236823987576,0.5,1.4009367917299873,1.3837184378573413,2.159883873337488
gift,medium,gift_ett1_h,Timer-4.0,cross_series_dependence,2,4,-0.02631591168995473,0.00026338378048884614,0.5,1.4894654579318876,1.4631495462419328,1.4247892981090082
gift,medium,gift_ett1_h,Timer-4.0,cross_series_dependence,3,4,-0.06253682452077858,-0.08014427747273012,0.25,1.670642978213246,1.6081061536924675,0.9783190185964509
gift,medium,gift_ett1_h,Timer-4.0,cross_series_dependence,4,4,-0.08315569297809933,-0.11630831262949082,0.25,1.9199313027408216,1.8367756097627224,0.7034917295446134
gift,medium,gift_ett1_h,Timer-4.0,cross_series_dependence,5,4,-0.12173436300741874,-0.17875978196577502,0.25,2.289854378838654,2.168120015831235,0.595526996795986
gift,medium,gift_ett1_h,toto2.0,common_factor,1,4,0.059107955011692526,0.05353481919465386,0.75,1.5547407460772629,1.6138487010889555,0.42738573630994564
gift,medium,gift_ett1_h,toto2.0,common_factor,2,4,0.06049312095316123,0.05673678469902321,0.75,1.5953424295136012,1.6558355504667623,0.26039746408027326
gift,medium,gift_ett1_h,toto2.0,common_factor,3,4,0.06134032612559909,0.05970941740629998,0.75,1.6315539243184936,1.6928942504440925,0.17860664316481056
gift,medium,gift_ett1_h,toto2.0,common_factor,4,4,0.06243014741231129,0.05954168805476956,0.75,1.7080032938962808,1.770433441308592,0.11670581755251061
gift,medium,gift_ett1_h,toto2.0,common_factor,5,4,0.06309090566283748,0.05968231959098924,0.75,1.7584984719320338,1.8215893775948713,0.08858226605950177
gift,medium,gift_ett1_h,toto2.0,cross_series_dependence,1,4,-0.028872361428721627,-0.02705691750716377,0.25,1.362044497640168,1.3331721362114464,1.0887036060078858
gift,medium,gift_ett1_h,toto2.0,cross_series_dependence,2,4,-0.02284459204105821,-0.024706798295852095,0.25,1.420369104127396,1.3975245120863375,0.709673930651723
gift,medium,gift_ett1_h,toto2.0,cross_series_dependence,3,4,-0.014826342426002503,-0.013722597932611547,0.25,1.5467729825755097,1.5319466401495072,0.4802527695019732
gift,medium,gift_ett1_h,toto2.0,cross_series_dependence,4,4,0.0037968479814593503,-0.016022037659834898,0.5,1.7311917165272521,1.7349885645087115,0.43232175078272694
gift,medium,gift_ett1_h,toto2.0,cross_series_dependence,5,4,0.03581774833614371,0.008613401767521567,0.5,1.9893079796533513,2.025125727989495,0.4487049570843208
gift,medium,gift_ett2_h,Chronos-2,common_factor,1,4,-0.02599999384785065,-0.025762734767561635,0.25,0.9362767776665812,0.9102767838187306,0.5998322436388083
gift,medium,gift_ett2_h,Chronos-2,common_factor,2,4,-0.017395625298995354,-0.016492861396550262,0.5,0.9445756194686818,0.9271799941696865,0.38224933302732245
gift,medium,gift_ett2_h,Chronos-2,common_factor,3,4,0.008907978669122602,0.014640159375894413,0.5,0.9485418782557513,0.9574498569248739,0.3300196614909804
gift,medium,gift_ett2_h,Chronos-2,common_factor,4,4,0.04031982788044622,0.04042235504029951,0.5,0.9393613364286387,0.979681164309085,0.3123670142599281
gift,medium,gift_ett2_h,Chronos-2,common_factor,5,4,0.0939312626407525,0.06783037610962,0.75,0.9182679700465006,1.012199232687253,0.2965137325852013
gift,medium,gift_ett2_h,Chronos-2,cross_series_dependence,1,4,-0.08104828841455186,-0.02302682146763435,0.5,0.9078661056349208,0.8268178172203691,2.7665488098759106
gift,medium,gift_ett2_h,Chronos-2,cross_series_dependence,2,4,-0.09088092907868653,-0.028772359930512914,0.25,0.9091474617445887,0.8182665326659023,2.0437630477068294
gift,medium,gift_ett2_h,Chronos-2,cross_series_dependence,3,4,-0.11248136431983327,-0.04585692950813114,0.25,0.92143224115136,0.8089508768315268,1.4564229164890996
gift,medium,gift_ett2_h,Chronos-2,cross_series_dependence,4,4,-0.1362932478169549,-0.0727417087798754,0.25,0.9598274517784825,0.8235342039615277,1.1591703140716978
gift,medium,gift_ett2_h,Chronos-2,cross_series_dependence,5,4,-0.15560703952554417,-0.08554284933644196,0.25,1.0198232431331797,0.8642162036076354,0.8903269762026076
gift,medium,gift_ett2_h,Timer-4.0,common_factor,1,4,-0.03851830538821807,0.0017100255525692165,0.5,1.3989631937360136,1.3604448883477958,0.6292659511616866
gift,medium,gift_ett2_h,Timer-4.0,common_factor,2,4,0.002388396290035455,0.02154177657121409,0.75,1.2710195818454233,1.2734079781354588,0.35397933853403685
gift,medium,gift_ett2_h,Timer-4.0,common_factor,3,4,0.03238764399951918,0.026900672489530097,0.75,1.1984055883704787,1.230793232369998,0.27067353215028933
gift,medium,gift_ett2_h,Timer-4.0,common_factor,4,4,0.07112961325126513,0.008538097871135075,0.75,1.213390335940705,1.28451994919197,0.16902230205496804
gift,medium,gift_ett2_h,Timer-4.0,common_factor,5,4,0.12906641563651866,0.031177473241505993,0.75,1.2839487572902595,1.4130151729267784,0.11125954528899859
gift,medium,gift_ett2_h,Timer-4.0,cross_series_dependence,1,4,0.023601953583251567,0.017854657817976072,0.75,0.8473082834466648,0.8709102370299164,1.561708077208208
gift,medium,gift_ett2_h,Timer-4.0,cross_series_dependence,2,4,0.009914889616325695,0.03855522419291091,0.75,0.8533313013622217,0.8632461909785474,1.1199217201625822
gift,medium,gift_ett2_h,Timer-4.0,cross_series_dependence,3,4,-0.016998083512040796,0.009882993230115378,0.5,0.9085460682759516,0.891547984763911,0.7585419996393011
gift,medium,gift_ett2_h,Timer-4.0,cross_series_dependence,4,4,-0.044040201854730704,-0.04301837201354325,0.5,1.0339443440791205,0.9899041422243897,0.37253885174505114
gift,medium,gift_ett2_h,Timer-4.0,cross_series_dependence,5,4,-0.02417919628250373,-0.014011139166029418,0.5,1.1718271457723322,1.1476479494898284,0.2101075552257512
gift,medium,gift_ett2_h,toto2.0,common_factor,1,4,-0.12964913236559644,-0.10693297355502052,0.25,1.4204020425733155,1.290752910207719,0.6172267366552392
gift,medium,gift_ett2_h,toto2.0,common_factor,2,4,-0.13529790665980662,-0.11875726247309792,0.25,1.4367234803428777,1.3014255736830709,0.38747725927745696
gift,medium,gift_ett2_h,toto2.0,common_factor,3,4,-0.1453746792528131,-0.12752574528791283,0.25,1.4823264722287028,1.3369517929758898,0.31260801346121214
gift,medium,gift_ett2_h,toto2.0,common_factor,4,4,-0.1280878884011137,-0.13335848033381703,0.25,1.5791271302984051,1.4510392418972913,0.24186876331183046
gift,medium,gift_ett2_h,toto2.0,common_factor,5,4,-0.10530328687465201,-0.11726429310183983,0.25,1.64882424645738,1.543520959582728,0.21269066288093513
gift,medium,gift_ett2_h,toto2.0,cross_series_dependence,1,4,-0.1596657266898815,-0.1773874062171228,0.0,1.464221781523291,1.3045560548334094,1.9936049889119116
gift,medium,gift_ett2_h,toto2.0,cross_series_dependence,2,4,-0.16404296848672534,-0.1850560349460908,0.0,1.5041952765600715,1.340152308073346,1.4658547670092559
gift,medium,gift_ett2_h,toto2.0,cross_series_dependence,3,4,-0.171109368577552,-0.19088472269681023,0.0,1.6155908776946086,1.4444815091170569,0.9957888058517428
gift,medium,gift_ett2_h,toto2.0,cross_series_dependence,4,4,-0.16614594452638543,-0.18147586461398346,0.0,1.7476850124953338,1.5815390679689485,0.7361632750973914
gift,medium,gift_ett2_h,toto2.0,cross_series_dependence,5,4,-0.1601721069558617,-0.1854450251519495,0.25,1.8988290130172976,1.7386569060614359,0.5298911313047239
gift,medium,gift_jena_weather_h,Chronos-2,common_factor,1,2,-0.10569245541421357,-0.10569245541421357,0.0,0.993119492093125,0.8874270366789114,0.8094186951070181
gift,medium,gift_jena_weather_h,Chronos-2,common_factor,2,2,-0.11294847601763008,-0.11294847601763008,0.0,0.9891202089181844,0.8761717329005543,0.49666611471582944
gift,medium,gift_jena_weather_h,Chronos-2,common_factor,3,2,-0.11928025609237092,-0.11928025609237092,0.0,0.9841236064637374,0.8648433503713665,0.2923115864314846
gift,medium,gift_jena_weather_h,Chronos-2,common_factor,4,2,-0.11724601254112904,-0.11724601254112904,0.0,0.9762683513264849,0.8590223387853559,0.17531202392175615
gift,medium,gift_jena_weather_h,Chronos-2,common_factor,5,2,-0.12155915822256963,-0.12155915822256963,0.0,0.9778505301030558,0.8562913718804861,0.13930187583091005
gift,medium,gift_jena_weather_h,Chronos-2,cross_series_dependence,1,2,0.0424967382760284,0.0424967382760284,0.5,1.2489147008310382,1.2914114391070668,1.8182605985023619
gift,medium,gift_jena_weather_h,Chronos-2,cross_series_dependence,2,2,0.027630635406632353,0.027630635406632353,0.5,1.2682544820495947,1.295885117456227,1.068330496397922
gift,medium,gift_jena_weather_h,Chronos-2,cross_series_dependence,3,2,0.014583996278635936,0.014583996278635936,0.5,1.2895181071398054,1.3041021034184412,0.7651738626554847
gift,medium,gift_jena_weather_h,Chronos-2,cross_series_dependence,4,2,0.005592686868646224,0.005592686868646224,0.5,1.3051308646639108,1.3107235515325568,0.610976103919743
gift,medium,gift_jena_weather_h,Chronos-2,cross_series_dependence,5,2,-0.028739977118541593,-0.028739977118541593,0.5,1.343185781050507,1.3144458039319655,0.5039820913144375
gift,medium,gift_jena_weather_h,Timer-4.0,common_factor,1,2,-0.07673381865635998,-0.07673381865635998,0.5,1.0715679905561035,0.9948341718997435,0.8124038744900256
gift,medium,gift_jena_weather_h,Timer-4.0,common_factor,2,2,-0.11612051561901016,-0.11612051561901016,0.5,1.0748005368465452,0.9586800212275349,0.5285987172835027
gift,medium,gift_jena_weather_h,Timer-4.0,common_factor,3,2,-0.11055783452332663,-0.11055783452332663,0.0,1.0747051860373311,0.9641473515140044,0.29818830311801625
gift,medium,gift_jena_weather_h,Timer-4.0,common_factor,4,2,-0.07213665947816394,-0.07213665947816394,0.0,1.0635796328512424,0.9914429733730784,0.21684140457258927
gift,medium,gift_jena_weather_h,Timer-4.0,common_factor,5,2,-0.03303071014956216,-0.03303071014956216,0.5,1.0423696674740806,1.0093389573245184,0.17795020219502186
gift,medium,gift_jena_weather_h,Timer-4.0,cross_series_dependence,1,2,-0.10495182400575331,-0.10495182400575331,0.5,1.0869888585577467,0.9820370345519933,1.9481375911727317
gift,medium,gift_jena_weather_h,Timer-4.0,cross_series_dependence,2,2,-0.06306212417406087,-0.06306212417406087,0.5,1.0777601418024498,1.0146980176283888,0.9995166658313099
gift,medium,gift_jena_weather_h,Timer-4.0,cross_series_dependence,3,2,-0.015517229968245339,-0.015517229968245339,0.5,1.0743402597404363,1.058823029772191,0.5352827750659738
gift,medium,gift_jena_weather_h,Timer-4.0,cross_series_dependence,4,2,0.012324962723051947,0.012324962723051947,0.5,1.0800644968134767,1.0923894595365287,0.33857061813938527
gift,medium,gift_jena_weather_h,Timer-4.0,cross_series_dependence,5,2,0.049661775400409,0.049661775400409,1.0,1.1035022149758664,1.1531639903762754,0.20692097646106705
gift,medium,gift_jena_weather_h,toto2.0,common_factor,1,2,-0.03196160626183531,-0.03196160626183531,0.5,1.9322656454801534,1.9003040392183181,0.33728532041293197
gift,medium,gift_jena_weather_h,toto2.0,common_factor,2,2,-0.029282968305477497,-0.029282968305477497,0.5,1.9528091980085178,1.9235262297030404,0.24367105898686328
gift,medium,gift_jena_weather_h,toto2.0,common_factor,3,2,-0.023833205494580345,-0.023833205494580345,0.5,1.986985971548501,1.9631527660539208,0.18729739988068894
gift,medium,gift_jena_weather_h,toto2.0,common_factor,4,2,-0.03457323731327533,-0.03457323731327533,0.5,2.03835553656782,2.003782299254545,0.13268695916267745
gift,medium,gift_jena_weather_h,toto2.0,common_factor,5,2,-0.04669632237847454,-0.04669632237847454,0.5,2.073378434365253,2.0266821119867786,0.09918706460912312
gift,medium,gift_jena_weather_h,toto2.0,cross_series_dependence,1,2,0.022789265725700503,0.022789265725700503,0.5,2.3902521796880043,2.413041445413705,1.0171936056846804
gift,medium,gift_jena_weather_h,toto2.0,cross_series_dependence,2,2,0.04198440788999114,0.04198440788999114,0.5,2.464743200425703,2.5067276083156944,0.6135069080764709
gift,medium,gift_jena_weather_h,toto2.0,cross_series_dependence,3,2,0.051089568331903035,0.051089568331903035,0.5,2.5601019521015402,2.611191520433443,0.4706516011732238
gift,medium,gift_jena_weather_h,toto2.0,cross_series_dependence,4,2,0.018519013924987338,0.018519013924987338,0.5,2.6461921186264443,2.6647111325514317,0.4234108606994024
gift,medium,gift_jena_weather_h,toto2.0,cross_series_dependence,5,2,-0.004652623111615073,-0.004652623111615073,0.5,2.7688083934875642,2.7641557703759494,0.33182477082281125
gift,medium,gift_m_dense_h,Chronos-2,covariate_impulse_response,1,120,-0.0008115544645297299,-0.0007354745204395385,0.43333333333333335,0.7525881642564087,0.751776609791879,0.09586735818786299
gift,medium,gift_m_dense_h,Chronos-2,covariate_impulse_response,2,120,-0.0006968928482042475,-0.00033111460603560405,0.48333333333333334,0.7999879327095049,0.7992910398613006,0.0703176736154493
gift,medium,gift_m_dense_h,Chronos-2,covariate_impulse_response,3,120,-0.0018807658074804334,-0.0009331730208381739,0.4583333333333333,0.842787803148432,0.8409070373409515,0.05764223063132475
gift,medium,gift_m_dense_h,Chronos-2,covariate_impulse_response,4,120,-0.00013545221313279268,0.0004845842106602216,0.5083333333333333,0.880401285920121,0.8802658337069881,0.04840456966046461
gift,medium,gift_m_dense_h,Chronos-2,covariate_impulse_response,5,120,-0.0002978412173226359,0.0006677524547650804,0.5333333333333333,0.9556022545227937,0.955304413305471,0.04047013067900238
gift,medium,gift_m_dense_h,Timer-4.0,covariate_impulse_response,1,120,-0.0006526273103388727,-0.00039684043190890694,0.4666666666666667,0.7279890973291305,0.7273364700187916,0.06669272911193312
gift,medium,gift_m_dense_h,Timer-4.0,covariate_impulse_response,2,120,-0.0007132870542105471,-0.0011464638182368536,0.36666666666666664,0.7775510945311095,0.7768378074768989,0.0442174971424044
gift,medium,gift_m_dense_h,Timer-4.0,covariate_impulse_response,3,120,-0.0001775133227899822,-0.0010910929176953799,0.4166666666666667,0.8524836626770502,0.8523061493542602,0.03335588553584195
gift,medium,gift_m_dense_h,Timer-4.0,covariate_impulse_response,4,120,-0.00015701257038793723,-0.0012064261408700205,0.43333333333333335,0.9701476016851932,0.9699905891148054,0.025249274247506906
gift,medium,gift_m_dense_h,Timer-4.0,covariate_impulse_response,5,120,-0.0011595089479512146,-0.0010686681412971077,0.425,1.117287111327678,1.116127602379727,0.01942252968682495
gift,short,gift_bitbrains_fast_h,Chronos-2,covariate_impulse_response,1,2393,-0.013668476936705986,0.00015180203588855898,0.5185959047221061,1.2043508632276356,1.1906823862909295,0.14441690387681627
gift,short,gift_bitbrains_fast_h,Chronos-2,covariate_impulse_response,2,2393,-0.024440851883417415,0.00019075148394387398,0.523192645215211,1.1906791199310818,1.1662382680476644,0.09801162842376464
gift,short,gift_bitbrains_fast_h,Chronos-2,covariate_impulse_response,3,2393,-0.022696055404666356,8.793790593797368e-05,0.5089845382365232,1.1924787728141069,1.1697827174094404,0.0717652423520541
gift,short,gift_bitbrains_fast_h,Chronos-2,covariate_impulse_response,4,2393,-0.019286945993175857,0.00011610661420164564,0.5102381947346427,1.1493178898423198,1.1300309438491438,0.05267671962043241
gift,short,gift_bitbrains_fast_h,Chronos-2,covariate_impulse_response,5,2393,-0.02043036785203558,0.0003339442053544861,0.5265357292101964,1.1222102222798893,1.1017798544278534,0.041425483500900716
gift,short,gift_bitbrains_fast_h,Chronos-2,cross_series_dependence,1,2336,-0.001307397260765397,0.00014675729961969447,0.5196917808219178,0.916690231151555,0.9153828338907898,0.32152687612983066
gift,short,gift_bitbrains_fast_h,Chronos-2,cross_series_dependence,2,2336,-0.001138734058887042,0.00020908325388990312,0.5196917808219178,0.9547241258391606,0.9535853917802735,0.22997988483193224
gift,short,gift_bitbrains_fast_h,Chronos-2,cross_series_dependence,3,2336,-0.0004033727532605833,0.00034473041303034746,0.53125,1.010092086422173,1.0096887136689123,0.18203972924683673
gift,short,gift_bitbrains_fast_h,Chronos-2,cross_series_dependence,4,2336,0.0009677257739059218,0.0004928029445721016,0.5462328767123288,1.1013499912578317,1.102317717031738,0.15690181861190852
gift,short,gift_bitbrains_fast_h,Chronos-2,cross_series_dependence,5,2336,0.002685048922600953,0.0009940925663640965,0.5603595890410958,1.2335264577090634,1.2362115066316643,0.1384564202023018
gift,short,gift_bitbrains_fast_h,Timer-4.0,covariate_impulse_response,1,2393,0.00013162250412938426,5.6332722094376564e-05,0.5114918512327622,1.1109553111169799,1.1110869336211093,0.05555332738975576
gift,short,gift_bitbrains_fast_h,Timer-4.0,covariate_impulse_response,2,2393,-0.00044293931190270245,9.270282414264308e-05,0.511073965733389,1.1348784187534402,1.1344354794415374,0.03631275747029072
gift,short,gift_bitbrains_fast_h,Timer-4.0,covariate_impulse_response,3,2393,0.003297940122700417,2.8193956467192915e-05,0.5043877977434184,1.158014697936733,1.1613126380594334,0.026169715729614584
gift,short,gift_bitbrains_fast_h,Timer-4.0,covariate_impulse_response,4,2393,0.002346244993041649,0.00014799848394869697,0.5173422482239867,1.207273391170654,1.2096196361636955,0.019390671981930584
gift,short,gift_bitbrains_fast_h,Timer-4.0,covariate_impulse_response,5,2393,0.00494573421373803,1.993263214250529e-05,0.5022983702465524,1.2283529518243739,1.2332986860381117,0.015402596626751659
gift,short,gift_bitbrains_fast_h,Timer-4.0,cross_series_dependence,1,2336,-0.001888368571782172,-2.131680183758977e-08,0.4987157534246575,0.9225065051868282,0.9206181366150461,0.24508519568199771
gift,short,gift_bitbrains_fast_h,Timer-4.0,cross_series_dependence,2,2336,-0.00288635688850292,-0.00027361393560737524,0.4704623287671233,0.9605742194114475,0.9576878625229445,0.19657051408222923
gift,short,gift_bitbrains_fast_h,Timer-4.0,cross_series_dependence,3,2336,-0.005725802848777953,-0.0005747643792921378,0.4520547945205479,1.0274257007168006,1.0216998978680227,0.1672194225185357
gift,short,gift_bitbrains_fast_h,Timer-4.0,cross_series_dependence,4,2336,-0.005082623128863658,-0.0009187237754779073,0.4289383561643836,1.1121416904015147,1.107059067272651,0.14422006855343592
gift,short,gift_bitbrains_fast_h,Timer-4.0,cross_series_dependence,5,2336,-0.004745342689593231,-0.0013931196441806515,0.4122431506849315,1.2223854041559785,1.2176400614663851,0.11946739270665017
gift,short,gift_bitbrains_fast_h,tirex2,covariate_impulse_response,1,2393,6.941982050463244e-05,9.01328507090654e-05,0.5290430422064354,1.300590891777327,1.3006603115978315,0.03073967587212255
gift,short,gift_bitbrains_fast_h,tirex2,covariate_impulse_response,2,2393,7.008112720099326e-05,0.00010817439874843959,0.5282072712076891,1.310858976613552,1.310929057740753,0.020492769589860307
gift,short,gift_bitbrains_fast_h,tirex2,covariate_impulse_response,3,2393,-0.0004155001012402166,9.938595824932062e-05,0.5236105307145842,1.319002881230891,1.318587381129651,0.015048853414055185
gift,short,gift_bitbrains_fast_h,tirex2,covariate_impulse_response,4,2393,-0.00027435647455735106,0.00011434040493703973,0.5219389887170915,1.3422990876340979,1.3420247311595404,0.01120138560350905
gift,short,gift_bitbrains_fast_h,tirex2,covariate_impulse_response,5,2393,-0.0005124358660511866,0.00010823209928645383,0.520685332218972,1.3704369093821775,1.3699244735161265,0.008849670419701694
gift,short,gift_bitbrains_fast_h,tirex2,cross_series_dependence,1,2336,6.308159513690517e-05,-8.91373315611739e-05,0.4683219178082192,0.9288621643599273,0.9289252459550642,0.08049818018318068
gift,short,gift_bitbrains_fast_h,tirex2,cross_series_dependence,2,2336,-2.2109589970194857e-05,-5.3913549499351454e-05,0.480736301369863,0.9702095807610406,0.9701874711710702,0.054896611720061904
gift,short,gift_bitbrains_fast_h,tirex2,cross_series_dependence,3,2336,0.00031776580222541085,-3.6663887048440924e-05,0.4888698630136986,1.0292970454782575,1.0296148112804828,0.04132779532617121
gift,short,gift_bitbrains_fast_h,tirex2,cross_series_dependence,4,2336,0.0004719767341268088,9.943410891610771e-06,0.504708904109589,1.1206882614265654,1.1211602381606924,0.03112781920838146
gift,short,gift_bitbrains_fast_h,tirex2,cross_series_dependence,5,2336,4.871360664360207e-05,-1.6838614816356602e-05,0.4965753424657534,1.2355226315062862,1.2355713451129298,0.024061100068244138
gift,short,gift_bitbrains_fast_h,toto2.0,cross_series_dependence,1,2336,0.0020758011767023597,0.0002581971937161677,0.5663527397260274,0.9363036947195711,0.9383794958962736,0.5259224176897036
gift,short,gift_bitbrains_fast_h,toto2.0,cross_series_dependence,2,2336,0.002727711517093734,0.00039798973316210184,0.5616438356164384,0.9747815541575581,0.9775092656746518,0.3840169560246394
gift,short,gift_bitbrains_fast_h,toto2.0,cross_series_dependence,3,2336,-0.0031553323838228228,0.00036150759967379376,0.5607876712328768,1.0334751267702023,1.0303197943863793,0.30395146206219414
gift,short,gift_bitbrains_fast_h,toto2.0,cross_series_dependence,4,2336,-0.019036873285431154,0.00035738153504694006,0.550513698630137,1.1187533438410056,1.0997164705555744,0.24454194056268175
gift,short,gift_bitbrains_fast_h,toto2.0,cross_series_dependence,5,2336,-0.03614251087965939,0.00027700018205320206,0.5368150684931506,1.231214576356831,1.1950720654771714,0.19640085357721776
gift,short,gift_bitbrains_rnd_h,Chronos-2,covariate_impulse_response,1,967,0.001333102628193004,7.483084880188784e-05,0.5108583247156153,5.5074568240986395,5.508789926726831,0.12231683127735997
gift,short,gift_bitbrains_rnd_h,Chronos-2,covariate_impulse_response,2,967,0.00203941099468303,0.0004801277053848585,0.5346432264736298,5.503973346678396,5.506012757673077,0.08243015942877721
gift,short,gift_bitbrains_rnd_h,Chronos-2,covariate_impulse_response,3,967,0.0033224590300243257,0.00034038344462238024,0.5243019648397105,5.49687687931686,5.500199338346884,0.06196094556439467
gift,short,gift_bitbrains_rnd_h,Chronos-2,covariate_impulse_response,4,967,0.0046267369904471195,0.0007132133580725342,0.5429162357807652,5.487365074771998,5.4919918117624436,0.047617073714111426
gift,short,gift_bitbrains_rnd_h,Chronos-2,covariate_impulse_response,5,967,0.005616746117264335,0.0008557955980088572,0.5491209927611168,5.468872471780964,5.474489217898228,0.03838388247447217
gift,short,gift_bitbrains_rnd_h,Chronos-2,cross_series_dependence,1,927,-0.003509613530736212,0.00038980699322088697,0.5555555555555556,5.7585190651251885,5.755009451594451,0.22825054104710135
gift,short,gift_bitbrains_rnd_h,Chronos-2,cross_series_dependence,2,927,-0.003755588184558117,0.00043309168170119205,0.5469255663430421,5.802337311735296,5.798581723550738,0.16166470107115008
gift,short,gift_bitbrains_rnd_h,Chronos-2,cross_series_dependence,3,927,-0.004900719321698394,0.0004574531737143728,0.5415318230852212,5.867885471802799,5.862984752481101,0.12758951830862425
gift,short,gift_bitbrains_rnd_h,Chronos-2,cross_series_dependence,4,927,-0.00646844626559011,0.00040021974779058667,0.5372168284789643,5.961963624529574,5.955495178263983,0.10703172374414831
gift,short,gift_bitbrains_rnd_h,Chronos-2,cross_series_dependence,5,927,-0.007571412199414328,0.0007041451095979312,0.5609492988133765,6.101954732212525,6.09438332001311,0.08775905603355515
gift,short,gift_bitbrains_rnd_h,Timer-4.0,covariate_impulse_response,1,967,-0.0010847736439724349,-0.00019070101268370276,0.46639089968976216,5.585293374903698,5.584208601259726,0.05922218111332448
gift,short,gift_bitbrains_rnd_h,Timer-4.0,covariate_impulse_response,2,967,0.000388517106831167,-5.18685155928289e-05,0.49120992761116855,5.613198212505512,5.613586729612343,0.038404135684951636
gift,short,gift_bitbrains_rnd_h,Timer-4.0,covariate_impulse_response,3,967,-0.00011097285749306964,-0.00011548037539366174,0.48190279214064113,5.640168993449111,5.64005802059162,0.02724731877141638
gift,short,gift_bitbrains_rnd_h,Timer-4.0,covariate_impulse_response,4,967,0.000672589083211276,8.008567089456964e-05,0.5067218200620476,5.662925329444956,5.663597918528168,0.0199151661808447
gift,short,gift_bitbrains_rnd_h,Timer-4.0,covariate_impulse_response,5,967,0.001820264082449185,-0.00017511030551320417,0.4788004136504654,5.675673842532725,5.677494106615175,0.015419460327251657
gift,short,gift_bitbrains_rnd_h,Timer-4.0,cross_series_dependence,1,927,-0.000313806344180766,0.0001735012049192651,0.5210355987055016,5.750391743985777,5.750077937641596,0.18683542371270367
gift,short,gift_bitbrains_rnd_h,Timer-4.0,cross_series_dependence,2,927,-0.0011966006721828796,-0.00016287171904527664,0.47680690399137,5.7929591315770725,5.791762530904888,0.14661327647588043
gift,short,gift_bitbrains_rnd_h,Timer-4.0,cross_series_dependence,3,927,-0.0015075056132745931,-0.0005753931501844001,0.45415318230852214,5.855585232904822,5.854077727291546,0.1272191793455644
gift,short,gift_bitbrains_rnd_h,Timer-4.0,cross_series_dependence,4,927,-0.001382965795261186,-0.00031072530380193975,0.47896440129449835,5.954677254810588,5.953294289015327,0.1112181724779297
gift,short,gift_bitbrains_rnd_h,Timer-4.0,cross_series_dependence,5,927,-0.002461822665548548,-0.0014042579580633152,0.43797195253505933,6.098893701135461,6.096431878469912,0.09421709200597997
gift,short,gift_bitbrains_rnd_h,tirex2,covariate_impulse_response,1,967,0.0007687077524997407,0.00014044172216476358,0.5377456049638056,5.602844691217106,5.603613398969606,0.03469796234890995
gift,short,gift_bitbrains_rnd_h,tirex2,covariate_impulse_response,2,967,0.0004655118031032229,0.00012997623042021456,0.5377456049638056,5.633382352694231,5.633847864497334,0.02393872880611065
gift,short,gift_bitbrains_rnd_h,tirex2,covariate_impulse_response,3,967,0.0006957137579402394,9.517576273687656e-05,0.5118924508790073,5.667404159151895,5.668099872909834,0.017425923615558576
gift,short,gift_bitbrains_rnd_h,tirex2,covariate_impulse_response,4,967,0.0003933570708425514,0.0001262926607560333,0.5201654601861427,5.699927521319962,5.700320878390803,0.013077509576539486
gift,short,gift_bitbrains_rnd_h,tirex2,covariate_impulse_response,5,967,8.810746573595179e-05,-4.685639093319517e-05,0.4984488107549121,5.738854541135048,5.738942648600784,0.010338259350496383
gift,short,gift_bitbrains_rnd_h,tirex2,cross_series_dependence,1,927,-7.558347216912237e-06,-7.469125337249832e-05,0.46494066882416396,5.781438531773188,5.78143097342597,0.06056690695272213
gift,short,gift_bitbrains_rnd_h,tirex2,cross_series_dependence,2,927,-0.0006056496190043697,-0.00010226785958095119,0.4627831715210356,5.825163447403003,5.824557797784,0.04015838550594538
gift,short,gift_bitbrains_rnd_h,tirex2,cross_series_dependence,3,927,0.0004187377454152761,3.019053956188067e-05,0.5091693635382956,5.883696455692076,5.884115193437492,0.02898889390671066
gift,short,gift_bitbrains_rnd_h,tirex2,cross_series_dependence,4,927,-0.000521986996031609,-2.3490517925786603e-05,0.4929881337648328,5.977220757740548,5.976698770744518,0.0228718483777441
gift,short,gift_bitbrains_rnd_h,tirex2,cross_series_dependence,5,927,-0.0003023844075787374,3.109562001790689e-05,0.505933117583603,6.1110647976012835,6.110762413193705,0.017504715424050465
gift,short,gift_bitbrains_rnd_h,toto2.0,cross_series_dependence,1,927,0.09301303587070678,0.00047685453020795965,0.5782092772384034,5.6116504709917,5.704663506862407,0.4620024897974955
gift,short,gift_bitbrains_rnd_h,toto2.0,cross_series_dependence,2,927,0.0901807812754553,0.0007643936589010331,0.5868392664509169,5.661026160027852,5.751206941303308,0.3957361131745853
gift,short,gift_bitbrains_rnd_h,toto2.0,cross_series_dependence,3,927,0.05111367614700547,0.0011228293217012686,0.5911542610571737,5.774278235768253,5.825391911915259,0.3337771239042451
gift,short,gift_bitbrains_rnd_h,toto2.0,cross_series_dependence,4,927,-0.009710643664235923,0.0009554336677906061,0.56957928802589,5.939069585339663,5.929358941675427,0.27849556907906203
gift,short,gift_bitbrains_rnd_h,toto2.0,cross_series_dependence,5,927,-0.04909606598005931,0.0011509967298836687,0.5803667745415318,6.115270461763809,6.066174395783752,0.24341490568700921
gift,short,gift_bizitobs_application,Chronos-2,covariate_impulse_response,1,15,-0.008297315930836524,0.0032007083801797176,0.5333333333333333,2.457518003724911,2.449220687794074,0.007981753568517496
gift,short,gift_bizitobs_application,Chronos-2,covariate_impulse_response,2,15,-0.014128553736339674,-0.00818090989910103,0.3333333333333333,2.495009616091784,2.4808810623554445,0.006465410063486397
gift,short,gift_bizitobs_application,Chronos-2,covariate_impulse_response,3,15,-0.017040781736772776,-0.007046258522208637,0.2,2.362844289299986,2.3458035075632133,0.006784199234592596
gift,short,gift_bizitobs_application,Chronos-2,covariate_impulse_response,4,15,-0.02028255058557151,-0.0022176789233898653,0.26666666666666666,2.542457097864272,2.5221745472787016,0.004642908221264544
gift,short,gift_bizitobs_application,Chronos-2,covariate_impulse_response,5,15,-0.019054345303735783,0.00014521629267560954,0.5333333333333333,2.7683302175350337,2.7492758722312973,0.0033625501731525064
gift,short,gift_bizitobs_application,Chronos-2,cross_series_dependence,1,15,0.039546898412123256,0.01497512901198128,0.5333333333333333,6.456675524705513,6.4962224231176355,0.02893754283775112
gift,short,gift_bizitobs_application,Chronos-2,cross_series_dependence,2,15,0.04438668266334449,0.01933922342131522,0.6,8.248789115340005,8.293175798003345,0.021831031077146103
gift,short,gift_bizitobs_application,Chronos-2,cross_series_dependence,3,15,0.03715802121406135,0.007325734496145486,0.6,10.742488822715504,10.779646843929564,0.015897285920140575
gift,short,gift_bizitobs_application,Chronos-2,cross_series_dependence,4,15,-2.0527230418254662e-05,0.0034611315128629805,0.5333333333333333,14.196969270209989,14.196948742979572,0.0060998218318589
gift,short,gift_bizitobs_application,Chronos-2,cross_series_dependence,5,15,-0.02192766119187252,-0.012826805402062935,0.4,19.610855876500327,19.58892821530845,0.0051311355301670745
gift,short,gift_bizitobs_application,Timer-4.0,covariate_impulse_response,1,15,-0.02320376490154861,-0.014358371798516956,0.26666666666666666,3.166907344800744,3.1437035798991952,0.023345355349890948
gift,short,gift_bizitobs_application,Timer-4.0,covariate_impulse_response,2,15,0.0031292266926361187,0.0039168341071937895,0.5333333333333333,3.1354309998777308,3.138560226570367,0.01944542384581764
gift,short,gift_bizitobs_application,Timer-4.0,covariate_impulse_response,3,15,-0.012285171111217312,-0.015314468610944765,0.26666666666666666,3.2396821987137927,3.2273970276025747,0.01132122233194376
gift,short,gift_bizitobs_application,Timer-4.0,covariate_impulse_response,4,15,-0.00736692289124606,-0.007448186869526197,0.3333333333333333,3.340453287159275,3.3330863642680284,0.00846587654069459
gift,short,gift_bizitobs_application,Timer-4.0,covariate_impulse_response,5,15,0.012753651261808238,0.002346140283317144,0.6,3.442651702069566,3.4554053533313738,0.007532253752154072
gift,short,gift_bizitobs_application,Timer-4.0,cross_series_dependence,1,15,0.007973886179895561,0.05030144890419841,0.6,5.800073375004131,5.808047261184027,0.21269065326511524
gift,short,gift_bizitobs_application,Timer-4.0,cross_series_dependence,2,15,-0.050560660648312154,-0.04997069130138776,0.4666666666666667,7.537062261714314,7.486501601066004,0.14694006157136397
gift,short,gift_bizitobs_application,Timer-4.0,cross_series_dependence,3,15,0.018665147988685904,0.025814582209837678,0.5333333333333333,10.103983348153337,10.122648496142018,0.1051464507776157
gift,short,gift_bizitobs_application,Timer-4.0,cross_series_dependence,4,15,0.03484207895883844,0.03688015457515026,0.5333333333333333,13.758716385394433,13.793558464353271,0.07907508434016329
gift,short,gift_bizitobs_application,Timer-4.0,cross_series_dependence,5,15,0.08576201095599964,0.03802178486485297,0.6,19.13123698116526,19.216998992121255,0.05471348216321015
gift,short,gift_bizitobs_application,tirex2,covariate_impulse_response,1,15,0.00013146963460705467,0.002834187100019925,0.7333333333333333,3.39064010610262,3.3907715757372268,0.006732064852040024
gift,short,gift_bizitobs_application,tirex2,covariate_impulse_response,2,15,0.006404334959008244,0.006823809303106776,0.7333333333333333,3.6953110419554767,3.701715376914485,0.005728859323461714
gift,short,gift_bizitobs_application,tirex2,covariate_impulse_response,3,15,0.006139759765273656,0.012027171079443288,0.6666666666666666,3.8624367188783526,3.868576478643626,0.004085138171747133
gift,short,gift_bizitobs_application,tirex2,covariate_impulse_response,4,15,0.00014982251260263387,0.0052714116733201255,0.5333333333333333,3.829655093508675,3.8298049160212773,0.00357039970378199
gift,short,gift_bizitobs_application,tirex2,covariate_impulse_response,5,15,0.018870591708128437,0.010799179156824934,0.6666666666666666,3.873536492175374,3.8924070838835023,0.003033688217501786
gift,short,gift_bizitobs_application,tirex2,cross_series_dependence,1,15,0.0113046100615631,0.0008509577876267826,0.6,6.065344953669686,6.07664956373125,0.014579284122533608
gift,short,gift_bizitobs_application,tirex2,cross_series_dependence,2,15,-0.004182637825815794,-0.0005845131790915836,0.4666666666666667,7.914791710012574,7.910609072186759,0.007466610374979881
gift,short,gift_bizitobs_application,tirex2,cross_series_dependence,3,15,0.0069586407735013674,0.0058415630132167,0.6,10.628935754934014,10.635894395707517,0.0057162170983039535
gift,short,gift_bizitobs_application,tirex2,cross_series_dependence,4,15,0.02021549388731544,0.0018895084936918494,0.6,14.112658448378959,14.132873942266274,0.004724926458659709
gift,short,gift_bizitobs_application,tirex2,cross_series_dependence,5,15,0.016973257748754585,0.009411673591646519,0.6,19.641524835800485,19.658498093549234,0.0039685356852413485
gift,short,gift_bizitobs_application,toto2.0,cross_series_dependence,1,15,0.21800420152200967,0.021229646401867086,0.6,5.3222212531649635,5.540225454686972,0.1383957193470079
gift,short,gift_bizitobs_application,toto2.0,cross_series_dependence,2,15,0.213977718690582,-0.0014474231963391704,0.4666666666666667,7.046424058262264,7.260401776952846,0.09297376627683827
gift,short,gift_bizitobs_application,toto2.0,cross_series_dependence,3,15,0.1928581603221439,-0.002384193262888523,0.4666666666666667,9.570959230869407,9.763817391191553,0.07294926543631537
gift,short,gift_bizitobs_application,toto2.0,cross_series_dependence,4,15,0.15401739208401033,-0.02888543600543092,0.4,13.002885161541162,13.156902553625173,0.05311036463182008
gift,short,gift_bizitobs_application,toto2.0,cross_series_dependence,5,15,0.10819064062503389,-0.03181213479396483,0.4,18.3493267888855,18.457517429510528,0.04345247765749974
gift,short,gift_bizitobs_l2c_h,Chronos-2,common_factor,1,6,0.07177536464273725,0.010237197528458114,0.8333333333333334,0.42406142742867664,0.4958367920714138,0.825758656839375
gift,short,gift_bizitobs_l2c_h,Chronos-2,common_factor,2,6,0.07335555210107458,0.009685556471813184,0.8333333333333334,0.40409775158170297,0.4774533036827775,0.5828376571154683
gift,short,gift_bizitobs_l2c_h,Chronos-2,common_factor,3,6,0.07129591956741599,0.012934224916835019,0.8333333333333334,0.3724993607452057,0.44379528031262155,0.4008744985622175
gift,short,gift_bizitobs_l2c_h,Chronos-2,common_factor,4,6,0.0690981241645914,0.018643815346898122,0.8333333333333334,0.36094174291902315,0.4300398670836145,0.3056851578406699
gift,short,gift_bizitobs_l2c_h,Chronos-2,common_factor,5,6,0.0737777492581726,0.02282348579016724,1.0,0.3593624732069465,0.4331402224651191,0.2344650637748409
gift,short,gift_bizitobs_l2c_h,Chronos-2,covariate_impulse_response,1,6,0.0012156517046460664,-0.0014246683428262574,0.3333333333333333,0.48328356448833815,0.48449921619298425,0.19919530111359815
gift,short,gift_bizitobs_l2c_h,Chronos-2,covariate_impulse_response,2,6,0.0008749250087551572,-0.0006563282473900506,0.5,0.47940134339792045,0.48027626840667553,0.1280383161037042
gift,short,gift_bizitobs_l2c_h,Chronos-2,covariate_impulse_response,3,6,0.002017871638122714,-0.0004060896947545578,0.5,0.4737577684730397,0.47577564011116236,0.08255009974706834
gift,short,gift_bizitobs_l2c_h,Chronos-2,covariate_impulse_response,4,6,0.002842263698102842,0.0006102259213263406,0.5,0.473801075977953,0.4766433396760559,0.06277036086842695
gift,short,gift_bizitobs_l2c_h,Chronos-2,covariate_impulse_response,5,6,0.0039885158565573465,0.001780636206840061,0.6666666666666666,0.47334407727721617,0.4773325931337736,0.05306707264390847
gift,short,gift_bizitobs_l2c_h,Chronos-2,cross_series_dependence,1,6,0.004960607373690695,0.002754544335012196,0.6666666666666666,0.3097978629811573,0.314758470354848,1.669030834093688
gift,short,gift_bizitobs_l2c_h,Chronos-2,cross_series_dependence,2,6,0.002783402077516095,0.0026756104639684836,0.6666666666666666,0.35497843856782635,0.35776184064534244,1.0420869884357178
gift,short,gift_bizitobs_l2c_h,Chronos-2,cross_series_dependence,3,6,0.000993490212080288,0.002718957117673809,0.8333333333333334,0.4016333875994799,0.4026268778115601,0.779651942364275
gift,short,gift_bizitobs_l2c_h,Chronos-2,cross_series_dependence,4,6,2.9436577948275627e-05,0.010245573244764383,0.8333333333333334,0.46935334799435463,0.46938278457230287,0.5791625170984325
gift,short,gift_bizitobs_l2c_h,Chronos-2,cross_series_dependence,5,6,-0.0031037617700071427,0.008199482627826188,0.6666666666666666,0.5638796700436409,0.5607759082736338,0.473083939673069
gift,short,gift_bizitobs_l2c_h,Timer-4.0,common_factor,1,6,-0.01196487248962677,-0.00701579486154158,0.3333333333333333,0.6336198745308739,0.6216550020412471,0.3316248898029752
gift,short,gift_bizitobs_l2c_h,Timer-4.0,common_factor,2,6,-0.007228820206378957,-0.008107470716270715,0.3333333333333333,0.5944937242200089,0.5872649040136301,0.21124929490935865
gift,short,gift_bizitobs_l2c_h,Timer-4.0,common_factor,3,6,0.008262672195322836,0.005507479481508665,0.6666666666666666,0.5235819013210973,0.53184457351642,0.13947571337574227
gift,short,gift_bizitobs_l2c_h,Timer-4.0,common_factor,4,6,0.015930790559285618,-0.00046923484007502236,0.5,0.4696903098416521,0.4856211004009377,0.11654067322356128
gift,short,gift_bizitobs_l2c_h,Timer-4.0,common_factor,5,6,0.024517647710830953,-0.0006118703173801435,0.5,0.4284565875899662,0.4529742353007971,0.11485540164319956
gift,short,gift_bizitobs_l2c_h,Timer-4.0,covariate_impulse_response,1,6,-0.004595059606712974,-0.005054982908362302,0.3333333333333333,0.6612111453127439,0.6566160857060309,0.15395472042072633
gift,short,gift_bizitobs_l2c_h,Timer-4.0,covariate_impulse_response,2,6,-0.0005491900703395586,0.0012630449421033307,0.5,0.6335550095150145,0.633005819444675,0.08011338625966646
gift,short,gift_bizitobs_l2c_h,Timer-4.0,covariate_impulse_response,3,6,-0.0025302166411187107,2.448113409288244e-05,0.5,0.6050922931338304,0.6025620764927117,0.06872604870821647
gift,short,gift_bizitobs_l2c_h,Timer-4.0,covariate_impulse_response,4,6,0.0016516866616523504,0.002238866896047388,0.5,0.5879610880730933,0.5896127747347458,0.05556987567860668
gift,short,gift_bizitobs_l2c_h,Timer-4.0,covariate_impulse_response,5,6,0.005524256644225928,0.005099571641356021,0.6666666666666666,0.611369805003592,0.6168940616478179,0.04303909178165297
gift,short,gift_bizitobs_l2c_h,Timer-4.0,cross_series_dependence,1,6,-0.008451028520940568,-0.013996136385832858,0.3333333333333333,0.34952564188051444,0.34107461335957384,2.2478384228706565
gift,short,gift_bizitobs_l2c_h,Timer-4.0,cross_series_dependence,2,6,-0.011533957182935614,-0.019023890823263903,0.3333333333333333,0.3895311740501552,0.3779972168672195,1.4209205415651278
gift,short,gift_bizitobs_l2c_h,Timer-4.0,cross_series_dependence,3,6,-0.01857317990774396,-0.0253836497643099,0.3333333333333333,0.43362135368441784,0.41504817377667386,1.0623406817123646
gift,short,gift_bizitobs_l2c_h,Timer-4.0,cross_series_dependence,4,6,-0.024200409949475032,-0.023341819484181098,0.16666666666666666,0.5044148907984646,0.48021448084898966,0.7233448708021729
gift,short,gift_bizitobs_l2c_h,Timer-4.0,cross_series_dependence,5,6,-0.027390481488700474,-0.02444225490262586,0.16666666666666666,0.6138277350478808,0.5864372535591803,0.48979923477118165
gift,short,gift_bizitobs_l2c_h,tirex2,common_factor,1,6,-0.003406567689468669,-0.008064199936001389,0.3333333333333333,0.5933563489906427,0.5899497813011741,0.1803543079612597
gift,short,gift_bizitobs_l2c_h,tirex2,common_factor,2,6,-0.0036313776435586004,-0.0066358262667616935,0.5,0.5926219184718788,0.5889905408283203,0.11686875473012596
gift,short,gift_bizitobs_l2c_h,tirex2,common_factor,3,6,-0.008116764015648275,-0.007224606009219696,0.5,0.6007053533033971,0.5925885892877488,0.07268762296989746
gift,short,gift_bizitobs_l2c_h,tirex2,common_factor,4,6,-0.005572837048277224,-0.002248921115116459,0.5,0.5964659914126742,0.590893154364397,0.04927807920253607
gift,short,gift_bizitobs_l2c_h,tirex2,common_factor,5,6,0.00017924138873217504,-0.0007613360903274205,0.5,0.589228120206964,0.5894073615956962,0.03577533707958584
gift,short,gift_bizitobs_l2c_h,tirex2,covariate_impulse_response,1,6,0.0011395453375824375,0.0011193049459242432,0.8333333333333334,0.5775831008048974,0.5787226461424798,0.053490190451003415
gift,short,gift_bizitobs_l2c_h,tirex2,covariate_impulse_response,2,6,0.0003555889816667819,-0.00033459440265201645,0.3333333333333333,0.5802082458072958,0.5805638347889625,0.030771442257634302
gift,short,gift_bizitobs_l2c_h,tirex2,covariate_impulse_response,3,6,-0.001624916303406487,-0.0017163193143682129,0.3333333333333333,0.5984023923796636,0.5967774760762572,0.029666504896684348
gift,short,gift_bizitobs_l2c_h,tirex2,covariate_impulse_response,4,6,-0.00020282805153367758,-0.0006302877125900774,0.5,0.6097023798078746,0.6094995517563407,0.02317821387275741
gift,short,gift_bizitobs_l2c_h,tirex2,covariate_impulse_response,5,6,-0.0015613834383666897,-0.000847603394780419,0.3333333333333333,0.6496775037188246,0.648116120280458,0.019553857707911487
gift,short,gift_bizitobs_l2c_h,tirex2,cross_series_dependence,1,6,0.007404680604454469,-0.0050099491709602595,0.3333333333333333,0.3256626018554311,0.3330672824598856,1.2916026678303847
gift,short,gift_bizitobs_l2c_h,tirex2,cross_series_dependence,2,6,0.008023668678929752,-0.0038818051630334915,0.5,0.3607297185925771,0.3687533872715069,0.6870238642180121
gift,short,gift_bizitobs_l2c_h,tirex2,cross_series_dependence,3,6,0.008900508380473534,-0.0016536852315230666,0.5,0.41058551797473086,0.41948602635520443,0.47234440432346564
gift,short,gift_bizitobs_l2c_h,tirex2,cross_series_dependence,4,6,0.006670219545860038,-0.0003527622358326654,0.5,0.47908849115315655,0.4857587106990165,0.2802593313212036
gift,short,gift_bizitobs_l2c_h,tirex2,cross_series_dependence,5,6,0.005689792820838434,0.0021485489912522193,0.6666666666666666,0.5835618092685498,0.5892516020893882,0.20696640112149875
gift,short,gift_bizitobs_l2c_h,toto2.0,common_factor,1,6,0.04382700082459986,-0.0006466694741328327,0.5,0.4287634376998044,0.47259043852440424,0.5375446362639467
gift,short,gift_bizitobs_l2c_h,toto2.0,common_factor,2,6,0.04663959674930062,-0.0005346713368815231,0.5,0.43524918535603874,0.4818887821053393,0.3518665175781391
gift,short,gift_bizitobs_l2c_h,toto2.0,common_factor,3,6,0.04650122629997819,0.0025004001298575274,0.5,0.456944076130904,0.5034453024308823,0.20865518604091574
gift,short,gift_bizitobs_l2c_h,toto2.0,common_factor,4,6,0.04203494143094289,0.0049229327383897015,0.5,0.47303600027820253,0.5150709417091455,0.13161485830589117
gift,short,gift_bizitobs_l2c_h,toto2.0,common_factor,5,6,0.03834748334188797,0.00964812835563808,0.5,0.4858732695762744,0.5242207529181624,0.08953702275327535
gift,short,gift_bizitobs_l2c_h,toto2.0,cross_series_dependence,1,6,-0.005810740461855539,-0.0010970617236539526,0.3333333333333333,0.3131645072782164,0.30735376681636084,1.1631685471897086
gift,short,gift_bizitobs_l2c_h,toto2.0,cross_series_dependence,2,6,-0.003235210477871749,0.0021553713543406433,0.6666666666666666,0.3574829503689925,0.35424773989112085,0.7431209177854882
gift,short,gift_bizitobs_l2c_h,toto2.0,cross_series_dependence,3,6,-0.003087160773786804,0.00239103990388409,0.5,0.40105134286267835,0.39796418208889156,0.5077190080776998
gift,short,gift_bizitobs_l2c_h,toto2.0,cross_series_dependence,4,6,-0.004283496225887006,0.0009754683301356204,0.5,0.4690838355208496,0.4648003392949625,0.3556412024320397
gift,short,gift_bizitobs_l2c_h,toto2.0,cross_series_dependence,5,6,-0.004092741716325038,0.0006936895290394207,0.6666666666666666,0.5648177229805499,0.5607249812642248,0.28892712756442646
gift,short,gift_bizitobs_service,Chronos-2,covariate_impulse_response,1,315,0.014070556979740231,-0.0002835353906347482,0.4888888888888889,13.90402181853365,13.918092375513394,0.017046599080577766
gift,short,gift_bizitobs_service,Chronos-2,covariate_impulse_response,2,315,0.017635640907917943,-0.00043397727786742557,0.49206349206349204,14.355605436396592,14.37324107730451,0.011600995548524791
gift,short,gift_bizitobs_service,Chronos-2,covariate_impulse_response,3,315,0.0236904836036284,-0.00013002552451735205,0.4984126984126984,14.821189989283408,14.844880472887032,0.008471483285117702
gift,short,gift_bizitobs_service,Chronos-2,covariate_impulse_response,4,315,0.02572083060889024,-0.000245084347145319,0.49206349206349204,15.460478913748563,15.486199744357451,0.006663285098956116
gift,short,gift_bizitobs_service,Chronos-2,covariate_impulse_response,5,315,0.033137805573930104,-0.00024314798289370998,0.49206349206349204,15.978986366165014,16.01212417173895,0.00531718377750282
gift,short,gift_bizitobs_service,Chronos-2,cross_series_dependence,1,195,0.007841032911469611,0.004866365179367449,0.5743589743589743,4.607478185495395,4.615319218406864,0.07199342667387428
gift,short,gift_bizitobs_service,Chronos-2,cross_series_dependence,2,195,0.003774911049331301,0.0070705798402901365,0.558974358974359,6.140234477374826,6.1440093884241564,0.05439641470262692
gift,short,gift_bizitobs_service,Chronos-2,cross_series_dependence,3,195,-0.00568663354171566,0.003885966557447773,0.558974358974359,8.138485744218857,8.132799110677139,0.04642479086073843
gift,short,gift_bizitobs_service,Chronos-2,cross_series_dependence,4,195,-0.016682496800416773,0.0010269869755283878,0.5076923076923077,10.99217504426411,10.975492547463693,0.04047279255314234
gift,short,gift_bizitobs_service,Chronos-2,cross_series_dependence,5,195,-0.017610285922785657,0.0004553593125489197,0.5025641025641026,14.671307479991341,14.653697194068554,0.036014237506008746
gift,short,gift_bizitobs_service,Timer-4.0,covariate_impulse_response,1,315,-0.03215634698447127,-0.0025967775721773556,0.4634920634920635,13.490878398413164,13.458722051428692,0.03424084169420289
gift,short,gift_bizitobs_service,Timer-4.0,covariate_impulse_response,2,315,-0.0279279591320492,-0.0024938446384321633,0.4666666666666667,14.029367047203428,14.00143908807138,0.01979683849683612
gift,short,gift_bizitobs_service,Timer-4.0,covariate_impulse_response,3,315,-0.0073142511728496755,-0.0010701656973688412,0.48253968253968255,14.362659356534076,14.355345105361225,0.014763737844511031
gift,short,gift_bizitobs_service,Timer-4.0,covariate_impulse_response,4,315,-0.005278980005256074,-0.0014212040891283806,0.49206349206349204,14.964550979222201,14.959271999216949,0.011585159103569446
gift,short,gift_bizitobs_service,Timer-4.0,covariate_impulse_response,5,315,-0.03770452003561959,-0.0024620118717241235,0.473015873015873,15.556204387210958,15.518499867175336,0.008891500919614912
gift,short,gift_bizitobs_service,Timer-4.0,cross_series_dependence,1,195,-0.06554215254141395,-0.04233474532099657,0.4512820512820513,4.758260196105028,4.692718043563613,0.32295146417240966
gift,short,gift_bizitobs_service,Timer-4.0,cross_series_dependence,2,195,-0.04440441665085708,-0.04300604321122581,0.4358974358974359,6.17562554166864,6.131221125017784,0.2330827824406221
gift,short,gift_bizitobs_service,Timer-4.0,cross_series_dependence,3,195,-0.007377690797831545,-0.02654351085175044,0.46153846153846156,8.075173072276382,8.06779538147855,0.17676587828316878
gift,short,gift_bizitobs_service,Timer-4.0,cross_series_dependence,4,195,0.056307607125293285,0.0032670576695119635,0.5076923076923077,10.879755732566172,10.936063339691469,0.14123734412648178
gift,short,gift_bizitobs_service,Timer-4.0,cross_series_dependence,5,195,0.12226791736522039,0.012874013083278513,0.5128205128205128,14.558082530260524,14.680350447625745,0.11414645561568733
gift,short,gift_bizitobs_service,tirex2,covariate_impulse_response,1,315,0.003213957561217678,-0.0001993349368334396,0.49523809523809526,11.888708391013664,11.891922348574882,0.013977443146904371
gift,short,gift_bizitobs_service,tirex2,covariate_impulse_response,2,315,-0.0013274374424668038,0.0009379164409022422,0.5111111111111111,12.498717419772744,12.49738998233028,0.009596148774583074
gift,short,gift_bizitobs_service,tirex2,covariate_impulse_response,3,315,1.951652528031292e-05,0.0022196639383722516,0.5587301587301587,13.038822623856962,13.038842140382245,0.00641051451953536
gift,short,gift_bizitobs_service,tirex2,covariate_impulse_response,4,315,-6.774269752345267e-05,0.0022470826197193983,0.546031746031746,13.934223220804814,13.934155478107295,0.004829820427758925
gift,short,gift_bizitobs_service,tirex2,covariate_impulse_response,5,315,-0.0011616536117670187,0.00032776897506736624,0.5111111111111111,14.97210691989104,14.970945266279275,0.003916404248755761
gift,short,gift_bizitobs_service,tirex2,cross_series_dependence,1,195,0.003726428215618225,0.0015562940751916443,0.5333333333333333,4.746161477127681,4.749887905343299,0.026969577996632643
gift,short,gift_bizitobs_service,tirex2,cross_series_dependence,2,195,0.0005163267824137159,-2.165989142399738e-05,0.49743589743589745,6.152235978969176,6.152752305751589,0.018768146924426365
gift,short,gift_bizitobs_service,tirex2,cross_series_dependence,3,195,0.0010550190196743775,-0.0007210124625449676,0.48205128205128206,8.05374927613863,8.054804295158306,0.015405423603813768
gift,short,gift_bizitobs_service,tirex2,cross_series_dependence,4,195,0.003562778212405415,-0.0009750262505310303,0.49230769230769234,10.895154406659826,10.89871718487223,0.014055761592502575
gift,short,gift_bizitobs_service,tirex2,cross_series_dependence,5,195,-0.0020218773573716167,-0.0038195403330902877,0.4512820512820513,14.632255251921908,14.630233374564536,0.014351119985846473
gift,short,gift_bizitobs_service,toto2.0,cross_series_dependence,1,195,0.041939218111975506,-0.00023608083811765823,0.49743589743589745,4.1724962424412055,4.214435460553181,0.2002435796261448
gift,short,gift_bizitobs_service,toto2.0,cross_series_dependence,2,195,0.0592891078322513,-0.000869096198986341,0.49230769230769234,5.622698086867707,5.681987194699957,0.13941342084181105
gift,short,gift_bizitobs_service,toto2.0,cross_series_dependence,3,195,0.07407536621084625,0.007944606803096832,0.5230769230769231,7.5674741483352,7.641549514546045,0.10729029866848076
gift,short,gift_bizitobs_service,toto2.0,cross_series_dependence,4,195,0.0810456710745962,0.009822822750806148,0.5333333333333333,10.484282296545164,10.565327967619757,0.08523300227673175
gift,short,gift_bizitobs_service,toto2.0,cross_series_dependence,5,195,0.06870773196897864,0.015112161405228974,0.5230769230769231,14.24089740829516,14.30960514026414,0.0774524721874799
gift,short,gift_ett1_h,Chronos-2,common_factor,1,20,0.074944767513165,-0.0008481797403150915,0.5,0.9403611805185322,1.0153059480316975,0.6180333182612979
gift,short,gift_ett1_h,Chronos-2,common_factor,2,20,0.07139803828222549,-0.0023307268383008783,0.45,0.951135792099717,1.0225338303819425,0.37516528448186354
gift,short,gift_ett1_h,Chronos-2,common_factor,3,20,0.058965207605563785,0.0004682793979456368,0.5,0.96688571775965,1.025850925365214,0.22443092089314515
gift,short,gift_ett1_h,Chronos-2,common_factor,4,20,0.05805310527434062,-0.0025423852634831046,0.45,0.9706011001366226,1.0286542054109633,0.1511997831093584
gift,short,gift_ett1_h,Chronos-2,common_factor,5,20,0.05313643467308913,-0.004023525800873506,0.45,0.9787797231911988,1.0319161578642881,0.09514789962036642
gift,short,gift_ett1_h,Chronos-2,cross_series_dependence,1,20,0.049325016899951966,0.028718149196657217,0.5,1.124534675236031,1.173859692135983,2.6776022806821937
gift,short,gift_ett1_h,Chronos-2,cross_series_dependence,2,20,0.07491378318760901,0.03532701547074507,0.55,1.1699560707728787,1.2448698539604877,1.7177043382135508
gift,short,gift_ett1_h,Chronos-2,cross_series_dependence,3,20,0.07733185496792525,0.03947446992348208,0.55,1.2623911437600712,1.3397229987279964,1.1241699598258321
gift,short,gift_ett1_h,Chronos-2,cross_series_dependence,4,20,0.0799809745730224,0.03998858034947411,0.6,1.402176851808902,1.4821578263819242,0.7676440199732502
gift,short,gift_ett1_h,Chronos-2,cross_series_dependence,5,20,0.07938711186833988,0.06989835515303855,0.75,1.6280676433502996,1.7074547552186394,0.5217841609922359
gift,short,gift_ett1_h,Timer-4.0,common_factor,1,20,-0.00639012195507164,-0.00895769117500217,0.45,1.0561099702857866,1.0497198483307146,0.3691113762761076
gift,short,gift_ett1_h,Timer-4.0,common_factor,2,20,0.0010816878305821508,-0.004269753736530768,0.45,1.0425396242433995,1.043621312073982,0.22894646126211854
gift,short,gift_ett1_h,Timer-4.0,common_factor,3,20,0.005392507050789602,-0.005623618843414391,0.45,1.0293338428266252,1.034726349877415,0.1502565817020251
gift,short,gift_ett1_h,Timer-4.0,common_factor,4,20,0.009178268736032525,-0.007865100034884942,0.45,1.0279204216418107,1.037098690377843,0.10233401618573386
gift,short,gift_ett1_h,Timer-4.0,common_factor,5,20,0.011394926557658997,-0.0034056494936485215,0.35,1.030793240342538,1.0421881669001967,0.07455720927519113
gift,short,gift_ett1_h,Timer-4.0,cross_series_dependence,1,20,-0.045019386432965505,-0.03573427799302209,0.35,1.2621696993669598,1.2171503129339944,1.7295584565457145
gift,short,gift_ett1_h,Timer-4.0,cross_series_dependence,2,20,-0.04081132122167269,-0.016047668546989358,0.35,1.2989512383489,1.258139917127227,1.0386463170451843
gift,short,gift_ett1_h,Timer-4.0,cross_series_dependence,3,20,-0.03454152323979494,-0.010820511769559282,0.4,1.3755113517738005,1.3409698285340057,0.7393936493479419
gift,short,gift_ett1_h,Timer-4.0,cross_series_dependence,4,20,-0.024343025681586205,0.00043435430342664283,0.55,1.5057016419981726,1.4813586163165866,0.5212054306644479
gift,short,gift_ett1_h,Timer-4.0,cross_series_dependence,5,20,-0.011951588485318788,0.0077902318526063,0.65,1.7103293995144782,1.6983778110291596,0.42777447013587383
gift,short,gift_ett1_h,tirex2,common_factor,1,20,-0.012642674319254244,-0.002461393577586568,0.4,1.0352218255622883,1.022579151243034,0.1570480507915883
gift,short,gift_ett1_h,tirex2,common_factor,2,20,-0.007593676368908953,0.0009619129363401813,0.55,1.031737706075059,1.02414402970615,0.09303791912563186
gift,short,gift_ett1_h,tirex2,common_factor,3,20,-0.006986222321821734,0.003181611213421476,0.55,1.0276935658924042,1.0207073435705827,0.06361408284910175
gift,short,gift_ett1_h,tirex2,common_factor,4,20,-0.004646898661611981,-0.0012500495952543211,0.5,1.0267737981413738,1.0221268994797619,0.046957948804818024
gift,short,gift_ett1_h,tirex2,common_factor,5,20,-0.0004593173667354622,-0.001956968057759245,0.4,1.027896652741433,1.0274373353746973,0.03244808770688746
gift,short,gift_ett1_h,tirex2,cross_series_dependence,1,20,-0.006463170020592301,0.006206176165753585,0.55,1.2181976370300052,1.2117344670094128,0.6403223850269794
gift,short,gift_ett1_h,tirex2,cross_series_dependence,2,20,-0.0036052792571207247,0.0026918541571978594,0.55,1.2514097081929283,1.2478044289358077,0.4175562963479834
gift,short,gift_ett1_h,tirex2,cross_series_dependence,3,20,-0.0036782480360334434,0.0062750741447629155,0.55,1.3333312545716292,1.329653006535596,0.39167560508791804
gift,short,gift_ett1_h,tirex2,cross_series_dependence,4,20,-0.005838540912752039,-0.001979785474117479,0.45,1.4639376337523298,1.458099092839578,0.28600322467200057
gift,short,gift_ett1_h,tirex2,cross_series_dependence,5,20,-0.01486773335183802,-0.009162678066565788,0.35,1.6692146208910246,1.6543468875391867,0.17622568121936275
gift,short,gift_ett1_h,toto2.0,common_factor,1,20,-0.0029406171333989928,-0.0019185343907920371,0.4,0.963200407310833,0.960259790177434,0.13462317422549114
gift,short,gift_ett1_h,toto2.0,common_factor,2,20,-0.001410194500370493,-0.001357490563531294,0.45,0.9629959325178188,0.9615857380174482,0.08612079764952214
gift,short,gift_ett1_h,toto2.0,common_factor,3,20,0.006646075430215415,0.0022846566935340595,0.55,0.9666424184221555,0.9732884938523705,0.0771754467062235
gift,short,gift_ett1_h,toto2.0,common_factor,4,20,3.4421232990206055e-05,-0.0018134186806636476,0.45,0.9692481830420399,0.96928260427503,0.03941620933188644
gift,short,gift_ett1_h,toto2.0,common_factor,5,20,0.0006088996869070828,-0.003859464658863665,0.4,0.9772919080960463,0.9779008077829537,0.027429720674582908
gift,short,gift_ett1_h,toto2.0,cross_series_dependence,1,20,-0.018439421619355446,0.0004896689781987429,0.5,1.188353918687857,1.1699144970685014,0.8313261535674836
gift,short,gift_ett1_h,toto2.0,cross_series_dependence,2,20,-0.0026813787871071914,0.008401121766685504,0.6,1.234839297568215,1.232157918781108,0.5209316633613738
gift,short,gift_ett1_h,toto2.0,cross_series_dependence,3,20,0.013207890415156649,0.016386296864855543,0.7,1.3287722123656487,1.3419801027808052,0.36066903212696544
gift,short,gift_ett1_h,toto2.0,cross_series_dependence,4,20,0.01155542726520321,0.016780411415884433,0.65,1.4685984622307129,1.4801538894959159,0.26007577187370146
gift,short,gift_ett1_h,toto2.0,cross_series_dependence,5,20,0.00836968977012118,0.009630534725099671,0.65,1.685072001971415,1.6934416917415365,0.17144237917383814
gift,short,gift_ett2_h,Chronos-2,common_factor,1,20,-0.0032259341360394655,-0.006976817098522631,0.5,0.641109709956747,0.6378837758207074,1.280840964162266
gift,short,gift_ett2_h,Chronos-2,common_factor,2,20,-0.0012246684889125141,0.0002809954529749137,0.5,0.6399002394495132,0.6386755709606008,0.777274481961944
gift,short,gift_ett2_h,Chronos-2,common_factor,3,20,-0.00036683228648382303,0.008495479079228652,0.55,0.6418311457094676,0.6414643134229838,0.5490630222253114
gift,short,gift_ett2_h,Chronos-2,common_factor,4,20,-0.001164196874537518,0.010050511557519959,0.55,0.6443733593823385,0.6432091625078009,0.3771315077848547
gift,short,gift_ett2_h,Chronos-2,common_factor,5,20,-0.0030167532723214567,0.008682226172895602,0.55,0.6467004481078422,0.6436836948355207,0.26722474269600727
gift,short,gift_ett2_h,Chronos-2,cross_series_dependence,1,20,-0.004410736812824029,-0.0036475433637040144,0.4,0.9603804794054062,0.9559697425925824,0.7558778293433692
gift,short,gift_ett2_h,Chronos-2,cross_series_dependence,2,20,-0.005671802589133595,0.0012409106101213263,0.5,0.9912355813453153,0.9855637787561818,0.4818098337310028
gift,short,gift_ett2_h,Chronos-2,cross_series_dependence,3,20,-0.0007762320032799086,0.012517841096188587,0.55,1.0592576493238797,1.0584814173205994,0.2910582016239563
gift,short,gift_ett2_h,Chronos-2,cross_series_dependence,4,20,0.008894105149554524,0.022846867086720846,0.6,1.1211499182455458,1.1300440233951001,0.22017703951627482
gift,short,gift_ett2_h,Chronos-2,cross_series_dependence,5,20,0.0175133669883487,0.03335580682713496,0.6,1.2265199734719816,1.2440333404603303,0.17671453774752946
gift,short,gift_ett2_h,Timer-4.0,common_factor,1,20,-0.01441712043487299,-0.013655253928069044,0.35,0.6596353460341249,0.6452182255992519,0.8996047005332948
gift,short,gift_ett2_h,Timer-4.0,common_factor,2,20,-0.015253026289952606,-0.017197470121791292,0.4,0.6737303571487657,0.6584773308588131,0.6048413169698947
gift,short,gift_ett2_h,Timer-4.0,common_factor,3,20,-0.015279083394034554,-0.015066019588267365,0.35,0.688845729681095,0.6735666462870605,0.38506354506697754
gift,short,gift_ett2_h,Timer-4.0,common_factor,4,20,-0.009827312358464827,-0.004882063114647894,0.4,0.7082452555195051,0.6984179431610401,0.24755788460161537
gift,short,gift_ett2_h,Timer-4.0,common_factor,5,20,-0.0034183793478971187,-0.0025951702909252083,0.45,0.7266984936992527,0.7232801143513556,0.17733636925236224
gift,short,gift_ett2_h,Timer-4.0,cross_series_dependence,1,20,0.05140124140479184,0.00487292413014595,0.5,0.9603751292154354,1.0117763706202274,1.0025552870715189
gift,short,gift_ett2_h,Timer-4.0,cross_series_dependence,2,20,0.053161768788380956,0.02921333034190965,0.55,0.9884375719636683,1.0415993407520492,0.7141494315758552
gift,short,gift_ett2_h,Timer-4.0,cross_series_dependence,3,20,0.026273786247323228,-0.0056799401161976015,0.45,1.0534751015105548,1.0797488877578783,0.43673693706142946
gift,short,gift_ett2_h,Timer-4.0,cross_series_dependence,4,20,0.022362866117441437,-0.0220562632596934,0.4,1.0832066543455214,1.1055695204629634,0.2967271553260814
gift,short,gift_ett2_h,Timer-4.0,cross_series_dependence,5,20,0.02156563752284043,-0.01634402134480767,0.35,1.1654459731307467,1.1870116106535873,0.17040556392750195
gift,short,gift_ett2_h,tirex2,common_factor,1,20,-0.004639009707486663,-0.002568008593418547,0.4,0.6722865869007477,0.6676475771932612,0.43884012149464197
gift,short,gift_ett2_h,tirex2,common_factor,2,20,-0.006204361670446942,-0.00623297964196734,0.35,0.6813203274801897,0.6751159658097428,0.3185021809580393
gift,short,gift_ett2_h,tirex2,common_factor,3,20,-0.008360659157816034,-0.005088024486172904,0.4,0.6916433917028121,0.6832827325449958,0.22165772072149798
gift,short,gift_ett2_h,tirex2,common_factor,4,20,-0.007888942374000752,-0.0037093140194029706,0.45,0.7089304424864544,0.7010415001124536,0.15944219471875054
gift,short,gift_ett2_h,tirex2,common_factor,5,20,-0.0052314993960011266,-0.006415174623248088,0.4,0.7316913242599046,0.7264598248639035,0.12552760006140173
gift,short,gift_ett2_h,tirex2,cross_series_dependence,1,20,0.01986954641856376,0.008839980909984946,0.65,0.9917357817878173,1.011605328206381,0.22566612191411722
gift,short,gift_ett2_h,tirex2,cross_series_dependence,2,20,0.014954701655481874,0.0027732936574866307,0.6,1.0104453514463576,1.0254000531018397,0.12932853518015616
gift,short,gift_ett2_h,tirex2,cross_series_dependence,3,20,0.011973827376176222,0.005730893788487013,0.65,1.0500217986282048,1.0619956260043808,0.08708684656836309
gift,short,gift_ett2_h,tirex2,cross_series_dependence,4,20,0.01371240940742692,0.005621748852665143,0.6,1.0955381242818159,1.1092505336892426,0.06631255635298774
gift,short,gift_ett2_h,tirex2,cross_series_dependence,5,20,0.011193679652849033,0.006969606157118502,0.55,1.1913845886950605,1.2025782683479096,0.04774652341838894
gift,short,gift_ett2_h,toto2.0,common_factor,1,20,-0.006790501705380203,-0.016260516531791114,0.3,0.6721696191440578,0.6653791174386775,1.056801415456016
gift,short,gift_ett2_h,toto2.0,common_factor,2,20,-0.009876288253903739,-0.01830670471008461,0.35,0.6803327887846276,0.6704565005307239,0.7048375543336055
gift,short,gift_ett2_h,toto2.0,common_factor,3,20,-0.015542926059010795,-0.017023662452992305,0.3,0.6851976692993735,0.6696547432403627,0.5345519138766998
gift,short,gift_ett2_h,toto2.0,common_factor,4,20,-0.020519932895262497,-0.022466070609198918,0.25,0.6895808115692137,0.6690608786739511,0.3747867141098954
gift,short,gift_ett2_h,toto2.0,common_factor,5,20,-0.02348476050956366,-0.022132325631936234,0.3,0.6885926749834415,0.6651079144738778,0.2826697694060042
gift,short,gift_ett2_h,toto2.0,cross_series_dependence,1,20,-0.004135014977388512,0.0009187257542002669,0.55,1.011777407980705,1.0076423930033165,0.35641438329857944
gift,short,gift_ett2_h,toto2.0,cross_series_dependence,2,20,-0.006973955170615093,-0.003995437358496279,0.5,1.0490501028520784,1.0420761476814635,0.25851800625733257
gift,short,gift_ett2_h,toto2.0,cross_series_dependence,3,20,-0.011581615790716765,-0.005628638011775378,0.4,1.118168700035167,1.1065870842444503,0.17400528366079954
gift,short,gift_ett2_h,toto2.0,cross_series_dependence,4,20,-0.01225490233316317,-0.005932968965754126,0.45,1.182142625198236,1.169887722865073,0.12906707308395446
gift,short,gift_ett2_h,toto2.0,cross_series_dependence,5,20,-0.010930131877234878,-0.004754886114164691,0.5,1.301696980556377,1.2907668486791422,0.09809081931231402
gift,short,gift_jena_weather_h,Chronos-2,common_factor,1,19,0.012551148013204779,-0.006457390279642983,0.47368421052631576,0.43407985010467287,0.44663099811787765,0.3320251536166802
gift,short,gift_jena_weather_h,Chronos-2,common_factor,2,19,0.015067823707228742,-0.004006764952601272,0.3684210526315789,0.4339071330114281,0.4489749567186568,0.21765340669032937
gift,short,gift_jena_weather_h,Chronos-2,common_factor,3,19,0.018671868132345847,-0.0016895085812208,0.47368421052631576,0.43270940879480474,0.45138127692715063,0.15129199450701408
gift,short,gift_jena_weather_h,Chronos-2,common_factor,4,19,0.024112369500505586,0.002989245708224564,0.5263157894736842,0.42916751884330356,0.4532798883438092,0.10616606162628942
gift,short,gift_jena_weather_h,Chronos-2,common_factor,5,19,0.028681799457504247,0.024295910662144482,0.631578947368421,0.4308090138563629,0.4594908133138671,0.07766090496624857
gift,short,gift_jena_weather_h,Chronos-2,cross_series_dependence,1,19,0.009432507318394285,-0.0006591027040170894,0.47368421052631576,0.6386944650147665,0.6481269723331607,0.4949931115980246
gift,short,gift_jena_weather_h,Chronos-2,cross_series_dependence,2,19,0.0066559677896254315,-0.00240273277334907,0.47368421052631576,0.6398221383659555,0.6464781061555809,0.3339445634028023
gift,short,gift_jena_weather_h,Chronos-2,cross_series_dependence,3,19,0.004659452692884058,-0.01106043602563142,0.47368421052631576,0.6442103099443456,0.6488697626372296,0.21899804116264146
gift,short,gift_jena_weather_h,Chronos-2,cross_series_dependence,4,19,0.005530520140188873,0.0011451117093954633,0.5263157894736842,0.6744643818851203,0.6799949020253092,0.16628604569472694
gift,short,gift_jena_weather_h,Chronos-2,cross_series_dependence,5,19,0.006861815559717144,0.01522335732746155,0.5263157894736842,0.708236118059044,0.7150979336187612,0.1237360107143337
gift,short,gift_jena_weather_h,Timer-4.0,common_factor,1,19,0.01306739847523893,0.01513033452176682,0.631578947368421,0.44589422523215516,0.4589616237073941,0.4431026842635762
gift,short,gift_jena_weather_h,Timer-4.0,common_factor,2,19,0.018845633184124046,0.010407598475553725,0.6842105263157895,0.44230449033216734,0.4611501235162913,0.27938294154419885
gift,short,gift_jena_weather_h,Timer-4.0,common_factor,3,19,0.011480749952902106,0.007713433680241577,0.5789473684210527,0.43963792649687694,0.4511186764497791,0.1760070477119553
gift,short,gift_jena_weather_h,Timer-4.0,common_factor,4,19,-0.009064344364354727,-0.009910105386120305,0.3684210526315789,0.4441061698007484,0.4350418254363937,0.10669883399859065
gift,short,gift_jena_weather_h,Timer-4.0,common_factor,5,19,-0.016685155113291855,-0.01653744816207381,0.3684210526315789,0.4484664031139765,0.4317812480006847,0.06859009645804373
gift,short,gift_jena_weather_h,Timer-4.0,cross_series_dependence,1,19,0.013301671190839038,0.014511741012960933,0.5789473684210527,0.6696968795533529,0.6829985507441919,0.898835543872893
gift,short,gift_jena_weather_h,Timer-4.0,cross_series_dependence,2,19,0.006760596745992611,0.004542351822999113,0.5263157894736842,0.6728402079061946,0.6796008046521873,0.5739921268269451
gift,short,gift_jena_weather_h,Timer-4.0,cross_series_dependence,3,19,-0.0003506292709636754,-0.009345069632940572,0.42105263157894735,0.6832246667080836,0.6828740374371199,0.33335812169617257
gift,short,gift_jena_weather_h,Timer-4.0,cross_series_dependence,4,19,0.00842699361004418,-0.0008949166662328145,0.47368421052631576,0.7150502437298848,0.723477237339929,0.22993017870072568
gift,short,gift_jena_weather_h,Timer-4.0,cross_series_dependence,5,19,0.03499033052497654,0.027943200177876104,0.631578947368421,0.7576805370845857,0.7926708676095624,0.15500354463606275
gift,short,gift_jena_weather_h,tirex2,common_factor,1,19,0.0017707161336224066,-0.00019246989857180097,0.47368421052631576,0.42918521422975703,0.4309559303633794,0.099831378456833
gift,short,gift_jena_weather_h,tirex2,common_factor,2,19,-0.0008294585897196802,0.0012548047997830714,0.5263157894736842,0.43145615334449067,0.43062669475477106,0.0702460736964048
gift,short,gift_jena_weather_h,tirex2,common_factor,3,19,-0.0007216317591741362,0.0008512262408876259,0.5263157894736842,0.4317630956132832,0.4310414638541091,0.042036782197080666
gift,short,gift_jena_weather_h,tirex2,common_factor,4,19,0.004386809595090892,0.003695762603930508,0.5263157894736842,0.4312776043051391,0.43566441390023003,0.027470592440074035
gift,short,gift_jena_weather_h,tirex2,common_factor,5,19,-0.0018753837859441104,0.0002816488296119024,0.5263157894736842,0.4335918409024173,0.43171645711647316,0.020896990397653713
gift,short,gift_jena_weather_h,tirex2,cross_series_dependence,1,19,-0.002896808460473105,-0.006393575237116089,0.2631578947368421,0.658966755041301,0.6560699465808278,0.2102075707782001
gift,short,gift_jena_weather_h,tirex2,cross_series_dependence,2,19,-0.0027934511085028844,-0.007661294844876876,0.3684210526315789,0.6659667392268499,0.663173288118347,0.15724392475070245
gift,short,gift_jena_weather_h,tirex2,cross_series_dependence,3,19,-0.00794761057243143,-0.010259405645676956,0.3684210526315789,0.6837180203115516,0.6757704097391203,0.08679690208129799
gift,short,gift_jena_weather_h,tirex2,cross_series_dependence,4,19,-0.0074009218022664715,-0.0026545653898100152,0.42105263157894735,0.7134909790631466,0.7060900572608801,0.06193765055176426
gift,short,gift_jena_weather_h,tirex2,cross_series_dependence,5,19,-0.006227858334230866,-0.005303351917697485,0.3684210526315789,0.7492361425696911,0.7430082842354601,0.04028616809499294
gift,short,gift_jena_weather_h,toto2.0,common_factor,1,19,-0.007151033322814251,-0.012108811606810155,0.47368421052631576,0.42492921388698623,0.417778180564172,0.2867420522596388
gift,short,gift_jena_weather_h,toto2.0,common_factor,2,19,-0.003936535703648852,0.00048561875264258036,0.5263157894736842,0.42164870902379087,0.41771217332014215,0.1970221395120039
gift,short,gift_jena_weather_h,toto2.0,common_factor,3,19,-0.008762998430650802,-0.002946111126727269,0.3684210526315789,0.42159994000803974,0.41283694157738904,0.12188829599656736
gift,short,gift_jena_weather_h,toto2.0,common_factor,4,19,-0.010437689630800726,-0.016271218613802096,0.3684210526315789,0.4226764056314386,0.41223871600063794,0.08261136749695482
gift,short,gift_jena_weather_h,toto2.0,common_factor,5,19,-0.013419555772905904,-0.017658656305124976,0.42105263157894735,0.42551157536373974,0.41209201959083375,0.054942695517352404
gift,short,gift_jena_weather_h,toto2.0,cross_series_dependence,1,19,-0.010250038702918346,0.012047283864942804,0.631578947368421,0.658898710805553,0.6486486721026348,0.34104103299379956
gift,short,gift_jena_weather_h,toto2.0,cross_series_dependence,2,19,-0.010262057789422218,0.015351930581826156,0.631578947368421,0.6624005054319356,0.6521384476425133,0.2443337004804416
gift,short,gift_jena_weather_h,toto2.0,cross_series_dependence,3,19,-0.00976596881427858,0.012652065657096978,0.6842105263157895,0.6662017701208005,0.6564358013065218,0.1644771942431113
gift,short,gift_jena_weather_h,toto2.0,cross_series_dependence,4,19,-0.006317676558184151,0.007226497104565854,0.631578947368421,0.6907253171678859,0.6844076406097018,0.12081070279633092
gift,short,gift_jena_weather_h,toto2.0,cross_series_dependence,5,19,-0.0013931434469235393,0.0032280521186771605,0.5263157894736842,0.72075335379569,0.7193602103487664,0.08301855463232652
gift,short,gift_m_dense_h,Chronos-2,covariate_impulse_response,1,600,-0.00042129804571507194,0.00038887368365042585,0.52,0.8075607974482991,0.8071394994025839,0.10423506980574916
gift,short,gift_m_dense_h,Chronos-2,covariate_impulse_response,2,600,0.00025527197774028576,0.0004727209088727924,0.5366666666666666,0.8087523587942146,0.8090076307719549,0.06837769747332686
gift,short,gift_m_dense_h,Chronos-2,covariate_impulse_response,3,600,0.00025205646417751675,0.0003265656626487423,0.5233333333333333,0.8082970830419246,0.8085491395061021,0.04753837470753596
gift,short,gift_m_dense_h,Chronos-2,covariate_impulse_response,4,600,0.00032429495897635366,0.0004060681922917475,0.5233333333333333,0.8085473534611448,0.8088716484201213,0.034096134252899805
gift,short,gift_m_dense_h,Chronos-2,covariate_impulse_response,5,600,0.00047260435740003595,0.00038122123260275753,0.535,0.8112155496588773,0.8116881540162776,0.025953680481601515
gift,short,gift_m_dense_h,Timer-4.0,covariate_impulse_response,1,600,-0.0006666226936115434,-0.00017106543013503672,0.48833333333333334,0.7296350776772529,0.7289684549836414,0.07902904594817162
gift,short,gift_m_dense_h,Timer-4.0,covariate_impulse_response,2,600,-0.0007739260011090887,-0.00024105652745717854,0.47833333333333333,0.7544657905334965,0.7536918645323873,0.051352168683634944
gift,short,gift_m_dense_h,Timer-4.0,covariate_impulse_response,3,600,-0.0005210836677503161,-0.0003381118944844608,0.4716666666666667,0.7748041218615641,0.7742830381938138,0.0366321141870436
gift,short,gift_m_dense_h,Timer-4.0,covariate_impulse_response,4,600,-0.0005706936645398105,-0.0003087551635888308,0.475,0.7887552077767759,0.7881845141122361,0.02726606246902539
gift,short,gift_m_dense_h,Timer-4.0,covariate_impulse_response,5,600,-0.0006197612852689265,0.00021383136132782643,0.5066666666666667,0.7942243023399539,0.7936045410546849,0.021125948559684152
gift,short,gift_m_dense_h,tirex2,covariate_impulse_response,1,600,0.00047752205429487955,0.00011281670483026529,0.515,0.8083924773450686,0.8088699993993634,0.03323883514245952
gift,short,gift_m_dense_h,tirex2,covariate_impulse_response,2,600,-2.9071437041219515e-05,2.101617659375221e-05,0.505,0.817871828329021,0.8178427568919797,0.022095697629344054
gift,short,gift_m_dense_h,tirex2,covariate_impulse_response,3,600,0.00034364061876514143,-3.84601772075166e-05,0.48833333333333334,0.8321748984474956,0.8325185390662608,0.015233217679750858
gift,short,gift_m_dense_h,tirex2,covariate_impulse_response,4,600,0.0003368371991317897,0.0001130184813372681,0.5116666666666667,0.8497933439165085,0.8501301811156403,0.01117874988220342
gift,short,gift_m_dense_h,tirex2,covariate_impulse_response,5,600,0.00048374946049720553,8.41280315291848e-05,0.5166666666666667,0.865466251555563,0.8659500010160602,0.008401991458240717
fev,native,ETT_15T,Chronos-2,common_factor,1,40,-0.017373997978388317,-0.018520995297782672,0.375,0.6998397412443507,0.6824657432659624,0.47593241844095235
fev,native,ETT_15T,Chronos-2,common_factor,2,40,-0.017703968758474388,-0.01996456943863445,0.375,0.7016922455508631,0.6839882767923886,0.30951181081918333
fev,native,ETT_15T,Chronos-2,common_factor,3,40,-0.018418555238370226,-0.01686082477834644,0.35,0.7052284783990348,0.6868099231606645,0.20379965550558082
fev,native,ETT_15T,Chronos-2,common_factor,4,40,-0.019037606207643644,-0.013517847578807474,0.4,0.7084000548653033,0.6893624486576597,0.14358341270148486
fev,native,ETT_15T,Chronos-2,common_factor,5,40,-0.017985391121929307,-0.0102622023055996,0.45,0.7108222707669379,0.6928368796450087,0.10253974194708762
fev,native,ETT_15T,Chronos-2,cross_series_dependence,1,40,-0.007525129759587246,0.00864056154217216,0.6,0.782748982146288,0.7752238523867009,2.131532210819736
fev,native,ETT_15T,Chronos-2,cross_series_dependence,2,40,-0.008456505736675227,0.0027587633494013664,0.5,0.8267664407525179,0.8183099350158429,1.4546996018354852
fev,native,ETT_15T,Chronos-2,cross_series_dependence,3,40,-0.018261434645482685,-0.008445782622409553,0.45,0.9088732820771155,0.8906118474316328,1.042511569581955
fev,native,ETT_15T,Chronos-2,cross_series_dependence,4,40,-0.0035911388117285904,0.01403861362408354,0.55,1.0321448746797168,1.0285537358679884,0.820374755326102
fev,native,ETT_15T,Chronos-2,cross_series_dependence,5,40,0.013191571068529436,0.019630402055323348,0.625,1.2151908212610936,1.2283823923296229,0.6472276250256416
fev,native,ETT_15T,Timer-4.0,common_factor,1,40,-0.006352138834785677,-0.006263624054952205,0.35,0.7081066405055216,0.701754501670736,0.19685014803204665
fev,native,ETT_15T,Timer-4.0,common_factor,2,40,-0.005284502541088911,-0.00576325142126341,0.325,0.7088688705608963,0.7035843680198075,0.1304273639982327
fev,native,ETT_15T,Timer-4.0,common_factor,3,40,-0.005350235688125634,-0.007689527526122286,0.375,0.7095891054206552,0.7042388697325295,0.0864999840655357
fev,native,ETT_15T,Timer-4.0,common_factor,4,40,-0.004508709917458503,-0.0077793323500842115,0.375,0.7098504790715301,0.7053417691540718,0.06313365532808621
fev,native,ETT_15T,Timer-4.0,common_factor,5,40,-0.003354671325064568,-0.011629019183237138,0.4,0.7089358944866708,0.7055812231616062,0.04662010331243227
fev,native,ETT_15T,Timer-4.0,cross_series_dependence,1,40,0.03187650503839188,0.018830593654234895,0.7,0.7436707789956628,0.7755472840340547,1.0128303253610436
fev,native,ETT_15T,Timer-4.0,cross_series_dependence,2,40,0.021792243815961777,0.012982128094220086,0.6,0.7838361639126381,0.8056284077285998,0.6639958631564362
fev,native,ETT_15T,Timer-4.0,cross_series_dependence,3,40,0.010311682604019736,0.006620487327708036,0.575,0.8642806495162325,0.8745923321202522,0.43697988078587835
fev,native,ETT_15T,Timer-4.0,cross_series_dependence,4,40,7.133767799547275e-05,0.0006215932565987736,0.5,0.9952215989179883,0.995292936595984,0.28758967691043297
fev,native,ETT_15T,Timer-4.0,cross_series_dependence,5,40,-0.007260407164831353,-0.006849366479607766,0.4,1.1898932528306094,1.182632845665778,0.19554259034889998
fev,native,ETT_15T,tirex2,common_factor,1,40,1.2513043239820165e-05,-0.00196192169124626,0.475,0.6997176580867315,0.6997301711299713,0.10135579176320553
fev,native,ETT_15T,tirex2,common_factor,2,40,0.000821898947774996,-0.0010834795675021547,0.475,0.6994327669820961,0.7002546659298712,0.06475762299930359
fev,native,ETT_15T,tirex2,common_factor,3,40,0.0003891361093031363,-0.0002023800424884592,0.5,0.7000073059287502,0.7003964420380532,0.04419563547337411
fev,native,ETT_15T,tirex2,common_factor,4,40,0.0010404754399371836,4.2421290985861226e-05,0.5,0.7032633831526504,0.7043038585925874,0.03295780617623219
fev,native,ETT_15T,tirex2,common_factor,5,40,0.0010730311167779477,-4.437354966357887e-05,0.5,0.7088972418256771,0.7099702729424552,0.02554257847862751
fev,native,ETT_15T,tirex2,cross_series_dependence,1,40,0.008434514824302936,0.006912207120851249,0.625,0.7974587679828774,0.8058932828071803,0.5854177311523123
fev,native,ETT_15T,tirex2,cross_series_dependence,2,40,0.010925339268078534,0.0021773923237631276,0.575,0.8221210801347982,0.8330464194028767,0.37998887345013777
fev,native,ETT_15T,tirex2,cross_series_dependence,3,40,0.005750996866788326,-0.00022344212370184469,0.475,0.8749137706966117,0.8806647675634001,0.2521157595937816
fev,native,ETT_15T,tirex2,cross_series_dependence,4,40,-0.0044567069540354665,-0.0033592285178942194,0.45,0.9729555488766459,0.9684988419226105,0.1689218079862763
fev,native,ETT_15T,tirex2,cross_series_dependence,5,40,-0.008062394561269996,-0.009573838093271614,0.45,1.1686376492966921,1.1605752547354222,0.11033210991764308
fev,native,ETT_15T,toto2.0,common_factor,1,40,0.003443287378670537,-0.0011928072235182219,0.5,0.6903835972726229,0.6938268846512935,0.1912608766291943
fev,native,ETT_15T,toto2.0,common_factor,2,40,0.0034556998538075936,0.0020843679255392322,0.55,0.6867854243583269,0.6902411242121345,0.12664176765213053
fev,native,ETT_15T,toto2.0,common_factor,3,40,0.0026264713950137366,0.002716535375560214,0.525,0.6829439618281288,0.6855704332231426,0.08529744161840536
fev,native,ETT_15T,toto2.0,common_factor,4,40,0.0024023853428243695,0.0029764333590180103,0.575,0.6821929915891567,0.6845953769319811,0.06183261022351731
fev,native,ETT_15T,toto2.0,common_factor,5,40,0.0033670184282941903,0.007427328333235339,0.575,0.69043152366436,0.6937985420926541,0.044956561443100514
fev,native,ETT_15T,toto2.0,cross_series_dependence,1,40,0.0021587573593383007,0.006919277363368281,0.575,0.7785000074004305,0.7806587647597688,0.5623072456448563
fev,native,ETT_15T,toto2.0,cross_series_dependence,2,40,0.008197615482987624,0.008240233410689829,0.6,0.8059016967571248,0.8140993122401123,0.40463908647968105
fev,native,ETT_15T,toto2.0,cross_series_dependence,3,40,0.017881387369090663,0.013648717177574737,0.675,0.8738538981389006,0.8917352855079914,0.28888526516952706
fev,native,ETT_15T,toto2.0,cross_series_dependence,4,40,0.02204627412212707,0.026893004780672303,0.625,1.0097783879773772,1.0318246620995044,0.210200047467095
fev,native,ETT_15T,toto2.0,cross_series_dependence,5,40,0.01915305531345956,0.029951373428945605,0.575,1.2029602685711394,1.222113323884599,0.15417268670926096
fev,native,ETT_1H,Chronos-2,common_factor,1,40,-0.017991746142273852,0.0010625151098078711,0.5,1.0517729470179922,1.0337812008757183,0.977751394474668
fev,native,ETT_1H,Chronos-2,common_factor,2,40,-0.018778184279447087,0.0029787448038127717,0.55,1.0573059208011026,1.0385277365216554,0.6495818873141105
fev,native,ETT_1H,Chronos-2,common_factor,3,40,-0.020354700292864833,0.006729579906704142,0.575,1.06430164374375,1.043946943450885,0.44543481760883585
fev,native,ETT_1H,Chronos-2,common_factor,4,40,-0.027428863490160476,0.011934793890133633,0.55,1.074702228729804,1.0472733652396433,0.3137338427697177
fev,native,ETT_1H,Chronos-2,common_factor,5,40,-0.0276098766448332,0.005367983975551216,0.575,1.0800608264725458,1.0524509498277126,0.2299251358335363
fev,native,ETT_1H,Chronos-2,cross_series_dependence,1,40,-0.0007875797223958064,-0.002163352571108279,0.475,1.2091816555660189,1.2083940758436227,1.9525916564748151
fev,native,ETT_1H,Chronos-2,cross_series_dependence,2,40,0.0016107844809622352,0.005039289135020053,0.55,1.2368504457443634,1.2384612302253257,1.3267326275699403
fev,native,ETT_1H,Chronos-2,cross_series_dependence,3,40,0.00696730865856085,0.01557181554358239,0.6,1.289906130206959,1.2968734388655199,0.8864595312285101
fev,native,ETT_1H,Chronos-2,cross_series_dependence,4,40,0.01775297325019033,0.020985185036648923,0.6,1.3904850878248678,1.408238061075058,0.6305904286744323
fev,native,ETT_1H,Chronos-2,cross_series_dependence,5,40,0.034039698721933465,0.025270145233220853,0.675,1.5556633890659337,1.5897030877878673,0.44466648256388747
fev,native,ETT_1H,Timer-4.0,common_factor,1,40,-0.022817656261611564,0.0010947089424526713,0.5,1.102840838793636,1.0800231825320243,0.6490787963866854
fev,native,ETT_1H,Timer-4.0,common_factor,2,40,-0.020235413278309612,-0.009305872231046841,0.425,1.1172822988265245,1.097046885548215,0.4311248221630636
fev,native,ETT_1H,Timer-4.0,common_factor,3,40,-0.028595445826967526,-0.007994801024180875,0.4,1.1369742890192267,1.1083788431922592,0.2943279223797433
fev,native,ETT_1H,Timer-4.0,common_factor,4,40,-0.04680875424416516,-0.014845417899467694,0.35,1.1616944184235267,1.1148856641793616,0.19906914497521744
fev,native,ETT_1H,Timer-4.0,common_factor,5,40,-0.045879737667857017,-0.012772162841501289,0.325,1.188872353851573,1.1429926161837158,0.13978700335866973
fev,native,ETT_1H,Timer-4.0,cross_series_dependence,1,40,-0.010303119743824364,-0.01047656722585466,0.45,1.1206995257525687,1.1103964060087441,1.8784555573481132
fev,native,ETT_1H,Timer-4.0,cross_series_dependence,2,40,-0.009013286476942307,-0.004410127660130658,0.475,1.147617950931775,1.1386046644548327,1.180090991805612
fev,native,ETT_1H,Timer-4.0,cross_series_dependence,3,40,-0.008537921730908213,0.0009577298649148247,0.5,1.21203594762951,1.2034980258986017,0.777781561505496
fev,native,ETT_1H,Timer-4.0,cross_series_dependence,4,40,-0.009029592113239598,-0.006935692868755838,0.45,1.325389976463283,1.3163603843500435,0.5249175402931414
fev,native,ETT_1H,Timer-4.0,cross_series_dependence,5,40,-0.010892803590481068,-0.002238770905357901,0.45,1.5152010667034619,1.5043082631129807,0.34065364856423713
fev,native,ETT_1H,tirex2,common_factor,1,40,-0.003139126186314242,-0.002876224041842901,0.325,1.120290637100058,1.1171515109137438,0.1714244749192002
fev,native,ETT_1H,tirex2,common_factor,2,40,-0.0011714103693422294,-0.0016244812705325518,0.425,1.1283313877739247,1.1271599774045824,0.12406478925993125
fev,native,ETT_1H,tirex2,common_factor,3,40,-0.002419866137727769,-0.0005596848312225955,0.5,1.1495137106002946,1.147093844462567,0.08446179374666589
fev,native,ETT_1H,tirex2,common_factor,4,40,-0.0013188055964640844,-0.001535635712467065,0.475,1.1784639684849862,1.1771451628885221,0.06190284075138073
fev,native,ETT_1H,tirex2,common_factor,5,40,-0.0014753211153893304,0.0019516076237532376,0.55,1.2067791279968945,1.2053038068815052,0.04704039379784917
fev,native,ETT_1H,tirex2,cross_series_dependence,1,40,0.0015958580120853118,0.0016917768508994402,0.55,1.2124830616126496,1.2140789196247348,0.4795796301408499
fev,native,ETT_1H,tirex2,cross_series_dependence,2,40,0.0028692936530826914,0.0036438861315576387,0.55,1.2402027089924652,1.243072002645548,0.33920197135651
fev,native,ETT_1H,tirex2,cross_series_dependence,3,40,0.0007024387864222964,-0.00034181469264105147,0.475,1.3013160555418626,1.3020184943282849,0.24482188467885066
fev,native,ETT_1H,tirex2,cross_series_dependence,4,40,0.0010375038515153395,0.001231105518600062,0.525,1.4035890854919166,1.404626589343432,0.18224570056993677
fev,native,ETT_1H,tirex2,cross_series_dependence,5,40,0.0001713460027351843,-0.00011305841393755012,0.5,1.5681472552024576,1.5683186012051926,0.137630059850163
fev,native,ETT_1H,toto2.0,common_factor,1,40,-0.02310442388847778,-0.019347636776940125,0.325,1.0589603753487744,1.0358559514602965,0.46603290681258985
fev,native,ETT_1H,toto2.0,common_factor,2,40,-0.0245164803873072,-0.02158075532931303,0.325,1.0664906382947457,1.0419741579074384,0.3316838063276063
fev,native,ETT_1H,toto2.0,common_factor,3,40,-0.029643965290749075,-0.025412521975603675,0.35,1.0791265188862886,1.0494825535955397,0.2447697904976452
fev,native,ETT_1H,toto2.0,common_factor,4,40,-0.03655063877463761,-0.026741071559458485,0.3,1.096107529189077,1.0595568904144392,0.1862102202252617
fev,native,ETT_1H,toto2.0,common_factor,5,40,-0.04310042345324923,-0.02283911588219789,0.3,1.1109196860839503,1.0678192626307013,0.14797524519174937
fev,native,ETT_1H,toto2.0,cross_series_dependence,1,40,-0.02664223499623759,-0.006670745155682889,0.45,1.194951837976103,1.1683096029798656,0.9173532418334629
fev,native,ETT_1H,toto2.0,cross_series_dependence,2,40,-0.025348047356395793,-0.005202206956336886,0.45,1.2152272767831092,1.1898792294267135,0.6202099285785152
fev,native,ETT_1H,toto2.0,cross_series_dependence,3,40,-0.023832279031367608,-0.0013855460608385162,0.5,1.2617251508805736,1.2378928718492062,0.44188611443684345
fev,native,ETT_1H,toto2.0,cross_series_dependence,4,40,-0.021426645050099207,0.0028890657316515966,0.55,1.3560102501790012,1.334583605128902,0.3305615302582116
fev,native,ETT_1H,toto2.0,cross_series_dependence,5,40,-0.02486584269572882,0.010247600338270879,0.525,1.5087122083178608,1.483846365622132,0.25146946962933275
fev,native,bizitobs_l2c_5T,Chronos-2,common_factor,1,20,0.06365775927487018,0.016372925285942603,0.7,0.46588192158952796,0.5295396808643982,1.0738064651403048
fev,native,bizitobs_l2c_5T,Chronos-2,common_factor,2,20,0.07765168181070334,0.031714410055053696,0.8,0.4868641613345715,0.5645158431452748,0.7506279086976063
fev,native,bizitobs_l2c_5T,Chronos-2,common_factor,3,20,0.09132743632300722,0.04310905113364974,0.75,0.5081623490878773,0.5994897854108845,0.5606218722292781
fev,native,bizitobs_l2c_5T,Chronos-2,common_factor,4,20,0.07991658988827362,0.020478044136349752,0.65,0.5288434136615633,0.6087600035498368,0.4455986357656429
fev,native,bizitobs_l2c_5T,Chronos-2,common_factor,5,20,0.0752206518850645,0.0047626932475732815,0.55,0.5390806159531356,0.6143012678382002,0.3252425660304944
fev,native,bizitobs_l2c_5T,Chronos-2,cross_series_dependence,1,20,0.04282645898733699,0.003899376450890571,0.55,0.4338418046975163,0.47666826368485327,1.153185121334655
fev,native,bizitobs_l2c_5T,Chronos-2,cross_series_dependence,2,20,0.04041188311565656,0.0003488017048445813,0.5,0.4474445639865817,0.4878564471022383,0.7208140780218788
fev,native,bizitobs_l2c_5T,Chronos-2,cross_series_dependence,3,20,0.037015314081726335,-0.005648742553068881,0.45,0.4661744161984413,0.5031897302801676,0.48940418052189233
fev,native,bizitobs_l2c_5T,Chronos-2,cross_series_dependence,4,20,0.023196708869769416,-0.014482992377989154,0.35,0.5083697315712521,0.5315664404410214,0.34089028382066033
fev,native,bizitobs_l2c_5T,Chronos-2,cross_series_dependence,5,20,0.006564331276864288,-0.024578734721051577,0.3,0.5930294158285969,0.5995937471054613,0.27746116729781567
fev,native,bizitobs_l2c_5T,Timer-4.0,common_factor,1,20,-0.020952683205691634,-0.0126989688656647,0.25,0.41098938942173885,0.39003670621604725,0.6377065173730556
fev,native,bizitobs_l2c_5T,Timer-4.0,common_factor,2,20,-0.0191622168594124,-0.014515659228318639,0.25,0.41785314951618213,0.3986909326567698,0.43963805969269804
fev,native,bizitobs_l2c_5T,Timer-4.0,common_factor,3,20,-0.012991129245120536,-0.009431730311400714,0.45,0.42621107330168684,0.4132199440565663,0.333660022224542
fev,native,bizitobs_l2c_5T,Timer-4.0,common_factor,4,20,-0.01090996038566111,0.00037771008338120804,0.5,0.4304205377253081,0.4195105773396469,0.2585990099720238
fev,native,bizitobs_l2c_5T,Timer-4.0,common_factor,5,20,-0.004109126990752318,-0.003936410876513224,0.45,0.42540655977192027,0.42129743278116794,0.18715473568826438
fev,native,bizitobs_l2c_5T,Timer-4.0,cross_series_dependence,1,20,-0.036636143259119056,-0.012574294194653807,0.25,0.41681545522529523,0.38017931196617616,0.7107663179317836
fev,native,bizitobs_l2c_5T,Timer-4.0,cross_series_dependence,2,20,-0.03331349964155481,-0.01145757771662971,0.3,0.445755023563536,0.4124415239219812,0.4604640131990573
fev,native,bizitobs_l2c_5T,Timer-4.0,cross_series_dependence,3,20,-0.031005950074373866,-0.01715715761123912,0.3,0.48701562193419906,0.45600967185982516,0.3195350417544395
fev,native,bizitobs_l2c_5T,Timer-4.0,cross_series_dependence,4,20,-0.022542556516253365,-0.009357112888828178,0.3,0.5656518028632148,0.5431092463469616,0.23640711330732148
fev,native,bizitobs_l2c_5T,Timer-4.0,cross_series_dependence,5,20,-0.005907995149533184,-0.007369670817741953,0.35,0.6986063145661972,0.6926983194166638,0.1970653085944826
fev,native,bizitobs_l2c_5T,tirex2,common_factor,1,20,-0.008111939052190743,-0.0035563491332537,0.35,0.8832386201514557,0.8751266810992654,0.22595248631143594
fev,native,bizitobs_l2c_5T,tirex2,common_factor,2,20,-0.007390183241642365,-0.0015369216593240642,0.45,0.8751554537784333,0.8677652705367909,0.16259666533746123
fev,native,bizitobs_l2c_5T,tirex2,common_factor,3,20,-0.00738718074296611,-0.0024192870798429855,0.45,0.8840642769900695,0.8766770962471035,0.10608901314797017
fev,native,bizitobs_l2c_5T,tirex2,common_factor,4,20,-0.008314641790124288,-0.002236180346729344,0.4,0.9072763816863993,0.898961739896275,0.0858196373929577
fev,native,bizitobs_l2c_5T,tirex2,common_factor,5,20,-0.008483412059735525,-0.0031174506200926377,0.4,0.9597661452000222,0.9512827331402868,0.07003773725325822
fev,native,bizitobs_l2c_5T,tirex2,cross_series_dependence,1,20,0.0022421516973147567,0.0008741122538484195,0.65,0.5808847993388061,0.5831269510361208,0.39046379304916956
fev,native,bizitobs_l2c_5T,tirex2,cross_series_dependence,2,20,0.004100680884599817,0.0014733746622916776,0.6,0.6115284276974257,0.6156291085820254,0.2611392317211846
fev,native,bizitobs_l2c_5T,tirex2,cross_series_dependence,3,20,0.008131152215779978,0.0016928365560627545,0.7,0.6460867194317815,0.6542178716475616,0.19285108648518862
fev,native,bizitobs_l2c_5T,tirex2,cross_series_dependence,4,20,0.010030700626556432,0.0027090034219552587,0.75,0.6958176468712949,0.7058483474978514,0.13956129365864142
fev,native,bizitobs_l2c_5T,tirex2,cross_series_dependence,5,20,0.018319761263095764,0.00667901899503346,0.75,0.7838468073905209,0.8021665686536167,0.11258484594560517
fev,native,bizitobs_l2c_5T,toto2.0,common_factor,1,20,0.08672925566386842,0.025559801832734794,0.7,0.6013214523867287,0.6880507080505972,1.1430072759841494
fev,native,bizitobs_l2c_5T,toto2.0,common_factor,2,20,0.04558116933976814,0.02745218124018335,0.65,0.6311320927731581,0.6767132621129264,0.5779574681462296
fev,native,bizitobs_l2c_5T,toto2.0,common_factor,3,20,0.048760545621153784,0.023672685067767665,0.7,0.6338744742477501,0.6826350198689038,0.39335539550413234
fev,native,bizitobs_l2c_5T,toto2.0,common_factor,4,20,0.05832872060161502,0.017491334862436148,0.65,0.6442427630372722,0.7025714836388872,0.3107505424682941
fev,native,bizitobs_l2c_5T,toto2.0,common_factor,5,20,0.06340087952937364,0.01695132734890919,0.65,0.6665566662848709,0.7299575458142444,0.21932132209590094
fev,native,bizitobs_l2c_5T,toto2.0,cross_series_dependence,1,20,0.02914675060737954,0.01764438780915084,0.5,0.6427416264613894,0.671888377068769,1.0945555402673137
fev,native,bizitobs_l2c_5T,toto2.0,cross_series_dependence,2,20,0.03650348368145575,0.02463238905836941,0.5,0.704889430256243,0.7413929139376989,0.6704908367926476
fev,native,bizitobs_l2c_5T,toto2.0,cross_series_dependence,3,20,0.04543829147579417,0.03878766289166004,0.55,0.7769138980603942,0.8223521895361884,0.454876749093431
fev,native,bizitobs_l2c_5T,toto2.0,cross_series_dependence,4,20,0.05708927832461017,0.05442692487358229,0.7,0.8710095636643403,0.9280988419889507,0.332013345116514
fev,native,bizitobs_l2c_5T,toto2.0,cross_series_dependence,5,20,0.07359390550144163,0.07118576947790045,0.65,1.0193942565917558,1.0929881620931974,0.27442912721866675
fev,native,boomlet_1282,Chronos-2,common_factor,1,20,0.00018031527125286702,0.0007441473074733564,0.5,0.6300995331372388,0.6302798484084916,1.198093853408385
fev,native,boomlet_1282,Chronos-2,common_factor,2,20,0.0010170546442122615,0.0006618502948332675,0.5,0.6314771483655177,0.63249420300973,0.7437786395235592
fev,native,boomlet_1282,Chronos-2,common_factor,3,20,0.002491617627268897,0.001456984171765669,0.55,0.632144704310394,0.634636321937663,0.48326301161254304
fev,native,boomlet_1282,Chronos-2,common_factor,4,20,0.0035100075521577734,0.0011841850783936708,0.6,0.6327429497204887,0.6362529572726464,0.34280366198581474
fev,native,boomlet_1282,Chronos-2,common_factor,5,20,0.00513736710512423,0.00027735333617531083,0.5,0.6354807666584775,0.6406181337636017,0.2493038909040604
fev,native,boomlet_1282,Chronos-2,cross_series_dependence,1,20,0.0008713346770707634,0.0006847996793117594,0.65,0.2998882339849132,0.30075956866198394,0.06103327399951296
fev,native,boomlet_1282,Chronos-2,cross_series_dependence,2,20,0.0007742883187895483,0.0008344243398327733,0.65,0.3001494853367048,0.3009237736554944,0.041412794562895906
fev,native,boomlet_1282,Chronos-2,cross_series_dependence,3,20,0.0007119699435913105,0.0012001475068779965,0.6,0.30050617471166374,0.3012181446552551,0.02956483218627341
fev,native,boomlet_1282,Chronos-2,cross_series_dependence,4,20,0.0008540554393174041,0.001303620116720805,0.6,0.30136591652677475,0.3022199719660921,0.021795161170909592
fev,native,boomlet_1282,Chronos-2,cross_series_dependence,5,20,0.001040520572802503,0.001814696268508581,0.6,0.3030503484235927,0.3040908689963952,0.017424956356276285
fev,native,boomlet_1282,Timer-4.0,common_factor,1,20,0.011280168934762648,0.003984762192770917,0.6,0.6525966466353025,0.6638768155700651,0.7485679868942721
fev,native,boomlet_1282,Timer-4.0,common_factor,2,20,0.010671524060605186,0.0017889433942952053,0.55,0.6556749373944264,0.6663464614550316,0.46277403168628223
fev,native,boomlet_1282,Timer-4.0,common_factor,3,20,0.009209570208354653,0.0023542659425599723,0.55,0.6621368976713609,0.6713464678797155,0.30193908175775974
fev,native,boomlet_1282,Timer-4.0,common_factor,4,20,0.010318015125988567,0.0016809399190080287,0.55,0.6676695150414742,0.6779875301674628,0.21834081889974244
fev,native,boomlet_1282,Timer-4.0,common_factor,5,20,0.009771896902808276,0.0007779249901622431,0.55,0.6752668655778997,0.685038762480708,0.15538507290484788
fev,native,boomlet_1282,Timer-4.0,cross_series_dependence,1,20,-0.0015739957770988632,-0.0012551777489566984,0.45,0.3017480398016497,0.30017404402455083,0.053890632938321595
fev,native,boomlet_1282,Timer-4.0,cross_series_dependence,2,20,-0.00123227830684597,-0.0010850307837698137,0.45,0.30178831891589014,0.3005560406090443,0.035430843759218254
fev,native,boomlet_1282,Timer-4.0,cross_series_dependence,3,20,-0.0007401446328085814,-0.0011040985294406835,0.4,0.30184679140972187,0.30110664677691334,0.02560740717490308
fev,native,boomlet_1282,Timer-4.0,cross_series_dependence,4,20,-0.0016339040923768644,-0.001648157243238385,0.4,0.3028207232900196,0.3011868191976427,0.01999308318744569
fev,native,boomlet_1282,Timer-4.0,cross_series_dependence,5,20,-0.0018941878007475196,-0.0007988806993330516,0.4,0.30520901406519485,0.30331482626444733,0.015363863811999978
fev,native,boomlet_1282,tirex2,common_factor,1,20,-0.004188011072607918,0.00027172026216763095,0.5,0.6647731034843636,0.6605850924117557,0.3982685654282444
fev,native,boomlet_1282,tirex2,common_factor,2,20,-0.0043843767053566565,0.0005803188173492992,0.65,0.6671395268451331,0.6627551501397766,0.24883637414432336
fev,native,boomlet_1282,tirex2,common_factor,3,20,-0.003940813932574667,0.0007631308084336472,0.65,0.6681447671456986,0.6642039532131241,0.16067814904058528
fev,native,boomlet_1282,tirex2,common_factor,4,20,-0.0035775481457537097,0.0009469733969350511,0.7,0.6697487104457996,0.6661711623000459,0.11910222243108552
fev,native,boomlet_1282,tirex2,common_factor,5,20,-0.005153847010629817,0.0018954774313997072,0.65,0.6731877059328704,0.6680338589222405,0.08422153975950039
fev,native,boomlet_1282,tirex2,cross_series_dependence,1,20,5.228284669828165e-06,-0.00014598195211348863,0.45,0.2980976673297747,0.2981028956144446,0.010567294823882316
fev,native,boomlet_1282,tirex2,cross_series_dependence,2,20,6.088022067064769e-06,-4.671054726759771e-05,0.45,0.2983256653300036,0.2983317533520707,0.007617873340004256
fev,native,boomlet_1282,tirex2,cross_series_dependence,3,20,-6.226097768029237e-05,-1.3844802736140416e-05,0.5,0.2986942414155652,0.29863198043788497,0.0052825943439331535
fev,native,boomlet_1282,tirex2,cross_series_dependence,4,20,5.665394270372992e-05,9.353650582033524e-05,0.55,0.29931384044821996,0.2993704943909238,0.004042437438066197
fev,native,boomlet_1282,tirex2,cross_series_dependence,5,20,2.5680504930851445e-05,2.8691054715007658e-05,0.55,0.3006684414633218,0.30069412196825257,0.003176767612645779
fev,native,boomlet_1282,toto2.0,common_factor,1,20,-0.007941876072274008,0.0015264341672630855,0.6,0.6272208705103852,0.6192789944381112,0.47652151997354675
fev,native,boomlet_1282,toto2.0,common_factor,2,20,-0.007599641828084827,0.0004497514943108405,0.5,0.6293798535224515,0.6217802116943668,0.3092338239981277
fev,native,boomlet_1282,toto2.0,common_factor,3,20,-0.008085489451812745,0.0007002894828083348,0.55,0.634028413712522,0.6259429242607093,0.20604134786073414
fev,native,boomlet_1282,toto2.0,common_factor,4,20,-0.008150626742827885,0.00294478328596888,0.65,0.637140469236162,0.6289898424933339,0.15723280630391318
fev,native,boomlet_1282,toto2.0,common_factor,5,20,-0.008312596439799305,0.0023367874251287724,0.6,0.6444738012501088,0.6361612048103095,0.11338884410200212
fev,native,boomlet_1282,toto2.0,cross_series_dependence,1,20,0.010711325563000518,0.010292855484408447,1.0,0.33213234894130766,0.3428436745043082,0.04949013911593653
fev,native,boomlet_1282,toto2.0,cross_series_dependence,2,20,0.011570734281046607,0.01137235941145523,1.0,0.3355621842544275,0.3471329185354741,0.0339212554987699
fev,native,boomlet_1282,toto2.0,cross_series_dependence,3,20,0.012904050028907734,0.01253585552487052,1.0,0.34085485942284116,0.35375890945174887,0.024568021075465987
fev,native,boomlet_1282,toto2.0,cross_series_dependence,4,20,0.01519065797234589,0.01477847555522413,1.0,0.34921531337157397,0.36440597134391983,0.01844582217333179
fev,native,boomlet_1282,toto2.0,cross_series_dependence,5,20,0.01805954471662013,0.0182493741209471,1.0,0.3618780066126789,0.3799375513292991,0.014593442190857783
fev,native,boomlet_619,Chronos-2,common_factor,1,20,0.005117449682236349,0.008093182786575018,0.7,0.16049648508772393,0.16561393476996028,0.5471081113038363
fev,native,boomlet_619,Chronos-2,common_factor,2,20,0.0033909158329017085,0.009055169234857177,0.65,0.1627054478664684,0.16609636369937014,0.3832246436332643
fev,native,boomlet_619,Chronos-2,common_factor,3,20,0.0028957672542960313,0.006790708136540126,0.7,0.16050272199766133,0.16339848925195735,0.2538509504677428
fev,native,boomlet_619,Chronos-2,common_factor,4,20,0.0038043625803828455,0.0021420982817797266,0.65,0.1609052031810762,0.16470956576145904,0.1687815191096677
fev,native,boomlet_619,Chronos-2,common_factor,5,20,0.0024844332265285276,-0.0019886245181064965,0.4,0.16274769280050289,0.16523212602703147,0.11662473367840884
fev,native,boomlet_619,Chronos-2,cross_series_dependence,1,20,0.0013549671043684222,0.003246918223754877,0.55,0.3089714878539951,0.3103264549583635,4.203892690245064
fev,native,boomlet_619,Chronos-2,cross_series_dependence,2,20,0.003231955413028828,0.0024564184590274707,0.55,0.34603350090818374,0.34926545632121264,2.7271248813700555
fev,native,boomlet_619,Chronos-2,cross_series_dependence,3,20,0.006076035176066451,0.00413956425955006,0.6,0.4050683753795809,0.41114441055564743,1.9418546376335235
fev,native,boomlet_619,Chronos-2,cross_series_dependence,4,20,0.009170096598185023,0.012080359145670683,0.6,0.5015971679240053,0.5107672645221902,1.456242742845566
fev,native,boomlet_619,Chronos-2,cross_series_dependence,5,20,0.012910076429772677,0.0195764451964085,0.7,0.6297479692933378,0.6426580457231104,1.3055739427186572
fev,native,boomlet_619,Timer-4.0,common_factor,1,20,-0.0071981814300018055,-0.00559234494433114,0.35,0.1693789680836929,0.16218078665369107,0.41637289737555194
fev,native,boomlet_619,Timer-4.0,common_factor,2,20,-0.007485439112202908,-0.006442085448971527,0.25,0.17365665470489874,0.16617121559269585,0.2892096131634173
fev,native,boomlet_619,Timer-4.0,common_factor,3,20,-0.007736835049823351,-0.007594376395134841,0.35,0.17830413273408885,0.17056729768426543,0.21958291599069182
fev,native,boomlet_619,Timer-4.0,common_factor,4,20,-0.006980972978113284,-0.011552318535793957,0.45,0.18468702778877966,0.17770605481066634,0.15622589565404738
fev,native,boomlet_619,Timer-4.0,common_factor,5,20,-0.008277199309562642,-0.01032851349998265,0.45,0.1909880044596229,0.18271080515006027,0.12009471281935849
fev,native,boomlet_619,Timer-4.0,cross_series_dependence,1,20,0.0010788629588486878,3.4344675765324295e-05,0.5,0.3039427921532785,0.30502165511212725,5.767803671213387
fev,native,boomlet_619,Timer-4.0,cross_series_dependence,2,20,0.0010834815321099894,0.0009470824047666249,0.55,0.3375874806279199,0.3386709621600298,3.846497013970444
fev,native,boomlet_619,Timer-4.0,cross_series_dependence,3,20,0.002664108098849005,-0.0014754022837161207,0.45,0.393914875253426,0.396578983352275,2.510517380324956
fev,native,boomlet_619,Timer-4.0,cross_series_dependence,4,20,0.0009132640255846286,-0.00393174469149013,0.4,0.48845995076193793,0.4893732147875225,1.7355495351680712
fev,native,boomlet_619,Timer-4.0,cross_series_dependence,5,20,0.002461404084374641,-0.0026396512858114507,0.45,0.6152868620940364,0.617748266178411,1.168772483505243
fev,native,boomlet_619,tirex2,common_factor,1,20,-0.0013801668514205657,0.00032819765876770934,0.5,0.13863361911607577,0.1372534522646552,0.2692694970511341
fev,native,boomlet_619,tirex2,common_factor,2,20,-0.0020315105413771474,0.0027787117877585005,0.55,0.14434575459443755,0.14231424405306042,0.17735348055528938
fev,native,boomlet_619,tirex2,common_factor,3,20,-0.0007986655635684216,0.0006592903826133784,0.5,0.14646007817438028,0.1456614126108119,0.11506649149123652
fev,native,boomlet_619,tirex2,common_factor,4,20,-0.00027572021290656057,-0.003805424429872445,0.4,0.14982219135132105,0.14954647113841446,0.07830820935194847
fev,native,boomlet_619,tirex2,common_factor,5,20,-0.000882649041531764,-0.0037047680567655616,0.4,0.15776707019302047,0.15688442115148868,0.060647473669554364
fev,native,boomlet_619,tirex2,cross_series_dependence,1,20,-0.0009695527971366344,0.0005862992106180909,0.6,0.3256436661440124,0.32467411334687574,1.4757592439800067
fev,native,boomlet_619,tirex2,cross_series_dependence,2,20,0.0008676970932526742,0.0025397053748190818,0.65,0.3602748570245232,0.3611425541177759,0.9546430626066942
fev,native,boomlet_619,tirex2,cross_series_dependence,3,20,0.0026494104942345275,0.002911345289595191,0.7,0.4145843517635048,0.4172337622577393,0.6672022010730508
fev,native,boomlet_619,tirex2,cross_series_dependence,4,20,0.005776309300208232,0.00641980313585136,0.75,0.5075790114429799,0.513355320743188,0.4639736467712696
fev,native,boomlet_619,tirex2,cross_series_dependence,5,20,0.009686758744928772,0.006978063581315197,0.95,0.6287524224252014,0.6384391811701302,0.4081187018826002
fev,native,boomlet_619,toto2.0,common_factor,1,20,-0.0031322234895868246,-0.000572596655464809,0.45,0.09739975917569156,0.09426753568610473,0.28892645952130575
fev,native,boomlet_619,toto2.0,common_factor,2,20,-0.0041000284112146105,-0.0024339178837881562,0.2,0.1007299956622254,0.09662996725101079,0.1718461628764299
fev,native,boomlet_619,toto2.0,common_factor,3,20,-0.005138449814781213,-0.0037038369239274817,0.25,0.10238800878202696,0.09724955896724576,0.136408301223579
fev,native,boomlet_619,toto2.0,common_factor,4,20,-0.005640155643860377,-0.005362290510448245,0.3,0.10832717375655132,0.10268701811269099,0.10572416736517831
fev,native,boomlet_619,toto2.0,common_factor,5,20,-0.006924728738962155,-0.006765234652009629,0.3,0.11325420586925214,0.10632947713029002,0.0787004412264792
fev,native,boomlet_619,toto2.0,cross_series_dependence,1,20,0.0024392520151613134,0.002551574239362017,0.65,0.25266730342566174,0.25510655544082306,2.300993086626966
fev,native,boomlet_619,toto2.0,cross_series_dependence,2,20,0.002029183776635246,0.0027258391512096636,0.6,0.2958142065884196,0.29784339036505486,1.2836010222523269
fev,native,boomlet_619,toto2.0,cross_series_dependence,3,20,0.005027968877086067,0.0032277772365803814,0.65,0.35462824238789203,0.35965621126497804,0.8883620060965776
fev,native,boomlet_619,toto2.0,cross_series_dependence,4,20,0.008935065144143887,0.006247121199707217,0.8,0.4515564662442638,0.4604915313884076,0.5828603749081339
fev,native,boomlet_619,toto2.0,cross_series_dependence,5,20,0.011082367320424438,0.00949265240993541,0.95,0.5822419990612474,0.593324366381672,0.3749438649174417
fev,native,epf_np,Chronos-2,covariate_impulse_response,1,20,0.2824465110804411,0.06683701622115451,0.55,1.0151135646013054,1.2975600756817465,0.8472458756167335
fev,native,epf_np,Chronos-2,covariate_impulse_response,2,20,0.3079221929569849,0.10226596965051324,0.65,1.0956332135585187,1.4035554065155036,0.5765254676563196
fev,native,epf_np,Chronos-2,covariate_impulse_response,3,20,0.31420745699790115,0.06727312501636526,0.65,1.260510031614945,1.574717488612846,0.41766870098841835
fev,native,epf_np,Chronos-2,covariate_impulse_response,4,20,0.3324094586475311,0.01475191643517848,0.5,1.5563948420871985,1.88880430073473,0.30903668547385266
fev,native,epf_np,Chronos-2,covariate_impulse_response,5,20,0.35820176672451803,0.04624439904596245,0.5,1.9144813416850117,2.27268310840953,0.22656489685062695
fev,native,epf_np,Timer-4.0,covariate_impulse_response,1,20,0.08205167979094452,0.04865214776162585,0.7,1.2995978754852864,1.3816495552762311,0.4146689164026263
fev,native,epf_np,Timer-4.0,covariate_impulse_response,2,20,0.04311388020639465,0.029142374738108767,0.65,1.5345074438509485,1.5776213240573433,0.24029264625517466
fev,native,epf_np,Timer-4.0,covariate_impulse_response,3,20,0.05154477120049752,0.051270071469256745,0.6,1.7287567429565907,1.7803015141570877,0.18237539413441478
fev,native,epf_np,Timer-4.0,covariate_impulse_response,4,20,0.08326005571743393,0.0459787815646297,0.65,1.9920883091258563,2.07534836484329,0.15177994983966386
fev,native,epf_np,Timer-4.0,covariate_impulse_response,5,20,0.11218110751734038,0.06435914035852236,0.75,2.262499455950606,2.3746805634679466,0.10246923129303862
fev,native,epf_np,timesfm2.5,covariate_impulse_response,1,20,0.12623459732207248,0.17166219104484468,0.6,1.302455276739202,1.4286898740612741,0.7556953312634048
fev,native,epf_np,timesfm2.5,covariate_impulse_response,2,20,0.09905992600741771,0.03682074832030699,0.6,1.5165379147117894,1.6155978407192073,0.47570238245288304
fev,native,epf_np,timesfm2.5,covariate_impulse_response,3,20,0.06843166733888911,-0.013994402623927926,0.4,1.8344548444415847,1.9028865117804734,0.34401650542522166
fev,native,epf_np,timesfm2.5,covariate_impulse_response,4,20,0.1476038536167464,-0.026631193414481225,0.5,1.925844755787327,2.073448609404074,0.25958574233973336
fev,native,epf_np,timesfm2.5,covariate_impulse_response,5,20,0.17651004672347348,0.08946460878341533,0.55,2.169266048969905,2.3457760956933784,0.19291581273246766
fev,native,epf_np,tirex2,covariate_impulse_response,1,20,0.13996181066997,0.10944060571013844,0.7,0.939635953570819,1.0795977642407886,0.5490758147735089
fev,native,epf_np,tirex2,covariate_impulse_response,2,20,0.16827728407628711,0.12658357898763012,0.6,1.0930063391185494,1.2612836231948363,0.4085039057523024
fev,native,epf_np,tirex2,covariate_impulse_response,3,20,0.10944821865002904,0.04908999146665638,0.55,1.3119894009403457,1.4214376195903748,0.2924233182855845
fev,native,epf_np,tirex2,covariate_impulse_response,4,20,0.11678400689987949,-0.004490805413669863,0.45,1.6241103508489172,1.7408943577487968,0.1961756962273287
fev,native,epf_np,tirex2,covariate_impulse_response,5,20,0.08162698666219564,-0.01142551531669378,0.45,2.058739690903503,2.140366677565699,0.13288367772456092
fev,native,jena_weather_1H,Chronos-2,common_factor,1,20,0.028942371042312516,-0.0003418663975254879,0.5,0.40727334530242587,0.4362157163447383,0.2899562008129899
fev,native,jena_weather_1H,Chronos-2,common_factor,2,20,0.02984440056538797,0.005064286385052234,0.55,0.4126362207898639,0.4424806213552519,0.1856045026714271
fev,native,jena_weather_1H,Chronos-2,common_factor,3,20,0.03284436931560301,0.011081252417759035,0.55,0.4238738833048262,0.4567182526204294,0.13086127639164155
fev,native,jena_weather_1H,Chronos-2,common_factor,4,20,0.032622324345526074,0.015542622477393533,0.6,0.43277393965133354,0.46539626399685946,0.0975414171435334
fev,native,jena_weather_1H,Chronos-2,common_factor,5,20,0.023380643646360545,0.004210280798737559,0.55,0.4471609017115494,0.47054154535791,0.06973980411571415
fev,native,jena_weather_1H,Chronos-2,cross_series_dependence,1,20,0.0037281762200696844,-0.005954770528431325,0.45,0.5019581820548538,0.5056863582749235,0.3953329606635243
fev,native,jena_weather_1H,Chronos-2,cross_series_dependence,2,20,0.004132915680335611,-0.00441103652882073,0.4,0.5132426347219858,0.5173755504023216,0.2546863071913854
fev,native,jena_weather_1H,Chronos-2,cross_series_dependence,3,20,0.009901459191280715,0.00022184137713679442,0.5,0.5451240747272947,0.5550255339185753,0.17720145893461373
fev,native,jena_weather_1H,Chronos-2,cross_series_dependence,4,20,0.017996796175483686,0.01688239401743938,0.6,0.5916134282710006,0.6096102244464843,0.11951942076738556
fev,native,jena_weather_1H,Chronos-2,cross_series_dependence,5,20,0.022650582151853636,0.022564113490536802,0.7,0.677415625832381,0.7000662079842348,0.08135093662639428
fev,native,jena_weather_1H,Timer-4.0,common_factor,1,20,0.01936946109288351,-0.009059781987257431,0.35,0.4129915861913614,0.43236104728424485,0.39957945084565466
fev,native,jena_weather_1H,Timer-4.0,common_factor,2,20,0.008830395409598622,0.0038879742056335403,0.6,0.41631421266811613,0.4251446080777147,0.23652132330924683
fev,native,jena_weather_1H,Timer-4.0,common_factor,3,20,0.007547224245995005,0.0030966081972753773,0.6,0.42094709100108607,0.4284943152470812,0.15754872871622982
fev,native,jena_weather_1H,Timer-4.0,common_factor,4,20,-0.0028963981497012307,0.001334949506576713,0.5,0.4377140868397751,0.4348176886900738,0.09513022062834561
fev,native,jena_weather_1H,Timer-4.0,common_factor,5,20,-0.004814593786805208,-0.016958244131670963,0.35,0.44722877621043694,0.4424141824236318,0.05945344540754287
fev,native,jena_weather_1H,Timer-4.0,cross_series_dependence,1,20,0.0158872828142462,-0.010703319192128621,0.4,0.5015714059313845,0.517458688745631,0.5745359413949865
fev,native,jena_weather_1H,Timer-4.0,cross_series_dependence,2,20,0.008747653839122488,-0.01509607083452194,0.35,0.5078072450170885,0.5165548988562111,0.33901797270758577
fev,native,jena_weather_1H,Timer-4.0,cross_series_dependence,3,20,0.0015860603403047581,-0.016476532927957366,0.35,0.5444680743470316,0.5460541346873363,0.20043700979486734
fev,native,jena_weather_1H,Timer-4.0,cross_series_dependence,4,20,0.004360140103581489,-0.0025380783645257143,0.45,0.5926086675742355,0.5969688076778169,0.11367279107805335
fev,native,jena_weather_1H,Timer-4.0,cross_series_dependence,5,20,0.011154594968702858,0.008010323646965606,0.55,0.6859270709438889,0.6970816659125918,0.07703115371416544
fev,native,jena_weather_1H,tirex2,common_factor,1,20,0.006218692623235383,0.00400786390188311,0.6,0.42533588279963297,0.4315545754228684,0.0840677941692515
fev,native,jena_weather_1H,tirex2,common_factor,2,20,0.0041756895689299914,0.002535424029922198,0.65,0.42961761272141485,0.43379330229034474,0.04791484782090537
fev,native,jena_weather_1H,tirex2,common_factor,3,20,0.011893033960899729,0.0075233413511738845,0.8,0.4290988663226803,0.44099190028358004,0.03447780349166924
fev,native,jena_weather_1H,tirex2,common_factor,4,20,0.0049707204025790565,0.00579573437897396,0.6,0.43559359116717855,0.4405643115697576,0.021394600429637558
fev,native,jena_weather_1H,tirex2,common_factor,5,20,0.007113226746584056,0.003904745519836529,0.6,0.44921093481471547,0.4563241615612995,0.016785477385341013
fev,native,jena_weather_1H,tirex2,cross_series_dependence,1,20,0.0031375525894584825,0.001821490371786999,0.5,0.5223287177064899,0.5254662702959484,0.191795854985848
fev,native,jena_weather_1H,tirex2,cross_series_dependence,2,20,-0.0003497824077371856,-0.004053449524025893,0.4,0.5429143437124456,0.5425645613047084,0.10406705942309498
fev,native,jena_weather_1H,tirex2,cross_series_dependence,3,20,-0.0033239897252794804,-0.005713186940160431,0.45,0.5892380068820974,0.5859140171568179,0.06752577528711458
fev,native,jena_weather_1H,tirex2,cross_series_dependence,4,20,-0.008516054563695653,-0.001827330139155009,0.45,0.6402083799580753,0.6316923253943798,0.042814289550840594
fev,native,jena_weather_1H,tirex2,cross_series_dependence,5,20,-0.007900757009213772,0.0024109743626036795,0.55,0.7281046983201367,0.720203941310923,0.028932068253333228
fev,native,jena_weather_1H,toto2.0,common_factor,1,20,0.024815665627311658,0.012806534644649245,0.6,0.43192318824403186,0.4567388538713434,0.2672612304733351
fev,native,jena_weather_1H,toto2.0,common_factor,2,20,0.03203613032310978,0.018248473046098113,0.7,0.43299710415269665,0.46503323447580625,0.1830864958499799
fev,native,jena_weather_1H,toto2.0,common_factor,3,20,0.02621491302743083,0.013449102945424493,0.65,0.4353748604982254,0.4615897735256561,0.11556145141541732
fev,native,jena_weather_1H,toto2.0,common_factor,4,20,0.02661166506150876,0.016133303078901325,0.6,0.4383302650556583,0.46494193011716706,0.07901662341324314
fev,native,jena_weather_1H,toto2.0,common_factor,5,20,0.02688282992981312,0.020547505370598865,0.65,0.44091544812090133,0.46779827805071444,0.05508009572435324
fev,native,jena_weather_1H,toto2.0,cross_series_dependence,1,20,0.004609101304828564,0.0119677447727317,0.7,0.5038614970508479,0.5084705983556767,0.2907921561724481
fev,native,jena_weather_1H,toto2.0,cross_series_dependence,2,20,0.008252007119346724,0.02335158298092807,0.75,0.5150154638125162,0.523267470931863,0.19030788696767392
fev,native,jena_weather_1H,toto2.0,cross_series_dependence,3,20,0.01087983500871537,0.024119349715845756,0.75,0.5470543747036226,0.5579342097123379,0.1321835487693248
fev,native,jena_weather_1H,toto2.0,cross_series_dependence,4,20,0.012821037742199054,0.016622422196904213,0.75,0.5975641309227873,0.6103851686649863,0.09218620656070539
fev,native,jena_weather_1H,toto2.0,cross_series_dependence,5,20,0.013327471418710792,0.016482293493669614,0.65,0.684995647997528,0.6983231194162387,0.0620469336694167
fev,native,proenfo_gfc14,Chronos-2,covariate_impulse_response,1,20,0.28304680222562,0.250046680706077,0.8,0.6777219776356751,0.960768779861295,1.018976279317128
fev,native,proenfo_gfc14,Chronos-2,covariate_impulse_response,2,20,0.26268281467440374,0.22950992775335438,0.75,0.8400212738813078,1.1027040885557113,0.6187563132050489
fev,native,proenfo_gfc14,Chronos-2,covariate_impulse_response,3,20,0.26155012132460004,0.2331309131886692,0.75,0.9923654225567887,1.2539155438813887,0.44735919905596094
fev,native,proenfo_gfc14,Chronos-2,covariate_impulse_response,4,20,0.26907596096262193,0.23691406262602407,0.75,1.1868508301326677,1.4559267910952896,0.3147050974196426
fev,native,proenfo_gfc14,Chronos-2,covariate_impulse_response,5,20,0.21772807180923123,0.23155343602958367,0.75,1.503630976251691,1.7213590480609224,0.2209954502440664
fev,native,proenfo_gfc14,Timer-4.0,covariate_impulse_response,1,20,0.03100663521646273,-0.0020064210809809246,0.5,0.6117447414111652,0.6427513766276279,0.40178194425348623
fev,native,proenfo_gfc14,Timer-4.0,covariate_impulse_response,2,20,0.03722035983346918,-0.00353803752354237,0.4,0.7963610133254202,0.8335813731588895,0.24562348649363605
fev,native,proenfo_gfc14,Timer-4.0,covariate_impulse_response,3,20,0.04536945587555849,0.0088384565389594,0.55,1.0268924854795132,1.0722619413550714,0.17864941777585594
fev,native,proenfo_gfc14,Timer-4.0,covariate_impulse_response,4,20,0.0511154353947955,0.010434007465523032,0.65,1.3515263177437942,1.4026417531385893,0.13540583103523335
fev,native,proenfo_gfc14,Timer-4.0,covariate_impulse_response,5,20,0.08591003684321233,0.026477737519614797,0.65,1.7652392387626399,1.8511492756058519,0.10651055487313901
fev,native,proenfo_gfc14,timesfm2.5,covariate_impulse_response,1,20,-0.013352086066293989,-0.004874763321842071,0.4,0.4308942100803034,0.41754212401400936,0.12841708142633743
fev,native,proenfo_gfc14,timesfm2.5,covariate_impulse_response,2,20,-0.012278822094844903,-0.004085468560295902,0.35,0.6446224594887163,0.6323436373938713,0.07867611216968247
fev,native,proenfo_gfc14,timesfm2.5,covariate_impulse_response,3,20,-0.012467098704284321,-0.0025911003547063327,0.4,0.90409475864915,0.8916276599448658,0.05738873450940392
fev,native,proenfo_gfc14,timesfm2.5,covariate_impulse_response,4,20,-0.007948504302012082,0.002745207212104417,0.55,1.2426742518287328,1.2347257475267206,0.04036553191177393
fev,native,proenfo_gfc14,timesfm2.5,covariate_impulse_response,5,20,-0.018923847760843597,-0.0036264561785432914,0.4,1.661020688652966,1.6420968408921226,0.03254394270571941
fev,native,proenfo_gfc14,tirex2,covariate_impulse_response,1,20,-0.005835362295427374,-0.0014614627019693127,0.5,0.6375185937422152,0.6316832314467877,0.17471028610580924
fev,native,proenfo_gfc14,tirex2,covariate_impulse_response,2,20,0.0015041494528157478,0.008009538162268903,0.6,0.8051645360887425,0.8066686855415582,0.11136856399978852
fev,native,proenfo_gfc14,tirex2,covariate_impulse_response,3,20,0.006687602885880059,0.016808826471085836,0.65,0.9854996207662883,0.9921872236521683,0.08728854316134424
fev,native,proenfo_gfc14,tirex2,covariate_impulse_response,4,20,-0.006233135265071879,0.0007097731778722416,0.5,1.2626540631654772,1.2564209279004053,0.07611828566625482
fev,native,proenfo_gfc14,tirex2,covariate_impulse_response,5,20,-0.0029003089279381585,0.019867103288803034,0.6,1.6382059502617814,1.635305641333843,0.07679328413407692
fev,native,rohlik_orders_1D,Chronos-2,covariate_impulse_response,1,35,0.03518316688322403,0.018033045174699502,0.6571428571428571,1.2159578221501244,1.2511409890333487,0.46232011434082565
fev,native,rohlik_orders_1D,Chronos-2,covariate_impulse_response,2,35,0.039995778114284265,0.02040368027725259,0.6857142857142857,1.2278712588047875,1.2678670369190719,0.29925862844272116
fev,native,rohlik_orders_1D,Chronos-2,covariate_impulse_response,3,35,0.04414681469073757,0.009287505319975908,0.6285714285714286,1.2625335028558902,1.3066803175466277,0.2061356704041145
fev,native,rohlik_orders_1D,Chronos-2,covariate_impulse_response,4,35,0.045308721687304036,0.014699831629819249,0.6571428571428571,1.317608140998807,1.3629168626861108,0.1424122803016868
fev,native,rohlik_orders_1D,Chronos-2,covariate_impulse_response,5,35,0.04099590714715059,0.011727433928497288,0.6285714285714286,1.345053100117934,1.3860490072650848,0.10762323132283103
fev,native,rohlik_orders_1D,Timer-4.0,covariate_impulse_response,1,35,0.004797087150854089,0.002406987251104331,0.5428571428571428,1.2575856299444061,1.2623827170952602,0.12116826092683824
fev,native,rohlik_orders_1D,Timer-4.0,covariate_impulse_response,2,35,0.00518479049616961,0.0005179927661198569,0.5142857142857142,1.2698544938689391,1.2750392843651086,0.0804876297363061
fev,native,rohlik_orders_1D,Timer-4.0,covariate_impulse_response,3,35,0.004878874467973006,-0.0006594741031737961,0.45714285714285713,1.2998370965416965,1.3047159710096696,0.05360277100188282
fev,native,rohlik_orders_1D,Timer-4.0,covariate_impulse_response,4,35,0.0006837144228356193,-0.0012018043497560305,0.45714285714285713,1.350934886408687,1.3516186008315227,0.039608426561792205
fev,native,rohlik_orders_1D,Timer-4.0,covariate_impulse_response,5,35,-0.0010930299479510693,0.0006946710338485707,0.5714285714285714,1.39253050977052,1.3914374798225688,0.02633724337643712
fev,native,rohlik_orders_1D,tirex2,covariate_impulse_response,1,35,-0.0003533339401221136,0.00019488600273298573,0.5142857142857142,1.3745930557919277,1.3742397218518054,0.0351642558286543
fev,native,rohlik_orders_1D,tirex2,covariate_impulse_response,2,35,0.0010484734433659827,0.0009130506532530891,0.6571428571428571,1.397478682116933,1.3985271555602985,0.020541856572786305
fev,native,rohlik_orders_1D,tirex2,covariate_impulse_response,3,35,0.0019388140149816443,0.0012727721843497353,0.6571428571428571,1.4406990307048484,1.4426378447198298,0.0168101188167628
fev,native,rohlik_orders_1D,tirex2,covariate_impulse_response,4,35,0.0029655659575248943,0.0024415751843493982,0.7428571428571429,1.4886477722191203,1.4916133381766452,0.012588465171111281
fev,native,rohlik_orders_1D,tirex2,covariate_impulse_response,5,35,0.0026375395943430587,0.002626611306090876,0.7142857142857143,1.492692574573955,1.4953301141682982,0.009740975067841285
fev,native,rossmann_1D,Chronos-2,covariate_impulse_response,1,10610,-1.0894710737819207,-0.13687769924141113,0.4789820923656927,2.969177204514671,1.87970613073275,8.229504229740776
fev,native,rossmann_1D,Chronos-2,covariate_impulse_response,2,10610,-1.0735594734294487,-0.356753192594474,0.44373232799245993,2.9298682162646252,1.856308742835177,5.148572649776116
fev,native,rossmann_1D,Chronos-2,covariate_impulse_response,3,10610,-1.0494159426300154,-0.5796083913543325,0.40160226201696514,2.8648976990517436,1.8154817564217283,3.4569714521705825
fev,native,rossmann_1D,Chronos-2,covariate_impulse_response,4,10610,-1.0188730694183357,-0.7024722301643445,0.3581526861451461,2.7928007798249963,1.7739277104066606,2.3442132486547136
fev,native,rossmann_1D,Chronos-2,covariate_impulse_response,5,10610,-0.9973690042197997,-0.76665798579339,0.3294062205466541,2.7484229337587127,1.7510539295389136,1.645781521826372
fev,native,rossmann_1D,Timer-4.0,covariate_impulse_response,1,10610,-0.8067666817344175,-0.41721062229228756,0.3711592836946277,2.1515778182612313,1.344811136526814,5.6276375143887805
fev,native,rossmann_1D,Timer-4.0,covariate_impulse_response,2,10610,-0.8100816378912171,-0.4533365735912863,0.2905749293119698,2.0896973120132363,1.2796156741220193,3.4187398824517365
fev,native,rossmann_1D,Timer-4.0,covariate_impulse_response,3,10610,-0.8141645322084334,-0.48904777199618743,0.23289349670122525,2.0588082285312876,1.2446436963228542,2.291881831868099
fev,native,rossmann_1D,Timer-4.0,covariate_impulse_response,4,10610,-0.8185581389056292,-0.5087991348233674,0.20084825636192272,2.067264265984329,1.2487061270786997,1.5835330869637465
fev,native,rossmann_1D,Timer-4.0,covariate_impulse_response,5,10610,-0.8201634655647185,-0.5399188242679642,0.20113100848256363,2.112238120987052,1.2920746554223335,1.1387766652582172
fev,native,rossmann_1D,timesfm2.5,covariate_impulse_response,1,5350,0.000535736672610027,0.0005707045340415939,0.5375700934579439,0.4163416677866128,0.41687740445922283,0.3273703638974739
fev,native,rossmann_1D,timesfm2.5,covariate_impulse_response,2,5350,0.00011026851929840877,0.0004307533841752531,0.525607476635514,0.4665813689873126,0.46669163750661097,0.2116225620550536
fev,native,rossmann_1D,timesfm2.5,covariate_impulse_response,3,5350,9.96121141768549e-05,0.00042860960229890166,0.5207476635514019,0.5403161632672208,0.5404157753813975,0.15043526154991874
fev,native,rossmann_1D,timesfm2.5,covariate_impulse_response,4,5350,0.001355682915290788,0.0006516829786843981,0.5317757009345795,0.6486977736755117,0.6500534565908025,0.11154103767458073
fev,native,rossmann_1D,timesfm2.5,covariate_impulse_response,5,5350,0.0031504661398051815,0.0007118133786447323,0.5293457943925234,0.7951662642679239,0.7983167304077292,0.08693961728968197
fev,native,rossmann_1D,tirex2,covariate_impulse_response,1,10610,-1.3966948850938021,-0.3369067350190409,0.21941564561734214,3.2698850757517093,1.8731901906579065,7.81306148687176
fev,native,rossmann_1D,tirex2,covariate_impulse_response,2,10610,-1.3690367162918324,-0.3201173554163077,0.23836003770028275,3.2368946298805508,1.8678579135887183,4.904585618696402
fev,native,rossmann_1D,tirex2,covariate_impulse_response,3,10610,-1.3338895627121583,-0.3258767103246727,0.24590009425070689,3.1915691120526843,1.8576795493405254,3.3146519301062902
fev,native,rossmann_1D,tirex2,covariate_impulse_response,4,10610,-1.3005896399934676,-0.3799608556064311,0.24288407163053724,3.1497109910157755,1.8491213510223083,2.2667809659605673
fev,native,rossmann_1D,tirex2,covariate_impulse_response,5,10610,-1.2720408944074066,-0.44706335117090035,0.2360980207351555,3.124265922973712,1.8522250285663053,1.6016179817016756
fev,native,rossmann_1W,Chronos-2,covariate_impulse_response,1,6690,-0.3128828672478076,-0.03272670736740724,0.46696562032884903,4.033926182156743,3.7210433149089353,14.211132422074616
fev,native,rossmann_1W,Chronos-2,covariate_impulse_response,2,6690,-0.31816045787337455,-0.04339356362183039,0.4617339312406577,3.9988907239324574,3.6807302660590824,8.931553132637616
fev,native,rossmann_1W,Chronos-2,covariate_impulse_response,3,6690,-0.33091131874114565,-0.05849702846799021,0.44828101644245144,3.941496133619862,3.610584814878716,6.028293470693082
fev,native,rossmann_1W,Chronos-2,covariate_impulse_response,4,6690,-0.3565157187018817,-0.08610526519437645,0.43796711509715996,3.854935594017393,3.4984198753155114,4.092386036087779
fev,native,rossmann_1W,Chronos-2,covariate_impulse_response,5,6690,-0.3955961306609787,-0.12831059835445918,0.4150971599402093,3.7658729852641666,3.370276854603188,2.8445713410549502
fev,native,rossmann_1W,Timer-4.0,covariate_impulse_response,1,6690,-0.17573279858304053,0.00560609012187907,0.5103139013452915,1.8980782258776987,1.722345427294658,7.47838840996985
fev,native,rossmann_1W,Timer-4.0,covariate_impulse_response,2,6690,-0.1769593924044109,1.1448878733943957e-08,0.5,1.891699004111932,1.7147396117075209,4.731536884213678
fev,native,rossmann_1W,Timer-4.0,covariate_impulse_response,3,6690,-0.17634255066290952,-0.007172792110984608,0.48834080717488787,1.8783485584107524,1.7020060077478432,3.2200743667429035
fev,native,rossmann_1W,Timer-4.0,covariate_impulse_response,4,6690,-0.17167647906928932,-0.01245083388118301,0.4813153961136024,1.85376503502376,1.6820885559544707,2.1945903180410022
fev,native,rossmann_1W,Timer-4.0,covariate_impulse_response,5,6690,-0.1603855385058725,-0.016650806001264506,0.4754857997010463,1.8202510405539056,1.659865502048033,1.5197310007222342
fev,native,rossmann_1W,timesfm2.5,covariate_impulse_response,1,5331,0.059441935718019076,0.004152986174137646,0.6419058338022885,0.3112863263228067,0.37072826204082576,1.6279104675657419
fev,native,rossmann_1W,timesfm2.5,covariate_impulse_response,2,5331,0.06332962917445574,0.004699992600610103,0.6428437441380604,0.3322831291557575,0.39561275833021325,0.9640239624403287
fev,native,rossmann_1W,timesfm2.5,covariate_impulse_response,3,5331,0.0615953971669598,0.005531165300722729,0.6452823110110674,0.3747764133412534,0.43637181050821316,0.6513710073042078
fev,native,rossmann_1W,timesfm2.5,covariate_impulse_response,4,5331,0.056011584297890306,0.007327825975135871,0.6488463702870005,0.44362918403538826,0.49964076833327853,0.46178863589117763
fev,native,rossmann_1W,timesfm2.5,covariate_impulse_response,5,5331,0.04727982343236215,0.00838858056453265,0.637216282123429,0.547842113480439,0.5951219369128011,0.34504753119392606
fev,native,rossmann_1W,tirex2,covariate_impulse_response,1,6690,-0.5599488228893745,-0.08228055394201395,0.32765321375186846,3.0147441288529966,2.454795305963622,7.139302160768505
fev,native,rossmann_1W,tirex2,covariate_impulse_response,2,6690,-0.5630448904222723,-0.0874179384125886,0.3233183856502242,3.0314050250381186,2.468360134615846,4.536843830058043
fev,native,rossmann_1W,tirex2,covariate_impulse_response,3,6690,-0.5663329377336127,-0.09324539271078458,0.3101644245142003,3.054428213032658,2.4880952752990457,3.135123424217203
fev,native,rossmann_1W,tirex2,covariate_impulse_response,4,6690,-0.5679799825817026,-0.100262262013315,0.29790732436472345,3.079868823033055,2.5118888404513524,2.2061121444987175
fev,native,rossmann_1W,tirex2,covariate_impulse_response,5,6690,-0.5614150142074636,-0.10665989593022296,0.2865470852017937,3.09608690672679,2.534671892519327,1.588186485339487
fev,native,solar_with_weather_1H,Chronos-2,covariate_impulse_response,1,20,24.46770121918304,0.4423471937726382,0.7,2.0427546979811924,26.510455917164233,45.53883684736867
fev,native,solar_with_weather_1H,Chronos-2,covariate_impulse_response,2,20,24.325378409161367,0.4535878485726468,0.7,2.1100154156746447,26.43539382483602,28.059903821659844
fev,native,solar_with_weather_1H,Chronos-2,covariate_impulse_response,3,20,23.87720575832333,0.45475915794479727,0.7,2.1973854467336373,26.074591205056976,18.966238462813077
fev,native,solar_with_weather_1H,Chronos-2,covariate_impulse_response,4,20,23.27999734649631,0.3500660234307209,0.65,2.391467706533448,25.67146505302975,12.975682262399525
fev,native,solar_with_weather_1H,Chronos-2,covariate_impulse_response,5,20,22.801817316003046,0.36615247552510255,0.6,2.5607283868756654,25.36254570287871,9.175583567139501
fev,native,solar_with_weather_1H,Timer-4.0,covariate_impulse_response,1,20,0.040755103938091154,0.023002530929886744,0.6,1.2703490197860132,1.3111041237241043,0.6155865936618532
fev,native,solar_with_weather_1H,Timer-4.0,covariate_impulse_response,2,20,0.05944357744022728,0.022215972774281778,0.55,1.3656911203749778,1.425134697815205,0.35760891736389694
fev,native,solar_with_weather_1H,Timer-4.0,covariate_impulse_response,3,20,0.027407224178648732,0.02481011991642912,0.55,1.389965595661122,1.417372819839771,0.25221731650698703
fev,native,solar_with_weather_1H,Timer-4.0,covariate_impulse_response,4,20,-0.012748010671634369,0.019010868959715654,0.55,1.4927364548320368,1.4799884441604023,0.14986732077986925
fev,native,solar_with_weather_1H,Timer-4.0,covariate_impulse_response,5,20,-0.004387115240675826,0.00846845349801617,0.6,1.6669225079420922,1.6625353927014164,0.07591441522352989
fev,native,solar_with_weather_1H,timesfm2.5,covariate_impulse_response,1,15,0.06778698679368042,0.0020864832944538225,0.6,1.3262210726057724,1.394008059399453,0.4451179046884007
fev,native,solar_with_weather_1H,timesfm2.5,covariate_impulse_response,2,15,0.06309511562411288,0.0006177453575944014,0.5333333333333333,1.4399679702252066,1.5030630858493195,0.26016614323312487
fev,native,solar_with_weather_1H,timesfm2.5,covariate_impulse_response,3,15,0.052820703804830754,-0.013425449648756027,0.4666666666666667,1.5515821310781548,1.6044028348829855,0.19853667150702206
fev,native,solar_with_weather_1H,timesfm2.5,covariate_impulse_response,4,15,0.04986841961135197,-0.013361107697506647,0.4666666666666667,1.6974222094821516,1.7472906290935035,0.14500985613140216
fev,native,solar_with_weather_1H,timesfm2.5,covariate_impulse_response,5,15,0.035597769040825324,-0.01330515015729583,0.26666666666666666,1.904835142568025,1.9404329116088508,0.1201694009180083
fev,native,solar_with_weather_1H,tirex2,covariate_impulse_response,1,20,2.0879943633398965,0.013146118246169625,0.65,2.9725669629101663,5.060561326250062,6.751660589082036
fev,native,solar_with_weather_1H,tirex2,covariate_impulse_response,2,20,2.1745068629124837,0.013514467541747344,0.7,2.9142794254794557,5.088786288391939,4.212553104156673
fev,native,solar_with_weather_1H,tirex2,covariate_impulse_response,3,20,2.0186933478353426,0.008958016721332895,0.6,2.869523161976944,4.8882165098122865,2.6996879064342676
fev,native,solar_with_weather_1H,tirex2,covariate_impulse_response,4,20,1.8332200914626278,0.0118841648132888,0.55,2.879470016005012,4.7126901074676395,1.7625430569676486
fev,native,solar_with_weather_1H,tirex2,covariate_impulse_response,5,20,1.9002175973881932,0.013529096299149335,0.6,2.9417630765167426,4.841980673904936,1.2398017066003106
fev,native,uci_air_quality_1H,Chronos-2,common_factor,1,20,0.005851790848309546,0.004638295512993107,0.5,1.0675679102605173,1.0734197011088273,0.6990559158608888
fev,native,uci_air_quality_1H,Chronos-2,common_factor,2,20,0.005711882465419591,0.0063504672282808095,0.6,1.068585524163052,1.0742974066284718,0.4584784638481468
fev,native,uci_air_quality_1H,Chronos-2,common_factor,3,20,0.0020700603842010307,0.006183158675231115,0.6,1.0688677714448347,1.070937831829036,0.3227100088708038
fev,native,uci_air_quality_1H,Chronos-2,common_factor,4,20,0.0017329581853280985,0.0036168670415816506,0.55,1.068898123904037,1.0706310820893647,0.21788981861404863
fev,native,uci_air_quality_1H,Chronos-2,common_factor,5,20,0.0001665925537462587,0.0035221910820219526,0.6,1.0673900554034839,1.0675566479572303,0.16252397108896594
fev,native,uci_air_quality_1H,Chronos-2,covariate_impulse_response,1,20,-0.024340493952190255,-0.012800432999171663,0.35,1.0060433556093984,0.9817028616572083,0.4717236475854746
fev,native,uci_air_quality_1H,Chronos-2,covariate_impulse_response,2,20,-0.017368077577369242,-0.003060402682813851,0.4,1.0350740597784158,1.0177059822010464,0.2928895754072817
fev,native,uci_air_quality_1H,Chronos-2,covariate_impulse_response,3,20,-0.012237697675551254,-0.003912872844054227,0.35,1.1044225071977656,1.0921848095222146,0.1959735917213477
fev,native,uci_air_quality_1H,Chronos-2,covariate_impulse_response,4,20,-0.0038152904327486,-0.008665758231914289,0.45,1.205101719471231,1.2012864290384822,0.1360237495318885
fev,native,uci_air_quality_1H,Chronos-2,covariate_impulse_response,5,20,-0.008286558060891175,-0.016724986892022287,0.4,1.4040926877969122,1.3958061297360211,0.10019310710090498
fev,native,uci_air_quality_1H,Chronos-2,cross_series_dependence,1,20,0.009690913959487915,0.020279886936893532,0.6,1.1286013251634677,1.1382922391229557,1.8167452383506792
fev,native,uci_air_quality_1H,Chronos-2,cross_series_dependence,2,20,0.009482067259454496,0.012873652708230487,0.55,1.1384881054295184,1.1479701726889726,1.239060656514791
fev,native,uci_air_quality_1H,Chronos-2,cross_series_dependence,3,20,0.0084304791129655,0.010788698498564286,0.6,1.1616483882278328,1.1700788673407982,0.8677709421190446
fev,native,uci_air_quality_1H,Chronos-2,cross_series_dependence,4,20,0.006720319644669492,0.007407676400394192,0.55,1.2083647441025631,1.2150850637472328,0.6174548013027075
fev,native,uci_air_quality_1H,Chronos-2,cross_series_dependence,5,20,0.0015416911715672055,0.007347084491654277,0.65,1.3024802931766528,1.30402198434822,0.4723927019376616
fev,native,uci_air_quality_1H,Timer-4.0,common_factor,1,20,0.010925418028503681,-0.0027243000870428857,0.45,1.2371468792014584,1.2480722972299616,0.7976162582890186
fev,native,uci_air_quality_1H,Timer-4.0,common_factor,2,20,0.008501861379884745,0.0002485815982984363,0.5,1.2263136510734463,1.234815512453331,0.4959930438987665
fev,native,uci_air_quality_1H,Timer-4.0,common_factor,3,20,0.007457103791129477,-0.0047600675022634875,0.45,1.216495190961012,1.2239522947521417,0.34329961010240057
fev,native,uci_air_quality_1H,Timer-4.0,common_factor,4,20,0.006433097961254114,0.005883050763720754,0.6,1.2088909662194944,1.2153240641807486,0.23766052498462722
fev,native,uci_air_quality_1H,Timer-4.0,common_factor,5,20,0.001952061467896199,0.0023192454206744095,0.55,1.194211488312455,1.196163549780351,0.1706181680949957
fev,native,uci_air_quality_1H,Timer-4.0,covariate_impulse_response,1,20,0.004524006784191093,-0.0005754591983920254,0.5,1.1389342636987512,1.1434582704829428,0.25846652665891023
fev,native,uci_air_quality_1H,Timer-4.0,covariate_impulse_response,2,20,0.008705826030156271,0.006478752627783857,0.65,1.1514464723048061,1.1601522983349621,0.1661429501379213
fev,native,uci_air_quality_1H,Timer-4.0,covariate_impulse_response,3,20,0.0071441920656208635,0.003197188761890457,0.55,1.207793813636504,1.214938005702125,0.11080238211322177
fev,native,uci_air_quality_1H,Timer-4.0,covariate_impulse_response,4,20,0.002598407660380325,0.003511169076231946,0.55,1.2894510328218576,1.2920494404822382,0.08334362608667414
fev,native,uci_air_quality_1H,Timer-4.0,covariate_impulse_response,5,20,0.0038419149828685327,0.007948481763097537,0.65,1.4248303806858345,1.4286722956687028,0.06936453587507907
fev,native,uci_air_quality_1H,Timer-4.0,cross_series_dependence,1,20,-0.01795812343832328,-0.009312835968947386,0.45,1.2551927109017549,1.2372345874634314,2.1487421556268886
fev,native,uci_air_quality_1H,Timer-4.0,cross_series_dependence,2,20,-0.017831515844144837,-0.02080013680983106,0.4,1.2759274350380116,1.2580959191938672,1.5518069210357512
fev,native,uci_air_quality_1H,Timer-4.0,cross_series_dependence,3,20,-0.014506400640069967,-0.014898426693387201,0.4,1.3043370546394881,1.2898306539994182,1.1509581447277235
fev,native,uci_air_quality_1H,Timer-4.0,cross_series_dependence,4,20,-0.0026151297359448046,-0.015829763864065538,0.35,1.35475143911001,1.3521363093740653,0.8439705055489887
fev,native,uci_air_quality_1H,Timer-4.0,cross_series_dependence,5,20,0.007634015375467757,-0.01958890258455459,0.35,1.4438207756133066,1.4514547909887738,0.6574778081039895
fev,native,uci_air_quality_1H,timesfm2.5,covariate_impulse_response,1,20,0.011794139120318247,0.002265946328418589,0.55,1.0200171816935206,1.031811320813839,0.28595937170314595
fev,native,uci_air_quality_1H,timesfm2.5,covariate_impulse_response,2,20,0.0058763500364212825,0.0035030878515690533,0.6,1.039435074398191,1.0453114244346122,0.17099946616073652
fev,native,uci_air_quality_1H,timesfm2.5,covariate_impulse_response,3,20,-0.00023395412341881415,-0.0011087750675714547,0.5,1.0953382937200278,1.0951043395966091,0.11277535375369477
fev,native,uci_air_quality_1H,timesfm2.5,covariate_impulse_response,4,20,-0.005773689974264756,-0.0004654176962132217,0.5,1.1824824755400005,1.1767087855657357,0.07499515138363673
fev,native,uci_air_quality_1H,timesfm2.5,covariate_impulse_response,5,20,-0.003433376603777605,2.5290590371374044e-05,0.5,1.3548473299999433,1.3514139533961658,0.053733249082938486
fev,native,uci_air_quality_1H,tirex2,common_factor,1,20,-0.005944499417206967,-0.00928690455018516,0.35,1.0806794180500374,1.0747349186328308,0.462723519841309
fev,native,uci_air_quality_1H,tirex2,common_factor,2,20,-0.0028485668934629393,-0.007545606476757782,0.35,1.0775008934373658,1.074652326543903,0.2970023656065658
fev,native,uci_air_quality_1H,tirex2,common_factor,3,20,-0.002056613429695425,-0.009731827046548569,0.35,1.0747992757789697,1.0727426623492744,0.21021457848600175
fev,native,uci_air_quality_1H,tirex2,common_factor,4,20,-0.002823384889390812,-0.006869773651970057,0.35,1.0764675302769176,1.0736441453875272,0.15059254988682041
fev,native,uci_air_quality_1H,tirex2,common_factor,5,20,-0.010363178405724099,-0.008571879925503845,0.4,1.0811300692802681,1.070766890874544,0.1089983248931488
fev,native,uci_air_quality_1H,tirex2,covariate_impulse_response,1,20,-0.0004303028589774216,0.002233105000402691,0.5,0.9930530344216576,0.9926227315626803,0.4417977638398366
fev,native,uci_air_quality_1H,tirex2,covariate_impulse_response,2,20,0.0028691785651282775,0.0038709476122442688,0.55,1.0126056509797707,1.015474829544899,0.2841834894861399
fev,native,uci_air_quality_1H,tirex2,covariate_impulse_response,3,20,0.008391743259335222,-0.0010726353138447164,0.5,1.0689277711595786,1.0773195144189136,0.19215136426971255
fev,native,uci_air_quality_1H,tirex2,covariate_impulse_response,4,20,0.01259563998849167,0.0037921980834757507,0.55,1.1598740746677332,1.1724697146562248,0.13586672031629507
fev,native,uci_air_quality_1H,tirex2,covariate_impulse_response,5,20,0.0062440855540740695,0.005915852630735352,0.65,1.3357716555342543,1.3420157410883284,0.0973872880925383
fev,native,uci_air_quality_1H,tirex2,cross_series_dependence,1,20,-0.016458149382478898,-0.009917745494622543,0.35,1.1344321158460018,1.1179739664635229,1.519340206475572
fev,native,uci_air_quality_1H,tirex2,cross_series_dependence,2,20,-0.01796406175056779,-0.012270925735081928,0.45,1.1495949922260167,1.1316309304754488,0.9833104613266113
fev,native,uci_air_quality_1H,tirex2,cross_series_dependence,3,20,-0.018845383683766703,-0.008630620408238865,0.4,1.1768135398100503,1.157968156126284,0.6278541184173199
fev,native,uci_air_quality_1H,tirex2,cross_series_dependence,4,20,-0.017053565738063065,-0.015135683789241239,0.3,1.2292494512892544,1.2121958855511914,0.41157074327962145
fev,native,uci_air_quality_1H,tirex2,cross_series_dependence,5,20,-0.01162688856299377,-0.009290618158661001,0.4,1.325049287378939,1.3134223988159455,0.2871884489950365
fev,native,uci_air_quality_1H,toto2.0,common_factor,1,20,-0.016446083529506512,-0.01605595709071339,0.25,1.1273842407633154,1.1109381572338088,0.47236140824471506
fev,native,uci_air_quality_1H,toto2.0,common_factor,2,20,-0.016888092659349502,-0.01573718673627611,0.25,1.125847417944902,1.108959325285553,0.3070063760614578
fev,native,uci_air_quality_1H,toto2.0,common_factor,3,20,-0.01775128371717552,-0.015294586707518432,0.3,1.1245111501299048,1.1067598664127292,0.2112653459013786
fev,native,uci_air_quality_1H,toto2.0,common_factor,4,20,-0.017864037982486397,-0.014988784999067306,0.25,1.1217880145059993,1.103923976523513,0.143963450719011
fev,native,uci_air_quality_1H,toto2.0,common_factor,5,20,-0.01780845349279726,-0.01809543549309145,0.25,1.120440081020791,1.1026316275279942,0.10476360692871263
fev,native,uci_air_quality_1H,toto2.0,cross_series_dependence,1,20,0.00744990668179511,0.007492514744038725,0.6,1.131812469119689,1.1392623758014842,1.1532907353586457
fev,native,uci_air_quality_1H,toto2.0,cross_series_dependence,2,20,0.01093717607016111,0.011563797152037258,0.55,1.1376388523938838,1.148576028464045,0.8198940348627948
fev,native,uci_air_quality_1H,toto2.0,cross_series_dependence,3,20,0.016953661867370108,0.013445325338563241,0.65,1.15157956429185,1.1685332261592203,0.6198570733938139
fev,native,uci_air_quality_1H,toto2.0,cross_series_dependence,4,20,0.02158551763229588,0.018953103659572812,0.65,1.1907292372553282,1.212314754887624,0.47596988027792964
fev,native,uci_air_quality_1H,toto2.0,cross_series_dependence,5,20,0.03267510545001266,0.025531804824619808,0.7,1.2634497219454663,1.296124827395479,0.3803563723524431
fev,native,uk_covid_nation_1D/cumulative,Chronos-2,common_factor,1,80,-0.012415786420299169,0.10040986211945868,0.525,8.447591962859502,8.435176176439203,0.13828607676783716
fev,native,uk_covid_nation_1D/cumulative,Chronos-2,common_factor,2,80,0.16801890402768313,0.19108714783080938,0.5875,8.71031390818601,8.87833281221369,0.10498123788632037
fev,native,uk_covid_nation_1D/cumulative,Chronos-2,common_factor,3,80,0.261143957554407,0.3869687396914093,0.65,9.42390072263849,9.685044680192897,0.08501146912413056
fev,native,uk_covid_nation_1D/cumulative,Chronos-2,common_factor,4,80,0.4303995475584981,0.31585510816932283,0.6,10.94843715605789,11.378836703616388,0.07087392579129362
fev,native,uk_covid_nation_1D/cumulative,Chronos-2,common_factor,5,80,0.705930408976272,0.2442789612556866,0.525,12.598615951505668,13.30454636048194,0.06066023085813379
fev,native,uk_covid_nation_1D/cumulative,Chronos-2,covariate_impulse_response,1,80,0.2897816795582795,0.054027155112648995,0.55,12.415094990240856,12.704876669799138,0.08338703047698301
fev,native,uk_covid_nation_1D/cumulative,Chronos-2,covariate_impulse_response,2,80,0.47613653155271896,0.10603093696770927,0.5875,12.657007081539321,13.13314361309204,0.052873625985079095
fev,native,uk_covid_nation_1D/cumulative,Chronos-2,covariate_impulse_response,3,80,0.5346673706304641,0.06731749089139094,0.5625,13.788241697863379,14.322909068493843,0.03895890312746042
fev,native,uk_covid_nation_1D/cumulative,Chronos-2,covariate_impulse_response,4,80,0.5724981214191567,0.09573864859395198,0.5375,14.737598649462859,15.310096770882017,0.031003904121457575
fev,native,uk_covid_nation_1D/cumulative,Chronos-2,covariate_impulse_response,5,80,0.6920511270793449,0.20058323469198514,0.575,15.737355829001363,16.429406956080705,0.023992510849182462
fev,native,uk_covid_nation_1D/cumulative,Chronos-2,cross_series_dependence,1,80,-0.10883294161519645,-0.0292118443994136,0.4625,10.748723372704113,10.639890431088917,0.16867187049293048
fev,native,uk_covid_nation_1D/cumulative,Chronos-2,cross_series_dependence,2,80,0.00721973352147951,-0.029017625842421735,0.475,11.75276978058238,11.759989514103859,0.10367611906878098
fev,native,uk_covid_nation_1D/cumulative,Chronos-2,cross_series_dependence,3,80,0.08840586986045706,-0.0702044327933446,0.4625,13.006019659086482,13.094425528946939,0.06895461629687094
fev,native,uk_covid_nation_1D/cumulative,Chronos-2,cross_series_dependence,4,80,0.26366037596873554,-0.05511555348772845,0.425,15.00588647966002,15.269546855628755,0.041700726623059126
fev,native,uk_covid_nation_1D/cumulative,Chronos-2,cross_series_dependence,5,80,-0.03319293079777126,-0.06952393262687795,0.45,17.50125646024734,17.468063529449562,0.026958290634438813
fev,native,uk_covid_nation_1D/cumulative,Timer-4.0,common_factor,1,80,-0.2068721012122216,-0.12082539426574612,0.4625,8.565408060958053,8.358535959745831,0.0991147458090413
fev,native,uk_covid_nation_1D/cumulative,Timer-4.0,common_factor,2,80,-0.345001332864186,-0.10983822000382182,0.425,9.191433724131393,8.846432391267205,0.06867884329403351
fev,native,uk_covid_nation_1D/cumulative,Timer-4.0,common_factor,3,80,-0.2446164539275805,-0.09692165131095098,0.4875,9.572356166242908,9.327739712315328,0.04603861618980538
fev,native,uk_covid_nation_1D/cumulative,Timer-4.0,common_factor,4,80,-0.2175585147077949,0.09087362579699254,0.5375,9.673331427229119,9.455772912521322,0.035464449762029567
fev,native,uk_covid_nation_1D/cumulative,Timer-4.0,common_factor,5,80,-0.21751456727454221,-0.11620884153727196,0.4625,10.417343152668959,10.199828585394418,0.027302295684164358
fev,native,uk_covid_nation_1D/cumulative,Timer-4.0,covariate_impulse_response,1,80,0.09829189716298696,0.017277703071109318,0.5,10.290535118635688,10.388827015798674,0.06920151096439406
fev,native,uk_covid_nation_1D/cumulative,Timer-4.0,covariate_impulse_response,2,80,0.022358304099407388,-0.039547418709048876,0.45,10.591953716965758,10.614312021065166,0.04623566440493466
fev,native,uk_covid_nation_1D/cumulative,Timer-4.0,covariate_impulse_response,3,80,-0.17617984707533557,-0.10457678532404424,0.4125,11.061077468418244,10.88489762134291,0.03146078891886943
fev,native,uk_covid_nation_1D/cumulative,Timer-4.0,covariate_impulse_response,4,80,-0.10149071243291416,-0.18354553636830595,0.4375,12.548818298269747,12.447327585836835,0.021587015007149536
fev,native,uk_covid_nation_1D/cumulative,Timer-4.0,covariate_impulse_response,5,80,-0.043321637924000886,0.060279991135457234,0.5125,13.903175078786393,13.85985344086239,0.018317079573933824
fev,native,uk_covid_nation_1D/cumulative,Timer-4.0,cross_series_dependence,1,80,0.21496875037367752,0.0039962165791319615,0.5,8.401624177601018,8.616592927974697,0.1283026157669913
fev,native,uk_covid_nation_1D/cumulative,Timer-4.0,cross_series_dependence,2,80,0.2963472516190292,0.20117083053317142,0.5875,9.600860971971713,9.897208223590741,0.08070538409380042
fev,native,uk_covid_nation_1D/cumulative,Timer-4.0,cross_series_dependence,3,80,0.22738484011280366,0.05586292068642035,0.5125,11.01476615190075,11.242150992013553,0.058817673231756275
fev,native,uk_covid_nation_1D/cumulative,Timer-4.0,cross_series_dependence,4,80,0.10438939175985555,0.23183984484612497,0.575,13.581074303440332,13.685463695200188,0.04856309575438923
fev,native,uk_covid_nation_1D/cumulative,Timer-4.0,cross_series_dependence,5,80,0.11167910900977915,0.15253305412071688,0.6125,16.708778105178414,16.820457214188192,0.039093316035517356
fev,native,uk_covid_nation_1D/cumulative,tirex2,common_factor,1,80,-0.01512700668978385,0.0024284286737754623,0.5375,9.91582970707754,9.900702700387757,0.024271272799200373
fev,native,uk_covid_nation_1D/cumulative,tirex2,common_factor,2,80,-0.08359179092589063,0.00501775087979528,0.5125,12.016359299596921,11.932767508671029,0.01702036909079238
fev,native,uk_covid_nation_1D/cumulative,tirex2,common_factor,3,80,-0.20353608650774166,-0.030254735118820708,0.4125,13.712041091311159,13.508505004803416,0.015992381225911494
fev,native,uk_covid_nation_1D/cumulative,tirex2,common_factor,4,80,-0.26657675727967856,-0.004510628859808907,0.5,15.78010594900067,15.513529191720991,0.014356620879511289
fev,native,uk_covid_nation_1D/cumulative,tirex2,common_factor,5,80,-0.153121798472237,0.024769376935144916,0.525,15.587263449895506,15.43414165142327,0.010335048548258046
fev,native,uk_covid_nation_1D/cumulative,tirex2,covariate_impulse_response,1,80,0.05483386210544533,0.02886323361080345,0.575,11.56777021022744,11.622604072332887,0.015915125581634167
fev,native,uk_covid_nation_1D/cumulative,tirex2,covariate_impulse_response,2,80,0.038280382522138015,-0.0181833865742842,0.45,11.727764965215268,11.766045347737407,0.012622153712704138
fev,native,uk_covid_nation_1D/cumulative,tirex2,covariate_impulse_response,3,80,0.0821020710334744,-0.002281352690487237,0.5,12.646434916224752,12.728536987258225,0.011511569996915655
fev,native,uk_covid_nation_1D/cumulative,tirex2,covariate_impulse_response,4,80,0.042568454921610474,-0.001175981501690293,0.4875,14.105315981973613,14.147884436895225,0.010647606095234874
fev,native,uk_covid_nation_1D/cumulative,tirex2,covariate_impulse_response,5,80,0.14969444903720122,0.055499023414107285,0.575,16.739793733492533,16.88948818252974,0.010100942216471561
fev,native,uk_covid_nation_1D/cumulative,tirex2,cross_series_dependence,1,80,-0.03901504452922988,0.0005743227481513902,0.5,8.639713798586035,8.600698754056804,0.032192380210764204
fev,native,uk_covid_nation_1D/cumulative,tirex2,cross_series_dependence,2,80,-0.04743270105240321,-0.0019072444526613275,0.4875,9.82008351059813,9.772650809545727,0.021014622673703104
fev,native,uk_covid_nation_1D/cumulative,tirex2,cross_series_dependence,3,80,-0.024061357389293735,-0.004939694050018914,0.4875,11.188130927864828,11.164069570475533,0.014436347769278216
fev,native,uk_covid_nation_1D/cumulative,tirex2,cross_series_dependence,4,80,-0.11466098094890435,-0.012617070967508415,0.4625,13.79949059163701,13.684829610688107,0.011924944696066725
fev,native,uk_covid_nation_1D/cumulative,tirex2,cross_series_dependence,5,80,-0.13842891253759945,-0.006205436193519986,0.45,16.975821365873237,16.837392453335635,0.007908543107382338
fev,native,uk_covid_nation_1D/cumulative,toto2.0,common_factor,1,80,1.1290147543156976,0.38811151864143767,0.5875,8.956063952924676,10.085078707240376,0.15097338708606295
fev,native,uk_covid_nation_1D/cumulative,toto2.0,common_factor,2,80,1.107555038691121,0.2611408037446483,0.6125,9.002653525440758,10.110208564131877,0.0918524875932251
fev,native,uk_covid_nation_1D/cumulative,toto2.0,common_factor,3,80,1.1243668204681794,0.33817253477931764,0.6,8.705033015680579,9.829399836148756,0.07317541052600111
fev,native,uk_covid_nation_1D/cumulative,toto2.0,common_factor,4,80,1.0846736837536275,0.5232396244492997,0.5875,8.620808192400712,9.70548187615434,0.05225913085634357
fev,native,uk_covid_nation_1D/cumulative,toto2.0,common_factor,5,80,0.802422326187609,0.4131050297009342,0.575,8.481900666855653,9.284322993043261,0.03751077816110561
fev,native,uk_covid_nation_1D/cumulative,toto2.0,cross_series_dependence,1,80,3.7511702586531035,0.03019424499186174,0.55,10.214180861708808,13.96535112036191,0.5560560604604715
fev,native,uk_covid_nation_1D/cumulative,toto2.0,cross_series_dependence,2,80,3.8391885886295007,0.04390398690703634,0.6,11.489631743704383,15.328820332333885,0.3396420334272033
fev,native,uk_covid_nation_1D/cumulative,toto2.0,cross_series_dependence,3,80,3.9306176884288946,0.07266681746367837,0.625,12.750945556700335,16.681563245129233,0.25092735810413525
fev,native,uk_covid_nation_1D/cumulative,toto2.0,cross_series_dependence,4,80,4.018310470809309,0.04808955448018842,0.65,15.356990784920225,19.375301255729532,0.2161066808521972
fev,native,uk_covid_nation_1D/cumulative,toto2.0,cross_series_dependence,5,80,4.23137410039643,0.08687927064343182,0.6375,18.989633523234215,23.221007623630648,0.1625527551295083
