suite,benchmark,horizon_group,model_id,capability_id,capability_level,effect_nrmse_task_equal,effect_nrmse_ci_lower,effect_nrmse_ci_upper,task_count,suite_task_count,task_coverage,cell_rank,cell_winner
FEV-Mini20,FEV-Bench,native,tirex2,common_factor,1,0.3564292246,0.2306753179,0.4880755779,9,20,0.45,1,True
FEV-Mini20,FEV-Bench,native,Chronos-2,common_factor,1,0.3850458963,0.2004468935,0.6337706141,9,20,0.45,2,False
FEV-Mini20,FEV-Bench,native,timesfm2.5,common_factor,1,0.3880543857,0.2519822857,0.5266865744,9,20,0.45,3,False
FEV-Mini20,FEV-Bench,native,toto2.0,common_factor,1,0.4020200993,0.2317896296,0.5956013726,9,20,0.45,4,False
FEV-Mini20,FEV-Bench,native,moirai2,common_factor,1,0.4397994305,0.2527170162,0.664669248,9,20,0.45,5,False
FEV-Mini20,FEV-Bench,native,Timer-3.5,common_factor,1,0.4744907939,0.3089228409,0.6401049116,9,20,0.45,6,False
FEV-Mini20,FEV-Bench,native,tirex2,common_factor,2,0.3289078385,0.209490293,0.4531350796,9,20,0.45,1,True
FEV-Mini20,FEV-Bench,native,timesfm2.5,common_factor,2,0.3471286599,0.2245545443,0.4722670183,9,20,0.45,2,False
FEV-Mini20,FEV-Bench,native,Chronos-2,common_factor,2,0.3479057431,0.1756239437,0.6057147834,9,20,0.45,3,False
FEV-Mini20,FEV-Bench,native,toto2.0,common_factor,2,0.3575791417,0.2083887359,0.5551792339,9,20,0.45,4,False
FEV-Mini20,FEV-Bench,native,Timer-3.5,common_factor,2,0.406513182,0.2610485648,0.5498726449,9,20,0.45,5,False
FEV-Mini20,FEV-Bench,native,moirai2,common_factor,2,0.4258443538,0.2343920337,0.692647156,9,20,0.45,6,False
FEV-Mini20,FEV-Bench,native,Chronos-2,common_factor,3,0.2837163386,0.1497169987,0.4787535644,9,20,0.45,1,True
FEV-Mini20,FEV-Bench,native,toto2.0,common_factor,3,0.2887467407,0.1748784995,0.4423789493,9,20,0.45,2,False
FEV-Mini20,FEV-Bench,native,tirex2,common_factor,3,0.2917386126,0.1899498834,0.4080022981,9,20,0.45,3,False
FEV-Mini20,FEV-Bench,native,timesfm2.5,common_factor,3,0.2969674038,0.1929549954,0.4018666804,9,20,0.45,4,False
FEV-Mini20,FEV-Bench,native,Timer-3.5,common_factor,3,0.3516485519,0.2220785751,0.488077033,9,20,0.45,5,False
FEV-Mini20,FEV-Bench,native,moirai2,common_factor,3,0.3869645201,0.212237939,0.6250757447,9,20,0.45,6,False
FEV-Mini20,FEV-Bench,native,Chronos-2,common_factor,4,0.2272068584,0.1258531183,0.3566313547,9,20,0.45,1,True
FEV-Mini20,FEV-Bench,native,toto2.0,common_factor,4,0.2341847164,0.1449649252,0.3528660723,9,20,0.45,2,False
FEV-Mini20,FEV-Bench,native,timesfm2.5,common_factor,4,0.2537060907,0.1687106609,0.3470564457,9,20,0.45,3,False
FEV-Mini20,FEV-Bench,native,tirex2,common_factor,4,0.2562837834,0.1647217676,0.3587313883,9,20,0.45,4,False
FEV-Mini20,FEV-Bench,native,Timer-3.5,common_factor,4,0.2988413931,0.1950204474,0.4211033382,9,20,0.45,5,False
FEV-Mini20,FEV-Bench,native,moirai2,common_factor,4,0.3441515387,0.1918032014,0.5674724329,9,20,0.45,6,False
FEV-Mini20,FEV-Bench,native,Chronos-2,common_factor,5,0.1870904102,0.1106053571,0.2920707827,9,20,0.45,1,True
FEV-Mini20,FEV-Bench,native,toto2.0,common_factor,5,0.1933231996,0.1207344409,0.2872382432,9,20,0.45,2,False
FEV-Mini20,FEV-Bench,native,timesfm2.5,common_factor,5,0.2196561653,0.1453383225,0.3073881105,9,20,0.45,3,False
FEV-Mini20,FEV-Bench,native,tirex2,common_factor,5,0.2220330099,0.1391586543,0.3175563186,9,20,0.45,4,False
FEV-Mini20,FEV-Bench,native,Timer-3.5,common_factor,5,0.2632213185,0.16383773,0.3751497513,9,20,0.45,5,False
FEV-Mini20,FEV-Bench,native,moirai2,common_factor,5,0.3044449704,0.1640588258,0.5019462565,9,20,0.45,6,False
FEV-Mini20,FEV-Bench,native,toto2.0,covariate_impulse_response,1,0.6416508648,0.5967786691,0.6836528283,8,20,0.4,1,True
FEV-Mini20,FEV-Bench,native,Timer-3.5,covariate_impulse_response,1,0.725777726,0.6715502929,0.7978788757,8,20,0.4,2,False
FEV-Mini20,FEV-Bench,native,tirex2,covariate_impulse_response,1,0.7341463442,0.6515326944,0.8574694524,8,20,0.4,3,False
FEV-Mini20,FEV-Bench,native,moirai2,covariate_impulse_response,1,0.7347157875,0.6497778999,0.866783198,8,20,0.4,4,False
FEV-Mini20,FEV-Bench,native,Chronos-2,covariate_impulse_response,1,0.8709707646,0.6440820871,1.177888146,8,20,0.4,5,False
FEV-Mini20,FEV-Bench,native,timesfm2.5,covariate_impulse_response,1,0.9682570563,0.6082831085,1.583444401,8,20,0.4,6,False
FEV-Mini20,FEV-Bench,native,toto2.0,covariate_impulse_response,2,0.5852695489,0.5135434069,0.6465872143,8,20,0.4,1,True
FEV-Mini20,FEV-Bench,native,tirex2,covariate_impulse_response,2,0.6802522086,0.5610278226,0.8160250003,8,20,0.4,2,False
FEV-Mini20,FEV-Bench,native,Timer-3.5,covariate_impulse_response,2,0.6813312042,0.6376969348,0.7255596934,8,20,0.4,3,False
FEV-Mini20,FEV-Bench,native,moirai2,covariate_impulse_response,2,0.6992180528,0.6385229939,0.7779623232,8,20,0.4,4,False
FEV-Mini20,FEV-Bench,native,timesfm2.5,covariate_impulse_response,2,0.7310488935,0.5875148242,0.9735562222,8,20,0.4,5,False
FEV-Mini20,FEV-Bench,native,Chronos-2,covariate_impulse_response,2,0.814830029,0.5711955165,1.130193511,8,20,0.4,6,False
FEV-Mini20,FEV-Bench,native,toto2.0,covariate_impulse_response,3,0.5388350451,0.4513952498,0.6158887562,8,20,0.4,1,True
FEV-Mini20,FEV-Bench,native,Timer-3.5,covariate_impulse_response,3,0.6424314883,0.5922286385,0.6978201811,8,20,0.4,2,False
FEV-Mini20,FEV-Bench,native,timesfm2.5,covariate_impulse_response,3,0.6431794735,0.560576945,0.751629571,8,20,0.4,3,False
FEV-Mini20,FEV-Bench,native,tirex2,covariate_impulse_response,3,0.646795825,0.5203625995,0.7903971904,8,20,0.4,4,False
FEV-Mini20,FEV-Bench,native,moirai2,covariate_impulse_response,3,0.6726058023,0.6338448929,0.7164339127,8,20,0.4,5,False
FEV-Mini20,FEV-Bench,native,Chronos-2,covariate_impulse_response,3,0.7791575452,0.5312971593,1.0849198,8,20,0.4,6,False
FEV-Mini20,FEV-Bench,native,toto2.0,covariate_impulse_response,4,0.5092930069,0.4095391296,0.5961057958,8,20,0.4,1,True
FEV-Mini20,FEV-Bench,native,timesfm2.5,covariate_impulse_response,4,0.5759541023,0.5002302583,0.661945777,8,20,0.4,2,False
FEV-Mini20,FEV-Bench,native,Timer-3.5,covariate_impulse_response,4,0.6012425024,0.5351344473,0.6654961036,8,20,0.4,3,False
FEV-Mini20,FEV-Bench,native,tirex2,covariate_impulse_response,4,0.6133628947,0.4802999363,0.7609743021,8,20,0.4,4,False
FEV-Mini20,FEV-Bench,native,moirai2,covariate_impulse_response,4,0.6482539147,0.6136584755,0.6786461496,8,20,0.4,5,False
FEV-Mini20,FEV-Bench,native,Chronos-2,covariate_impulse_response,4,0.7360856571,0.4920984946,1.054579596,8,20,0.4,6,False
FEV-Mini20,FEV-Bench,native,toto2.0,covariate_impulse_response,5,0.478426594,0.3783167249,0.5632714158,8,20,0.4,1,True
FEV-Mini20,FEV-Bench,native,timesfm2.5,covariate_impulse_response,5,0.5350112675,0.4546032878,0.6116182276,8,20,0.4,2,False
FEV-Mini20,FEV-Bench,native,Timer-3.5,covariate_impulse_response,5,0.5588135301,0.4779037907,0.6403649362,8,20,0.4,3,False
FEV-Mini20,FEV-Bench,native,tirex2,covariate_impulse_response,5,0.5788864748,0.437082153,0.7185575838,8,20,0.4,4,False
FEV-Mini20,FEV-Bench,native,moirai2,covariate_impulse_response,5,0.6176404583,0.5812053031,0.6500116137,8,20,0.4,5,False
FEV-Mini20,FEV-Bench,native,Chronos-2,covariate_impulse_response,5,0.6806722003,0.4487523352,0.9781540914,8,20,0.4,6,False
FEV-Mini20,FEV-Bench,native,Chronos-2,cross_series_dependence,1,0.5792853116,0.3240110787,0.8543707777,9,20,0.45,1,True
FEV-Mini20,FEV-Bench,native,tirex2,cross_series_dependence,1,0.5891142747,0.3131142706,0.8665507938,9,20,0.45,2,False
FEV-Mini20,FEV-Bench,native,moirai2,cross_series_dependence,1,0.6237481526,0.339023654,0.9591818728,9,20,0.45,3,False
FEV-Mini20,FEV-Bench,native,timesfm2.5,cross_series_dependence,1,0.6502074464,0.3472220888,0.9630583681,9,20,0.45,4,False
FEV-Mini20,FEV-Bench,native,toto2.0,cross_series_dependence,1,0.660075446,0.3449134595,0.9599378192,9,20,0.45,5,False
FEV-Mini20,FEV-Bench,native,Timer-3.5,cross_series_dependence,1,0.7036272642,0.3954032374,1.010824232,9,20,0.45,6,False
FEV-Mini20,FEV-Bench,native,tirex2,cross_series_dependence,2,0.7059387758,0.3316774962,1.124699033,9,20,0.45,1,True
FEV-Mini20,FEV-Bench,native,Chronos-2,cross_series_dependence,2,0.7147041748,0.333033479,1.163175302,9,20,0.45,2,False
FEV-Mini20,FEV-Bench,native,toto2.0,cross_series_dependence,2,0.7366262648,0.347234006,1.177434531,9,20,0.45,3,False
FEV-Mini20,FEV-Bench,native,timesfm2.5,cross_series_dependence,2,0.7603263679,0.3728139163,1.179214657,9,20,0.45,4,False
FEV-Mini20,FEV-Bench,native,Timer-3.5,cross_series_dependence,2,0.7818311059,0.3927598335,1.218754039,9,20,0.45,5,False
FEV-Mini20,FEV-Bench,native,moirai2,cross_series_dependence,2,0.8049730653,0.3778360056,1.272757989,9,20,0.45,6,False
FEV-Mini20,FEV-Bench,native,tirex2,cross_series_dependence,3,0.730167244,0.3176191061,1.215187833,9,20,0.45,1,True
FEV-Mini20,FEV-Bench,native,Chronos-2,cross_series_dependence,3,0.7353966733,0.3217172379,1.195986269,9,20,0.45,2,False
FEV-Mini20,FEV-Bench,native,toto2.0,cross_series_dependence,3,0.7549786306,0.3508465782,1.211423202,9,20,0.45,3,False
FEV-Mini20,FEV-Bench,native,timesfm2.5,cross_series_dependence,3,0.7741808636,0.3657937155,1.252097942,9,20,0.45,4,False
FEV-Mini20,FEV-Bench,native,Timer-3.5,cross_series_dependence,3,0.7873308796,0.3817127994,1.241831562,9,20,0.45,5,False
FEV-Mini20,FEV-Bench,native,moirai2,cross_series_dependence,3,0.846188561,0.389486809,1.391966611,9,20,0.45,6,False
FEV-Mini20,FEV-Bench,native,tirex2,cross_series_dependence,4,0.7737976132,0.3071967408,1.349132856,9,20,0.45,1,True
FEV-Mini20,FEV-Bench,native,Chronos-2,cross_series_dependence,4,0.77561063,0.3353080154,1.346830408,9,20,0.45,2,False
FEV-Mini20,FEV-Bench,native,toto2.0,cross_series_dependence,4,0.7988197549,0.362304154,1.32564816,9,20,0.45,3,False
FEV-Mini20,FEV-Bench,native,timesfm2.5,cross_series_dependence,4,0.809532789,0.355500428,1.362118574,9,20,0.45,4,False
FEV-Mini20,FEV-Bench,native,Timer-3.5,cross_series_dependence,4,0.8185296626,0.3438825179,1.380002431,9,20,0.45,5,False
FEV-Mini20,FEV-Bench,native,moirai2,cross_series_dependence,4,0.9246985213,0.3802180584,1.6761132,9,20,0.45,6,False
FEV-Mini20,FEV-Bench,native,Chronos-2,cross_series_dependence,5,0.7855502975,0.3341285466,1.351505661,9,20,0.45,1,True
FEV-Mini20,FEV-Bench,native,tirex2,cross_series_dependence,5,0.7870672498,0.3248266362,1.375091855,9,20,0.45,2,False
FEV-Mini20,FEV-Bench,native,toto2.0,cross_series_dependence,5,0.8080404505,0.3541836486,1.369204658,9,20,0.45,3,False
FEV-Mini20,FEV-Bench,native,Timer-3.5,cross_series_dependence,5,0.8181809473,0.3488632909,1.444062443,9,20,0.45,4,False
FEV-Mini20,FEV-Bench,native,timesfm2.5,cross_series_dependence,5,0.8204744188,0.3489071149,1.391594969,9,20,0.45,5,False
FEV-Mini20,FEV-Bench,native,moirai2,cross_series_dependence,5,0.9715294886,0.3720484234,1.833666001,9,20,0.45,6,False
FEV-Mini20,FEV-Bench,native,toto2.0,multi_seasonal,1,0.6884693406,0.5076448323,0.8795498333,20,20,1,1,True
FEV-Mini20,FEV-Bench,native,timesfm2.5,multi_seasonal,1,0.8364637191,0.6806384458,1.002415715,20,20,1,2,False
FEV-Mini20,FEV-Bench,native,tirex2,multi_seasonal,1,0.9145580553,0.6908530721,1.191979039,20,20,1,3,False
FEV-Mini20,FEV-Bench,native,Timer-3.5,multi_seasonal,1,1.029631163,0.8216984302,1.253695949,20,20,1,4,False
FEV-Mini20,FEV-Bench,native,Chronos-2,multi_seasonal,1,1.055831267,0.7886998108,1.367341144,20,20,1,5,False
FEV-Mini20,FEV-Bench,native,moirai2,multi_seasonal,1,1.128883998,0.9078367341,1.435391401,20,20,1,6,False
FEV-Mini20,FEV-Bench,native,toto2.0,multi_seasonal,2,0.7579846828,0.5851239366,0.9492046798,20,20,1,1,True
FEV-Mini20,FEV-Bench,native,timesfm2.5,multi_seasonal,2,0.913941658,0.7549557725,1.080451702,20,20,1,2,False
FEV-Mini20,FEV-Bench,native,tirex2,multi_seasonal,2,1.004820738,0.7820569555,1.274024561,20,20,1,3,False
FEV-Mini20,FEV-Bench,native,Timer-3.5,multi_seasonal,2,1.109007758,0.8968187506,1.359765553,20,20,1,4,False
FEV-Mini20,FEV-Bench,native,Chronos-2,multi_seasonal,2,1.164134282,0.8955378428,1.478102338,20,20,1,5,False
FEV-Mini20,FEV-Bench,native,moirai2,multi_seasonal,2,1.194701805,0.988721692,1.480241422,20,20,1,6,False
FEV-Mini20,FEV-Bench,native,toto2.0,multi_seasonal,3,0.8296533831,0.6464619964,1.021304739,20,20,1,1,True
FEV-Mini20,FEV-Bench,native,timesfm2.5,multi_seasonal,3,0.9714822447,0.8144370238,1.157516819,20,20,1,2,False
FEV-Mini20,FEV-Bench,native,tirex2,multi_seasonal,3,1.06367207,0.8480175017,1.329721544,20,20,1,3,False
FEV-Mini20,FEV-Bench,native,Timer-3.5,multi_seasonal,3,1.170675195,0.9691070826,1.41392804,20,20,1,4,False
FEV-Mini20,FEV-Bench,native,Chronos-2,multi_seasonal,3,1.229214046,0.9436566336,1.535318491,20,20,1,5,False
FEV-Mini20,FEV-Bench,native,moirai2,multi_seasonal,3,1.234241485,1.032758195,1.514634326,20,20,1,6,False
FEV-Mini20,FEV-Bench,native,toto2.0,multi_seasonal,4,0.872972509,0.6873303634,1.077191994,20,20,1,1,True
FEV-Mini20,FEV-Bench,native,timesfm2.5,multi_seasonal,4,1.008255879,0.855343456,1.184175101,20,20,1,2,False
FEV-Mini20,FEV-Bench,native,tirex2,multi_seasonal,4,1.101093769,0.8877869591,1.352802851,20,20,1,3,False
FEV-Mini20,FEV-Bench,native,Timer-3.5,multi_seasonal,4,1.190195273,0.97423136,1.431640537,20,20,1,4,False
FEV-Mini20,FEV-Bench,native,moirai2,multi_seasonal,4,1.246000786,1.051743443,1.511904065,20,20,1,5,False
FEV-Mini20,FEV-Bench,native,Chronos-2,multi_seasonal,4,1.266026046,0.997493796,1.574279834,20,20,1,6,False
FEV-Mini20,FEV-Bench,native,toto2.0,multi_seasonal,5,0.8975559955,0.7067694008,1.088617156,20,20,1,1,True
FEV-Mini20,FEV-Bench,native,timesfm2.5,multi_seasonal,5,1.037910637,0.8831783188,1.201657267,20,20,1,2,False
FEV-Mini20,FEV-Bench,native,tirex2,multi_seasonal,5,1.126888005,0.9114479879,1.36583539,20,20,1,3,False
FEV-Mini20,FEV-Bench,native,Timer-3.5,multi_seasonal,5,1.215127075,1.015035212,1.456516022,20,20,1,4,False
FEV-Mini20,FEV-Bench,native,moirai2,multi_seasonal,5,1.259037362,1.058904394,1.554643926,20,20,1,5,False
FEV-Mini20,FEV-Bench,native,Chronos-2,multi_seasonal,5,1.293945924,1.030310904,1.605188377,20,20,1,6,False
FEV-Mini20,FEV-Bench,native,toto2.0,predictable_intermittency,1,0.5432264341,0.410934753,0.6760491393,18,20,0.9,1,True
FEV-Mini20,FEV-Bench,native,timesfm2.5,predictable_intermittency,1,0.597052663,0.4463940014,0.773101691,18,20,0.9,2,False
FEV-Mini20,FEV-Bench,native,tirex2,predictable_intermittency,1,0.6075519112,0.4735833363,0.737402976,18,20,0.9,3,False
FEV-Mini20,FEV-Bench,native,Chronos-2,predictable_intermittency,1,0.6151543513,0.4848615907,0.7551001055,18,20,0.9,4,False
FEV-Mini20,FEV-Bench,native,Timer-3.5,predictable_intermittency,1,0.7008200288,0.4998406616,0.9509688583,18,20,0.9,5,False
FEV-Mini20,FEV-Bench,native,moirai2,predictable_intermittency,1,0.8123658731,0.5833715208,1.107477406,18,20,0.9,6,False
FEV-Mini20,FEV-Bench,native,toto2.0,predictable_intermittency,2,0.7604757359,0.6682188584,0.8555162028,18,20,0.9,1,True
FEV-Mini20,FEV-Bench,native,timesfm2.5,predictable_intermittency,2,0.78909203,0.6708976703,0.9111407381,18,20,0.9,2,False
FEV-Mini20,FEV-Bench,native,tirex2,predictable_intermittency,2,0.8005535981,0.7084519847,0.8929823669,18,20,0.9,3,False
FEV-Mini20,FEV-Bench,native,Chronos-2,predictable_intermittency,2,0.8237928301,0.7339132015,0.9101509909,18,20,0.9,4,False
FEV-Mini20,FEV-Bench,native,Timer-3.5,predictable_intermittency,2,0.8910479216,0.7156110527,1.169770978,18,20,0.9,5,False
FEV-Mini20,FEV-Bench,native,moirai2,predictable_intermittency,2,0.9571963143,0.7536468286,1.270327765,18,20,0.9,6,False
FEV-Mini20,FEV-Bench,native,toto2.0,predictable_intermittency,3,0.887125733,0.8129403973,0.9623318504,18,20,0.9,1,True
FEV-Mini20,FEV-Bench,native,timesfm2.5,predictable_intermittency,3,0.9150980205,0.8132044854,1.020181307,18,20,0.9,2,False
FEV-Mini20,FEV-Bench,native,tirex2,predictable_intermittency,3,0.9315719689,0.8534562432,1.014742312,18,20,0.9,3,False
FEV-Mini20,FEV-Bench,native,Chronos-2,predictable_intermittency,3,0.9843146043,0.8919096615,1.08789076,18,20,0.9,4,False
FEV-Mini20,FEV-Bench,native,Timer-3.5,predictable_intermittency,3,1.054730907,0.8635857864,1.380777184,18,20,0.9,5,False
FEV-Mini20,FEV-Bench,native,moirai2,predictable_intermittency,3,1.122688294,0.8873210908,1.530545114,18,20,0.9,6,False
FEV-Mini20,FEV-Bench,native,toto2.0,predictable_intermittency,4,0.9410738585,0.8827191478,1.003906104,18,20,0.9,1,True
FEV-Mini20,FEV-Bench,native,timesfm2.5,predictable_intermittency,4,0.9517606157,0.8773858656,1.041675858,18,20,0.9,2,False
FEV-Mini20,FEV-Bench,native,tirex2,predictable_intermittency,4,0.9923486462,0.9102524859,1.099575105,18,20,0.9,3,False
FEV-Mini20,FEV-Bench,native,Chronos-2,predictable_intermittency,4,1.025863052,0.930696298,1.147584353,18,20,0.9,4,False
FEV-Mini20,FEV-Bench,native,Timer-3.5,predictable_intermittency,4,1.026990959,0.9074942672,1.213780902,18,20,0.9,5,False
FEV-Mini20,FEV-Bench,native,moirai2,predictable_intermittency,4,1.154706743,0.9353096689,1.542985745,18,20,0.9,6,False
FEV-Mini20,FEV-Bench,native,timesfm2.5,predictable_intermittency,5,1.069381544,1.007332816,1.134369191,18,20,0.9,1,True
FEV-Mini20,FEV-Bench,native,toto2.0,predictable_intermittency,5,1.12617358,1.055375076,1.206651002,18,20,0.9,2,False
FEV-Mini20,FEV-Bench,native,tirex2,predictable_intermittency,5,1.138202567,1.044333956,1.276924649,18,20,0.9,3,False
FEV-Mini20,FEV-Bench,native,Timer-3.5,predictable_intermittency,5,1.141307401,1.006271088,1.386531779,18,20,0.9,4,False
FEV-Mini20,FEV-Bench,native,Chronos-2,predictable_intermittency,5,1.219897946,1.073302517,1.413682798,18,20,0.9,5,False
FEV-Mini20,FEV-Bench,native,moirai2,predictable_intermittency,5,1.264163102,1.008981209,1.745837319,18,20,0.9,6,False
FEV-Mini20,FEV-Bench,native,toto2.0,regime_switching,1,0.05745196874,0.03518459017,0.08193766344,20,20,1,1,True
FEV-Mini20,FEV-Bench,native,moirai2,regime_switching,1,0.05948150028,0.03506107028,0.08546153116,20,20,1,2,False
FEV-Mini20,FEV-Bench,native,timesfm2.5,regime_switching,1,0.07629348323,0.04540688885,0.1072877682,20,20,1,3,False
FEV-Mini20,FEV-Bench,native,Timer-3.5,regime_switching,1,0.08978027355,0.0555390974,0.1250047,20,20,1,4,False
FEV-Mini20,FEV-Bench,native,tirex2,regime_switching,1,0.0921164579,0.0385456738,0.1646635319,20,20,1,5,False
FEV-Mini20,FEV-Bench,native,Chronos-2,regime_switching,1,0.1806672422,0.03858942095,0.4177016492,20,20,1,6,False
FEV-Mini20,FEV-Bench,native,moirai2,regime_switching,2,0.07390027183,0.04603540008,0.1029172501,20,20,1,1,True
FEV-Mini20,FEV-Bench,native,toto2.0,regime_switching,2,0.08282043063,0.05507030044,0.1122477683,20,20,1,2,False
FEV-Mini20,FEV-Bench,native,timesfm2.5,regime_switching,2,0.09503255258,0.05642091545,0.1334814755,20,20,1,3,False
FEV-Mini20,FEV-Bench,native,tirex2,regime_switching,2,0.105849633,0.04167851444,0.1881358113,20,20,1,4,False
FEV-Mini20,FEV-Bench,native,Timer-3.5,regime_switching,2,0.1162159075,0.07477746566,0.1617148666,20,20,1,5,False
FEV-Mini20,FEV-Bench,native,Chronos-2,regime_switching,2,0.1957048681,0.05642465349,0.423581977,20,20,1,6,False
FEV-Mini20,FEV-Bench,native,moirai2,regime_switching,3,0.0849187943,0.05503040878,0.1163586808,20,20,1,1,True
FEV-Mini20,FEV-Bench,native,toto2.0,regime_switching,3,0.09584347573,0.06096574126,0.1336838461,20,20,1,2,False
FEV-Mini20,FEV-Bench,native,timesfm2.5,regime_switching,3,0.1105922779,0.0699357581,0.1510946216,20,20,1,3,False
FEV-Mini20,FEV-Bench,native,tirex2,regime_switching,3,0.1228253152,0.04829804781,0.223906999,20,20,1,4,False
FEV-Mini20,FEV-Bench,native,Timer-3.5,regime_switching,3,0.1396055478,0.09321474199,0.1935040119,20,20,1,5,False
FEV-Mini20,FEV-Bench,native,Chronos-2,regime_switching,3,0.1844210707,0.05759100973,0.4003504904,20,20,1,6,False
FEV-Mini20,FEV-Bench,native,moirai2,regime_switching,4,0.1143650004,0.07814021034,0.1541743297,20,20,1,1,True
FEV-Mini20,FEV-Bench,native,toto2.0,regime_switching,4,0.1254911896,0.08214484668,0.1735425274,20,20,1,2,False
FEV-Mini20,FEV-Bench,native,timesfm2.5,regime_switching,4,0.1291158489,0.08816164025,0.1739090571,20,20,1,3,False
FEV-Mini20,FEV-Bench,native,tirex2,regime_switching,4,0.1490398673,0.05770923982,0.282465409,20,20,1,4,False
FEV-Mini20,FEV-Bench,native,Timer-3.5,regime_switching,4,0.1966481858,0.1306668858,0.2759275387,20,20,1,5,False
FEV-Mini20,FEV-Bench,native,Chronos-2,regime_switching,4,0.2108447502,0.07299254623,0.4285305791,20,20,1,6,False
FEV-Mini20,FEV-Bench,native,moirai2,regime_switching,5,0.1807642404,0.1112955257,0.2635785397,20,20,1,1,True
FEV-Mini20,FEV-Bench,native,timesfm2.5,regime_switching,5,0.1876867771,0.1251836122,0.2659981056,20,20,1,2,False
FEV-Mini20,FEV-Bench,native,toto2.0,regime_switching,5,0.1885113332,0.1225713187,0.2728866583,20,20,1,3,False
FEV-Mini20,FEV-Bench,native,tirex2,regime_switching,5,0.2115999135,0.09974939939,0.3411597897,20,20,1,4,False
FEV-Mini20,FEV-Bench,native,Timer-3.5,regime_switching,5,0.2739390381,0.1843168103,0.3824887494,20,20,1,5,False
FEV-Mini20,FEV-Bench,native,Chronos-2,regime_switching,5,0.2910543948,0.1480117159,0.5022842931,20,20,1,6,False
FEV-Mini20,FEV-Bench,native,timesfm2.5,time_varying_seasonality,1,0.8956822314,0.6400467495,1.171449944,20,20,1,1,True
FEV-Mini20,FEV-Bench,native,moirai2,time_varying_seasonality,1,0.9106127158,0.6804687181,1.152216027,20,20,1,2,False
FEV-Mini20,FEV-Bench,native,Timer-3.5,time_varying_seasonality,1,0.9342698959,0.682490547,1.241446635,20,20,1,3,False
FEV-Mini20,FEV-Bench,native,toto2.0,time_varying_seasonality,1,0.9436379083,0.676193965,1.234789929,20,20,1,4,False
FEV-Mini20,FEV-Bench,native,tirex2,time_varying_seasonality,1,0.94584495,0.6512035439,1.288612551,20,20,1,5,False
FEV-Mini20,FEV-Bench,native,Chronos-2,time_varying_seasonality,1,1.011531307,0.6754159206,1.372243356,20,20,1,6,False
FEV-Mini20,FEV-Bench,native,toto2.0,time_varying_seasonality,2,0.780496913,0.552579144,1.00819334,20,20,1,1,True
FEV-Mini20,FEV-Bench,native,timesfm2.5,time_varying_seasonality,2,0.8240939742,0.5882799981,1.07353473,20,20,1,2,False
FEV-Mini20,FEV-Bench,native,Timer-3.5,time_varying_seasonality,2,0.8385242999,0.6110147376,1.083041416,20,20,1,3,False
FEV-Mini20,FEV-Bench,native,moirai2,time_varying_seasonality,2,0.8562067392,0.6391001874,1.079703262,20,20,1,4,False
FEV-Mini20,FEV-Bench,native,tirex2,time_varying_seasonality,2,0.8675932503,0.5927245062,1.196883474,20,20,1,5,False
FEV-Mini20,FEV-Bench,native,Chronos-2,time_varying_seasonality,2,0.9091417999,0.6260215394,1.240931029,20,20,1,6,False
FEV-Mini20,FEV-Bench,native,toto2.0,time_varying_seasonality,3,0.6399323168,0.4596996682,0.825185222,20,20,1,1,True
FEV-Mini20,FEV-Bench,native,timesfm2.5,time_varying_seasonality,3,0.7389429839,0.5341781388,0.9670755141,20,20,1,2,False
FEV-Mini20,FEV-Bench,native,Timer-3.5,time_varying_seasonality,3,0.7558533096,0.5490525713,0.9716311603,20,20,1,3,False
FEV-Mini20,FEV-Bench,native,tirex2,time_varying_seasonality,3,0.7976568127,0.5328019569,1.111001891,20,20,1,4,False
FEV-Mini20,FEV-Bench,native,moirai2,time_varying_seasonality,3,0.7986648506,0.5885306448,1.022450736,20,20,1,5,False
FEV-Mini20,FEV-Bench,native,Chronos-2,time_varying_seasonality,3,0.8088574498,0.5575949232,1.118829123,20,20,1,6,False
FEV-Mini20,FEV-Bench,native,toto2.0,time_varying_seasonality,4,0.522841646,0.3760861374,0.6719394913,20,20,1,1,True
FEV-Mini20,FEV-Bench,native,timesfm2.5,time_varying_seasonality,4,0.6445209249,0.466387862,0.8476326573,20,20,1,2,False
FEV-Mini20,FEV-Bench,native,Timer-3.5,time_varying_seasonality,4,0.6656719273,0.484895352,0.8447294727,20,20,1,3,False
FEV-Mini20,FEV-Bench,native,Chronos-2,time_varying_seasonality,4,0.707874244,0.4757530896,0.9853818852,20,20,1,4,False
FEV-Mini20,FEV-Bench,native,tirex2,time_varying_seasonality,4,0.7191118955,0.4929006532,1.00060314,20,20,1,5,False
FEV-Mini20,FEV-Bench,native,moirai2,time_varying_seasonality,4,0.7409106331,0.5362188999,0.9445156673,20,20,1,6,False
FEV-Mini20,FEV-Bench,native,toto2.0,time_varying_seasonality,5,0.426278433,0.3093852326,0.5457483328,20,20,1,1,True
FEV-Mini20,FEV-Bench,native,timesfm2.5,time_varying_seasonality,5,0.564618502,0.4032096745,0.7454710208,20,20,1,2,False
FEV-Mini20,FEV-Bench,native,Timer-3.5,time_varying_seasonality,5,0.5835083155,0.4271821127,0.7499900652,20,20,1,3,False
FEV-Mini20,FEV-Bench,native,Chronos-2,time_varying_seasonality,5,0.6223780115,0.4043613043,0.8866556874,20,20,1,4,False
FEV-Mini20,FEV-Bench,native,tirex2,time_varying_seasonality,5,0.639272028,0.4235761805,0.9047241719,20,20,1,5,False
FEV-Mini20,FEV-Bench,native,moirai2,time_varying_seasonality,5,0.6808635731,0.4967382415,0.8775451281,20,20,1,6,False
FEV-Mini20,FEV-Bench,native,moirai2,trend,1,0.0961329425,0.06111554684,0.1392199571,18,20,0.9,1,True
FEV-Mini20,FEV-Bench,native,timesfm2.5,trend,1,0.130107939,0.0866616251,0.1812947289,18,20,0.9,2,False
FEV-Mini20,FEV-Bench,native,tirex2,trend,1,0.1586231542,0.07803276957,0.2610876932,18,20,0.9,3,False
FEV-Mini20,FEV-Bench,native,toto2.0,trend,1,0.1685563855,0.115823658,0.2350076975,18,20,0.9,4,False
FEV-Mini20,FEV-Bench,native,Chronos-2,trend,1,0.2251693641,0.07249195166,0.4849745965,18,20,0.9,5,False
FEV-Mini20,FEV-Bench,native,Timer-3.5,trend,1,0.23685996,0.1717299123,0.3072359058,18,20,0.9,6,False
FEV-Mini20,FEV-Bench,native,moirai2,trend,2,0.09140525453,0.05763858832,0.134534879,18,20,0.9,1,True
FEV-Mini20,FEV-Bench,native,timesfm2.5,trend,2,0.1188917823,0.07879329263,0.1623185296,18,20,0.9,2,False
FEV-Mini20,FEV-Bench,native,tirex2,trend,2,0.1405902334,0.06290119428,0.2354150843,18,20,0.9,3,False
FEV-Mini20,FEV-Bench,native,toto2.0,trend,2,0.1455986991,0.09847030078,0.2050966809,18,20,0.9,4,False
FEV-Mini20,FEV-Bench,native,Chronos-2,trend,2,0.2007129631,0.06599666049,0.4122380311,18,20,0.9,5,False
FEV-Mini20,FEV-Bench,native,Timer-3.5,trend,2,0.2015515083,0.1399872011,0.2694237588,18,20,0.9,6,False
FEV-Mini20,FEV-Bench,native,moirai2,trend,3,0.08798647511,0.05548952211,0.1285583391,18,20,0.9,1,True
FEV-Mini20,FEV-Bench,native,timesfm2.5,trend,3,0.1113827826,0.07395931179,0.1524952689,18,20,0.9,2,False
FEV-Mini20,FEV-Bench,native,toto2.0,trend,3,0.1213342675,0.08125827725,0.1698234866,18,20,0.9,3,False
FEV-Mini20,FEV-Bench,native,tirex2,trend,3,0.126551784,0.05541945996,0.2181400284,18,20,0.9,4,False
FEV-Mini20,FEV-Bench,native,Chronos-2,trend,3,0.1746789222,0.05624922137,0.366066632,18,20,0.9,5,False
FEV-Mini20,FEV-Bench,native,Timer-3.5,trend,3,0.1773158938,0.1206813557,0.2446581825,18,20,0.9,6,False
FEV-Mini20,FEV-Bench,native,moirai2,trend,4,0.08405341433,0.05344162091,0.12545568,18,20,0.9,1,True
FEV-Mini20,FEV-Bench,native,toto2.0,trend,4,0.09927618274,0.06963951842,0.1371865176,18,20,0.9,2,False
FEV-Mini20,FEV-Bench,native,timesfm2.5,trend,4,0.1034265546,0.06662629925,0.1402609127,18,20,0.9,3,False
FEV-Mini20,FEV-Bench,native,tirex2,trend,4,0.1204549082,0.0522566535,0.2186121377,18,20,0.9,4,False
FEV-Mini20,FEV-Bench,native,Chronos-2,trend,4,0.1506837382,0.05048685938,0.3057565645,18,20,0.9,5,False
FEV-Mini20,FEV-Bench,native,Timer-3.5,trend,4,0.1540829626,0.1043147412,0.2107044162,18,20,0.9,6,False
FEV-Mini20,FEV-Bench,native,moirai2,trend,5,0.07789167333,0.04945392627,0.1159013842,18,20,0.9,1,True
FEV-Mini20,FEV-Bench,native,toto2.0,trend,5,0.08308417423,0.05750542401,0.1129665839,18,20,0.9,2,False
FEV-Mini20,FEV-Bench,native,timesfm2.5,trend,5,0.09243562585,0.06088113463,0.125435253,18,20,0.9,3,False
FEV-Mini20,FEV-Bench,native,tirex2,trend,5,0.1047895412,0.04453135414,0.1886153664,18,20,0.9,4,False
FEV-Mini20,FEV-Bench,native,Chronos-2,trend,5,0.1310105692,0.04486556455,0.2680840993,18,20,0.9,5,False
FEV-Mini20,FEV-Bench,native,Timer-3.5,trend,5,0.1337802814,0.09084073878,0.1853063356,18,20,0.9,6,False
GIFT-Long,GIFT-Eval,long,Chronos-2,common_factor,1,0.5279196175,0.3444378056,0.7204458089,4,11,0.3636363636,1,True
GIFT-Long,GIFT-Eval,long,toto2.0,common_factor,1,0.8084132447,0.4782240483,1.138602441,4,11,0.3636363636,2,False
GIFT-Long,GIFT-Eval,long,Timer-3.5,common_factor,1,0.85308584,0.535693318,1.170478362,4,11,0.3636363636,3,False
GIFT-Long,GIFT-Eval,long,timesfm2.5,common_factor,1,0.9398083409,0.5418721348,1.337744547,4,11,0.3636363636,4,False
GIFT-Long,GIFT-Eval,long,moirai2,common_factor,1,1.383794015,0.7756332469,2.162021432,4,11,0.3636363636,5,False
GIFT-Long,GIFT-Eval,long,Chronos-2,common_factor,2,0.435765494,0.285203876,0.6216243006,4,11,0.3636363636,1,True
GIFT-Long,GIFT-Eval,long,toto2.0,common_factor,2,0.7351896408,0.4385007947,1.01413643,4,11,0.3636363636,2,False
GIFT-Long,GIFT-Eval,long,Timer-3.5,common_factor,2,0.7780457826,0.4656713147,1.090420251,4,11,0.3636363636,3,False
GIFT-Long,GIFT-Eval,long,timesfm2.5,common_factor,2,0.8611531479,0.4857731057,1.23653319,4,11,0.3636363636,4,False
GIFT-Long,GIFT-Eval,long,moirai2,common_factor,2,1.327773886,0.7759468445,2.086601256,4,11,0.3636363636,5,False
GIFT-Long,GIFT-Eval,long,Chronos-2,common_factor,3,0.3664937075,0.2359015064,0.5451458598,4,11,0.3636363636,1,True
GIFT-Long,GIFT-Eval,long,toto2.0,common_factor,3,0.6604326811,0.3735349327,0.9067690375,4,11,0.3636363636,2,False
GIFT-Long,GIFT-Eval,long,Timer-3.5,common_factor,3,0.7324785764,0.4399327739,1.025024379,4,11,0.3636363636,3,False
GIFT-Long,GIFT-Eval,long,timesfm2.5,common_factor,3,0.7880286255,0.4193306887,1.156726562,4,11,0.3636363636,4,False
GIFT-Long,GIFT-Eval,long,moirai2,common_factor,3,1.107974895,0.6741797106,1.665963168,4,11,0.3636363636,5,False
GIFT-Long,GIFT-Eval,long,Chronos-2,common_factor,4,0.3052866039,0.1876689999,0.4690515754,4,11,0.3636363636,1,True
GIFT-Long,GIFT-Eval,long,toto2.0,common_factor,4,0.5795699164,0.3000801064,0.8503669404,4,11,0.3636363636,2,False
GIFT-Long,GIFT-Eval,long,timesfm2.5,common_factor,4,0.665495856,0.3124250204,1.018566692,4,11,0.3636363636,3,False
GIFT-Long,GIFT-Eval,long,Timer-3.5,common_factor,4,0.6753162434,0.3928567437,0.9577757432,4,11,0.3636363636,4,False
GIFT-Long,GIFT-Eval,long,moirai2,common_factor,4,0.8327690499,0.5255314344,1.250297239,4,11,0.3636363636,5,False
GIFT-Long,GIFT-Eval,long,Chronos-2,common_factor,5,0.2905075674,0.1852586916,0.442483894,4,11,0.3636363636,1,True
GIFT-Long,GIFT-Eval,long,toto2.0,common_factor,5,0.5317973169,0.2618331289,0.7848861943,4,11,0.3636363636,2,False
GIFT-Long,GIFT-Eval,long,timesfm2.5,common_factor,5,0.6045617775,0.2524072916,0.9567162634,4,11,0.3636363636,3,False
GIFT-Long,GIFT-Eval,long,Timer-3.5,common_factor,5,0.6543672003,0.3935098407,0.9152245598,4,11,0.3636363636,4,False
GIFT-Long,GIFT-Eval,long,moirai2,common_factor,5,0.7688687297,0.4186220679,1.154716817,4,11,0.3636363636,5,False
GIFT-Long,GIFT-Eval,long,timesfm2.5,covariate_impulse_response,1,0.4011950826,0.2726095225,0.6568759449,3,11,0.2727272727,1,True
GIFT-Long,GIFT-Eval,long,Chronos-2,covariate_impulse_response,1,0.4859111696,0.2147933371,0.7729706547,3,11,0.2727272727,2,False
GIFT-Long,GIFT-Eval,long,moirai2,covariate_impulse_response,1,0.5006902898,0.1521738309,0.7358127266,3,11,0.2727272727,3,False
GIFT-Long,GIFT-Eval,long,Timer-3.5,covariate_impulse_response,1,0.6137671274,0.2485978534,0.8387711711,3,11,0.2727272727,4,False
GIFT-Long,GIFT-Eval,long,toto2.0,covariate_impulse_response,1,1.541018265,0.2250951802,3.910939696,3,11,0.2727272727,5,False
GIFT-Long,GIFT-Eval,long,timesfm2.5,covariate_impulse_response,2,0.3489002977,0.1827757525,0.6434598694,3,11,0.2727272727,1,True
GIFT-Long,GIFT-Eval,long,Chronos-2,covariate_impulse_response,2,0.4294996757,0.2238939313,0.7000867627,3,11,0.2727272727,2,False
GIFT-Long,GIFT-Eval,long,moirai2,covariate_impulse_response,2,0.4818357088,0.1718291725,0.6392760229,3,11,0.2727272727,3,False
GIFT-Long,GIFT-Eval,long,Timer-3.5,covariate_impulse_response,2,0.636262671,0.2715574445,0.8625406351,3,11,0.2727272727,4,False
GIFT-Long,GIFT-Eval,long,toto2.0,covariate_impulse_response,2,0.9812680735,0.1763263256,2.309640629,3,11,0.2727272727,5,False
GIFT-Long,GIFT-Eval,long,timesfm2.5,covariate_impulse_response,3,0.3183474154,0.1140134581,0.6460062804,3,11,0.2727272727,1,True
GIFT-Long,GIFT-Eval,long,Chronos-2,covariate_impulse_response,3,0.3963371468,0.2201064843,0.6380317992,3,11,0.2727272727,2,False
GIFT-Long,GIFT-Eval,long,moirai2,covariate_impulse_response,3,0.4817904479,0.1929647411,0.6312682053,3,11,0.2727272727,3,False
GIFT-Long,GIFT-Eval,long,Timer-3.5,covariate_impulse_response,3,0.6144324838,0.2640403943,0.8568531544,3,11,0.2727272727,4,False
GIFT-Long,GIFT-Eval,long,toto2.0,covariate_impulse_response,3,0.7713013408,0.1239787203,1.735145534,3,11,0.2727272727,5,False
GIFT-Long,GIFT-Eval,long,timesfm2.5,covariate_impulse_response,4,0.3042925586,0.08400168607,0.6353589742,3,11,0.2727272727,1,True
GIFT-Long,GIFT-Eval,long,Chronos-2,covariate_impulse_response,4,0.3583711745,0.2092733662,0.5466303075,3,11,0.2727272727,2,False
GIFT-Long,GIFT-Eval,long,moirai2,covariate_impulse_response,4,0.4955085162,0.1992663596,0.6684250721,3,11,0.2727272727,3,False
GIFT-Long,GIFT-Eval,long,toto2.0,covariate_impulse_response,4,0.5635293861,0.08853894671,1.17201243,3,11,0.2727272727,4,False
GIFT-Long,GIFT-Eval,long,Timer-3.5,covariate_impulse_response,4,0.5874810849,0.2559534681,0.8188880777,3,11,0.2727272727,5,False
GIFT-Long,GIFT-Eval,long,timesfm2.5,covariate_impulse_response,5,0.3029364724,0.1108049256,0.6214319132,3,11,0.2727272727,1,True
GIFT-Long,GIFT-Eval,long,Chronos-2,covariate_impulse_response,5,0.31714613,0.2020589577,0.4688415614,3,11,0.2727272727,2,False
GIFT-Long,GIFT-Eval,long,toto2.0,covariate_impulse_response,5,0.4303274667,0.07791182504,0.8092941165,3,11,0.2727272727,3,False
GIFT-Long,GIFT-Eval,long,moirai2,covariate_impulse_response,5,0.4919308518,0.2019618997,0.6552289658,3,11,0.2727272727,4,False
GIFT-Long,GIFT-Eval,long,Timer-3.5,covariate_impulse_response,5,0.5163533853,0.1928301128,0.6915555656,3,11,0.2727272727,5,False
GIFT-Long,GIFT-Eval,long,Chronos-2,cross_series_dependence,1,0.8948876652,0.4777846329,1.267222503,6,11,0.5454545455,1,True
GIFT-Long,GIFT-Eval,long,moirai2,cross_series_dependence,1,0.9995905813,0.5722094852,1.396504251,6,11,0.5454545455,2,False
GIFT-Long,GIFT-Eval,long,Timer-3.5,cross_series_dependence,1,1.022683375,0.6408444519,1.337903469,6,11,0.5454545455,3,False
GIFT-Long,GIFT-Eval,long,timesfm2.5,cross_series_dependence,1,1.119198607,0.7091761047,1.566890495,6,11,0.5454545455,4,False
GIFT-Long,GIFT-Eval,long,toto2.0,cross_series_dependence,1,1.459809243,1.051350815,1.927006446,6,11,0.5454545455,5,False
GIFT-Long,GIFT-Eval,long,Chronos-2,cross_series_dependence,2,0.8874707509,0.4878574153,1.25018927,6,11,0.5454545455,1,True
GIFT-Long,GIFT-Eval,long,moirai2,cross_series_dependence,2,1.015594432,0.5562060339,1.421679987,6,11,0.5454545455,2,False
GIFT-Long,GIFT-Eval,long,Timer-3.5,cross_series_dependence,2,1.022958616,0.5958715311,1.390849842,6,11,0.5454545455,3,False
GIFT-Long,GIFT-Eval,long,timesfm2.5,cross_series_dependence,2,1.102448325,0.6498591933,1.56397727,6,11,0.5454545455,4,False
GIFT-Long,GIFT-Eval,long,toto2.0,cross_series_dependence,2,1.351326177,1.055753897,1.714793874,6,11,0.5454545455,5,False
GIFT-Long,GIFT-Eval,long,Chronos-2,cross_series_dependence,3,0.8948844928,0.4780249924,1.255846986,6,11,0.5454545455,1,True
GIFT-Long,GIFT-Eval,long,Timer-3.5,cross_series_dependence,3,0.9993891588,0.5667348118,1.370886037,6,11,0.5454545455,2,False
GIFT-Long,GIFT-Eval,long,moirai2,cross_series_dependence,3,1.019109961,0.5765286713,1.436083225,6,11,0.5454545455,3,False
GIFT-Long,GIFT-Eval,long,timesfm2.5,cross_series_dependence,3,1.06780709,0.6290253932,1.52140214,6,11,0.5454545455,4,False
GIFT-Long,GIFT-Eval,long,toto2.0,cross_series_dependence,3,1.319105455,1.051933223,1.684017486,6,11,0.5454545455,5,False
GIFT-Long,GIFT-Eval,long,Chronos-2,cross_series_dependence,4,0.8883258853,0.4858105884,1.244110732,6,11,0.5454545455,1,True
GIFT-Long,GIFT-Eval,long,Timer-3.5,cross_series_dependence,4,0.9653876882,0.5361279257,1.313185162,6,11,0.5454545455,2,False
GIFT-Long,GIFT-Eval,long,timesfm2.5,cross_series_dependence,4,1.018372803,0.579397511,1.457348096,6,11,0.5454545455,3,False
GIFT-Long,GIFT-Eval,long,moirai2,cross_series_dependence,4,1.03248633,0.5882363272,1.480524587,6,11,0.5454545455,4,False
GIFT-Long,GIFT-Eval,long,toto2.0,cross_series_dependence,4,1.257785625,1.03993227,1.614686709,6,11,0.5454545455,5,False
GIFT-Long,GIFT-Eval,long,Chronos-2,cross_series_dependence,5,0.9007130818,0.5233916256,1.263915159,6,11,0.5454545455,1,True
GIFT-Long,GIFT-Eval,long,Timer-3.5,cross_series_dependence,5,0.9625396665,0.5405840232,1.313147046,6,11,0.5454545455,2,False
GIFT-Long,GIFT-Eval,long,timesfm2.5,cross_series_dependence,5,0.9821952788,0.5393522518,1.382161059,6,11,0.5454545455,3,False
GIFT-Long,GIFT-Eval,long,moirai2,cross_series_dependence,5,1.026392627,0.6045082902,1.436892217,6,11,0.5454545455,4,False
GIFT-Long,GIFT-Eval,long,toto2.0,cross_series_dependence,5,1.240028863,1.014960231,1.603024632,6,11,0.5454545455,5,False
GIFT-Long,GIFT-Eval,long,Chronos-2,multi_seasonal,1,0.7897234937,0.7179148005,0.8693128295,11,11,1,1,True
GIFT-Long,GIFT-Eval,long,timesfm2.5,multi_seasonal,1,0.7921376305,0.6562514111,0.9174160031,11,11,1,2,False
GIFT-Long,GIFT-Eval,long,toto2.0,multi_seasonal,1,0.856150278,0.5187084422,1.274415408,11,11,1,3,False
GIFT-Long,GIFT-Eval,long,Timer-3.5,multi_seasonal,1,1.040077223,0.8340055214,1.27607163,11,11,1,4,False
GIFT-Long,GIFT-Eval,long,moirai2,multi_seasonal,1,1.60455008,1.149015293,2.175235391,11,11,1,5,False
GIFT-Long,GIFT-Eval,long,Chronos-2,multi_seasonal,2,0.8701731119,0.7868110684,0.9552460462,11,11,1,1,True
GIFT-Long,GIFT-Eval,long,timesfm2.5,multi_seasonal,2,0.9081076951,0.7961392167,1.000358211,11,11,1,2,False
GIFT-Long,GIFT-Eval,long,toto2.0,multi_seasonal,2,0.9418121687,0.6055817113,1.382366219,11,11,1,3,False
GIFT-Long,GIFT-Eval,long,Timer-3.5,multi_seasonal,2,1.102308224,0.9311320554,1.30319472,11,11,1,4,False
GIFT-Long,GIFT-Eval,long,moirai2,multi_seasonal,2,1.539050478,1.117611691,2.028324598,11,11,1,5,False
GIFT-Long,GIFT-Eval,long,Chronos-2,multi_seasonal,3,0.9448282991,0.8675909859,1.026637065,11,11,1,1,True
GIFT-Long,GIFT-Eval,long,timesfm2.5,multi_seasonal,3,0.9943291614,0.8658889385,1.109863522,11,11,1,2,False
GIFT-Long,GIFT-Eval,long,toto2.0,multi_seasonal,3,1.019117232,0.6549828435,1.485133982,11,11,1,3,False
GIFT-Long,GIFT-Eval,long,Timer-3.5,multi_seasonal,3,1.217142103,1.055227622,1.385429103,11,11,1,4,False
GIFT-Long,GIFT-Eval,long,moirai2,multi_seasonal,3,1.672705635,1.168302104,2.214224659,11,11,1,5,False
GIFT-Long,GIFT-Eval,long,Chronos-2,multi_seasonal,4,0.9662242894,0.8947144065,1.037832676,11,11,1,1,True
GIFT-Long,GIFT-Eval,long,timesfm2.5,multi_seasonal,4,1.050390654,0.8868170072,1.193763003,11,11,1,2,False
GIFT-Long,GIFT-Eval,long,toto2.0,multi_seasonal,4,1.078736126,0.7102424311,1.525100702,11,11,1,3,False
GIFT-Long,GIFT-Eval,long,Timer-3.5,multi_seasonal,4,1.22416346,1.076623394,1.393744567,11,11,1,4,False
GIFT-Long,GIFT-Eval,long,moirai2,multi_seasonal,4,1.666573313,1.235215812,2.195220126,11,11,1,5,False
GIFT-Long,GIFT-Eval,long,Chronos-2,multi_seasonal,5,1.001530988,0.9254850821,1.075574292,11,11,1,1,True
GIFT-Long,GIFT-Eval,long,timesfm2.5,multi_seasonal,5,1.084816234,0.9430258865,1.231537802,11,11,1,2,False
GIFT-Long,GIFT-Eval,long,toto2.0,multi_seasonal,5,1.092782679,0.7428187067,1.532567974,11,11,1,3,False
GIFT-Long,GIFT-Eval,long,Timer-3.5,multi_seasonal,5,1.255369915,1.114070987,1.408806948,11,11,1,4,False
GIFT-Long,GIFT-Eval,long,moirai2,multi_seasonal,5,1.704776558,1.14636188,2.446215053,11,11,1,5,False
GIFT-Long,GIFT-Eval,long,Chronos-2,predictable_intermittency,1,1.021414139,1.004357569,1.042809698,11,11,1,1,True
GIFT-Long,GIFT-Eval,long,timesfm2.5,predictable_intermittency,1,1.0509563,1.014734334,1.093226232,11,11,1,2,False
GIFT-Long,GIFT-Eval,long,toto2.0,predictable_intermittency,1,1.065326413,0.9486240847,1.238622352,11,11,1,3,False
GIFT-Long,GIFT-Eval,long,Timer-3.5,predictable_intermittency,1,1.087477537,1.039956868,1.14934498,11,11,1,4,False
GIFT-Long,GIFT-Eval,long,moirai2,predictable_intermittency,1,1.726740061,1.060234006,2.805177808,11,11,1,5,False
GIFT-Long,GIFT-Eval,long,Chronos-2,predictable_intermittency,2,1.044858731,1.023549279,1.069497226,11,11,1,1,True
GIFT-Long,GIFT-Eval,long,timesfm2.5,predictable_intermittency,2,1.083778351,1.033677281,1.16503597,11,11,1,2,False
GIFT-Long,GIFT-Eval,long,Timer-3.5,predictable_intermittency,2,1.107267055,1.053633652,1.179474,11,11,1,3,False
GIFT-Long,GIFT-Eval,long,toto2.0,predictable_intermittency,2,1.14895009,1.01067019,1.372133196,11,11,1,4,False
GIFT-Long,GIFT-Eval,long,moirai2,predictable_intermittency,2,2.101403914,1.04049851,3.968208642,11,11,1,5,False
GIFT-Long,GIFT-Eval,long,timesfm2.5,predictable_intermittency,3,1.048889756,1.02599946,1.075637914,11,11,1,1,True
GIFT-Long,GIFT-Eval,long,Chronos-2,predictable_intermittency,3,1.05461498,1.01980244,1.094074685,11,11,1,2,False
GIFT-Long,GIFT-Eval,long,Timer-3.5,predictable_intermittency,3,1.110251511,1.060365446,1.16848693,11,11,1,3,False
GIFT-Long,GIFT-Eval,long,toto2.0,predictable_intermittency,3,1.177842455,0.9924363513,1.474432943,11,11,1,4,False
GIFT-Long,GIFT-Eval,long,moirai2,predictable_intermittency,3,1.287506819,1.033056387,1.762754464,11,11,1,5,False
GIFT-Long,GIFT-Eval,long,Chronos-2,predictable_intermittency,4,1.07142415,1.033442619,1.112127554,11,11,1,1,True
GIFT-Long,GIFT-Eval,long,timesfm2.5,predictable_intermittency,4,1.093136276,1.035025128,1.170231139,11,11,1,2,False
GIFT-Long,GIFT-Eval,long,Timer-3.5,predictable_intermittency,4,1.114822111,1.05357455,1.187826921,11,11,1,3,False
GIFT-Long,GIFT-Eval,long,toto2.0,predictable_intermittency,4,1.271534134,0.952473212,1.77667275,11,11,1,4,False
GIFT-Long,GIFT-Eval,long,moirai2,predictable_intermittency,4,1.658830136,1.127217956,2.525977803,11,11,1,5,False
GIFT-Long,GIFT-Eval,long,Chronos-2,predictable_intermittency,5,1.063074851,1.024086195,1.110061301,11,11,1,1,True
GIFT-Long,GIFT-Eval,long,timesfm2.5,predictable_intermittency,5,1.06596092,1.029084877,1.116064068,11,11,1,2,False
GIFT-Long,GIFT-Eval,long,Timer-3.5,predictable_intermittency,5,1.171675363,1.096065186,1.256048667,11,11,1,3,False
GIFT-Long,GIFT-Eval,long,toto2.0,predictable_intermittency,5,1.256453764,1.010607025,1.597528972,11,11,1,4,False
GIFT-Long,GIFT-Eval,long,moirai2,predictable_intermittency,5,1.641148118,1.032505094,2.623049149,11,11,1,5,False
GIFT-Long,GIFT-Eval,long,Chronos-2,regime_switching,1,0.02878046354,0.00944969868,0.05704604414,11,11,1,1,True
GIFT-Long,GIFT-Eval,long,timesfm2.5,regime_switching,1,0.05375695306,0.03189151909,0.0811816476,11,11,1,2,False
GIFT-Long,GIFT-Eval,long,Timer-3.5,regime_switching,1,0.08016439013,0.04005817236,0.1220241314,11,11,1,3,False
GIFT-Long,GIFT-Eval,long,toto2.0,regime_switching,1,0.09928776445,0.06317615236,0.1379730634,11,11,1,4,False
GIFT-Long,GIFT-Eval,long,moirai2,regime_switching,1,0.1885790832,0.07388518281,0.3618861658,11,11,1,5,False
GIFT-Long,GIFT-Eval,long,Chronos-2,regime_switching,2,0.04511611409,0.01548006917,0.08087703399,11,11,1,1,True
GIFT-Long,GIFT-Eval,long,timesfm2.5,regime_switching,2,0.07411362469,0.0407448516,0.113785513,11,11,1,2,False
GIFT-Long,GIFT-Eval,long,toto2.0,regime_switching,2,0.09318894958,0.06261500735,0.1315176813,11,11,1,3,False
GIFT-Long,GIFT-Eval,long,Timer-3.5,regime_switching,2,0.1299710287,0.07400341684,0.1923849307,11,11,1,4,False
GIFT-Long,GIFT-Eval,long,moirai2,regime_switching,2,0.2125966895,0.1241938743,0.3212904402,11,11,1,5,False
GIFT-Long,GIFT-Eval,long,Chronos-2,regime_switching,3,0.05864705876,0.03263600379,0.08915623243,11,11,1,1,True
GIFT-Long,GIFT-Eval,long,timesfm2.5,regime_switching,3,0.106031605,0.07356528524,0.1506692754,11,11,1,2,False
GIFT-Long,GIFT-Eval,long,Timer-3.5,regime_switching,3,0.1584290854,0.09294967539,0.2266641841,11,11,1,3,False
GIFT-Long,GIFT-Eval,long,toto2.0,regime_switching,3,0.242366769,0.1433154442,0.3845362859,11,11,1,4,False
GIFT-Long,GIFT-Eval,long,moirai2,regime_switching,3,0.3375039307,0.2103134852,0.4677468226,11,11,1,5,False
GIFT-Long,GIFT-Eval,long,Chronos-2,regime_switching,4,0.07879718052,0.04906092999,0.1107391409,11,11,1,1,True
GIFT-Long,GIFT-Eval,long,timesfm2.5,regime_switching,4,0.1238608975,0.08176595452,0.182981232,11,11,1,2,False
GIFT-Long,GIFT-Eval,long,Timer-3.5,regime_switching,4,0.2111211039,0.1349489977,0.2946173427,11,11,1,3,False
GIFT-Long,GIFT-Eval,long,toto2.0,regime_switching,4,0.4048358172,0.272692565,0.5717033791,11,11,1,4,False
GIFT-Long,GIFT-Eval,long,moirai2,regime_switching,4,0.4529745252,0.2889919436,0.6330374828,11,11,1,5,False
GIFT-Long,GIFT-Eval,long,Chronos-2,regime_switching,5,0.1110577328,0.06812358631,0.1611417983,11,11,1,1,True
GIFT-Long,GIFT-Eval,long,timesfm2.5,regime_switching,5,0.1701823669,0.1042421339,0.2486486159,11,11,1,2,False
GIFT-Long,GIFT-Eval,long,Timer-3.5,regime_switching,5,0.2930709719,0.1717844395,0.4401582664,11,11,1,3,False
GIFT-Long,GIFT-Eval,long,moirai2,regime_switching,5,0.4396571032,0.2942790575,0.5893827743,11,11,1,4,False
GIFT-Long,GIFT-Eval,long,toto2.0,regime_switching,5,0.4849176839,0.4257108682,0.5501382529,11,11,1,5,False
GIFT-Long,GIFT-Eval,long,Chronos-2,time_varying_seasonality,1,1.041625023,0.8356078514,1.265749718,10,11,0.9090909091,1,True
GIFT-Long,GIFT-Eval,long,timesfm2.5,time_varying_seasonality,1,1.110937246,0.9456844433,1.294526156,10,11,0.9090909091,2,False
GIFT-Long,GIFT-Eval,long,moirai2,time_varying_seasonality,1,1.227567516,1.01944438,1.464759772,10,11,0.9090909091,3,False
GIFT-Long,GIFT-Eval,long,Timer-3.5,time_varying_seasonality,1,1.46670342,0.9987453494,2.132741742,10,11,0.9090909091,4,False
GIFT-Long,GIFT-Eval,long,toto2.0,time_varying_seasonality,1,1.606745497,0.9958977557,2.464698714,10,11,0.9090909091,5,False
GIFT-Long,GIFT-Eval,long,Chronos-2,time_varying_seasonality,2,0.9483095982,0.7410610613,1.167228447,10,11,0.9090909091,1,True
GIFT-Long,GIFT-Eval,long,timesfm2.5,time_varying_seasonality,2,1.035391712,0.8142368444,1.244526378,10,11,0.9090909091,2,False
GIFT-Long,GIFT-Eval,long,moirai2,time_varying_seasonality,2,1.233054414,1.033750341,1.450420426,10,11,0.9090909091,3,False
GIFT-Long,GIFT-Eval,long,toto2.0,time_varying_seasonality,2,1.250113881,0.8832543285,1.766893,10,11,0.9090909091,4,False
GIFT-Long,GIFT-Eval,long,Timer-3.5,time_varying_seasonality,2,1.35865136,1.039674047,1.816100233,10,11,0.9090909091,5,False
GIFT-Long,GIFT-Eval,long,Chronos-2,time_varying_seasonality,3,0.8543082266,0.6516018728,1.064290629,10,11,0.9090909091,1,True
GIFT-Long,GIFT-Eval,long,timesfm2.5,time_varying_seasonality,3,0.9784835466,0.7685831997,1.18444485,10,11,0.9090909091,2,False
GIFT-Long,GIFT-Eval,long,toto2.0,time_varying_seasonality,3,1.062396796,0.7851116307,1.448490136,10,11,0.9090909091,3,False
GIFT-Long,GIFT-Eval,long,moirai2,time_varying_seasonality,3,1.216690052,1.023688064,1.437517024,10,11,0.9090909091,4,False
GIFT-Long,GIFT-Eval,long,Timer-3.5,time_varying_seasonality,3,1.218259761,0.9550084519,1.520291171,10,11,0.9090909091,5,False
GIFT-Long,GIFT-Eval,long,Chronos-2,time_varying_seasonality,4,0.7639406071,0.5828226975,0.9624862365,10,11,0.9090909091,1,True
GIFT-Long,GIFT-Eval,long,timesfm2.5,time_varying_seasonality,4,0.8875992023,0.6847422722,1.082564778,10,11,0.9090909091,2,False
GIFT-Long,GIFT-Eval,long,toto2.0,time_varying_seasonality,4,0.8983275546,0.6717201074,1.175084444,10,11,0.9090909091,3,False
GIFT-Long,GIFT-Eval,long,Timer-3.5,time_varying_seasonality,4,1.084327584,0.8786680968,1.285769179,10,11,0.9090909091,4,False
GIFT-Long,GIFT-Eval,long,moirai2,time_varying_seasonality,4,1.153352662,0.992532411,1.335023758,10,11,0.9090909091,5,False
GIFT-Long,GIFT-Eval,long,Chronos-2,time_varying_seasonality,5,0.6881333948,0.5284043543,0.8580654094,10,11,0.9090909091,1,True
GIFT-Long,GIFT-Eval,long,toto2.0,time_varying_seasonality,5,0.7760724285,0.5788290456,1.024888006,10,11,0.9090909091,2,False
GIFT-Long,GIFT-Eval,long,timesfm2.5,time_varying_seasonality,5,0.7927904098,0.6084277177,0.9998143706,10,11,0.9090909091,3,False
GIFT-Long,GIFT-Eval,long,Timer-3.5,time_varying_seasonality,5,0.9853417563,0.8353587254,1.140674952,10,11,0.9090909091,4,False
GIFT-Long,GIFT-Eval,long,moirai2,time_varying_seasonality,5,1.119125408,0.9479861052,1.301643851,10,11,0.9090909091,5,False
GIFT-Long,GIFT-Eval,long,Chronos-2,trend,1,0.07274962485,0.03382777016,0.1327054928,10,11,0.9090909091,1,True
GIFT-Long,GIFT-Eval,long,timesfm2.5,trend,1,0.1765189854,0.07964129748,0.3091781257,10,11,0.9090909091,2,False
GIFT-Long,GIFT-Eval,long,Timer-3.5,trend,1,0.2296596267,0.1404062735,0.3256432054,10,11,0.9090909091,3,False
GIFT-Long,GIFT-Eval,long,moirai2,trend,1,0.2414379172,0.1664748648,0.3166139165,10,11,0.9090909091,4,False
GIFT-Long,GIFT-Eval,long,toto2.0,trend,1,0.3829432969,0.1803661366,0.6383028166,10,11,0.9090909091,5,False
GIFT-Long,GIFT-Eval,long,Chronos-2,trend,2,0.06715528611,0.03484008834,0.1151151501,10,11,0.9090909091,1,True
GIFT-Long,GIFT-Eval,long,timesfm2.5,trend,2,0.1408610699,0.07457845193,0.216174165,10,11,0.9090909091,2,False
GIFT-Long,GIFT-Eval,long,Timer-3.5,trend,2,0.2184615691,0.1285644935,0.3163072898,10,11,0.9090909091,3,False
GIFT-Long,GIFT-Eval,long,moirai2,trend,2,0.2264625446,0.1500283525,0.2985210328,10,11,0.9090909091,4,False
GIFT-Long,GIFT-Eval,long,toto2.0,trend,2,0.2948023946,0.1704468274,0.4466751228,10,11,0.9090909091,5,False
GIFT-Long,GIFT-Eval,long,Chronos-2,trend,3,0.06289883159,0.0344691305,0.1043555451,10,11,0.9090909091,1,True
GIFT-Long,GIFT-Eval,long,timesfm2.5,trend,3,0.1192525788,0.06816935479,0.1783104528,10,11,0.9090909091,2,False
GIFT-Long,GIFT-Eval,long,Timer-3.5,trend,3,0.185266264,0.1165431992,0.2679837674,10,11,0.9090909091,3,False
GIFT-Long,GIFT-Eval,long,moirai2,trend,3,0.2014054663,0.1207046556,0.2790366316,10,11,0.9090909091,4,False
GIFT-Long,GIFT-Eval,long,toto2.0,trend,3,0.2456376843,0.1539894588,0.3567744925,10,11,0.9090909091,5,False
GIFT-Long,GIFT-Eval,long,Chronos-2,trend,4,0.05709881,0.03319953903,0.093945347,10,11,0.9090909091,1,True
GIFT-Long,GIFT-Eval,long,timesfm2.5,trend,4,0.09993289565,0.06116800384,0.1430767794,10,11,0.9090909091,2,False
GIFT-Long,GIFT-Eval,long,Timer-3.5,trend,4,0.1711234128,0.1098152305,0.2470197785,10,11,0.9090909091,3,False
GIFT-Long,GIFT-Eval,long,toto2.0,trend,4,0.1964114204,0.1349544105,0.2680849316,10,11,0.9090909091,4,False
GIFT-Long,GIFT-Eval,long,moirai2,trend,4,0.1995154493,0.1237662684,0.2777873991,10,11,0.9090909091,5,False
GIFT-Long,GIFT-Eval,long,Chronos-2,trend,5,0.05144702157,0.02955171163,0.08328478852,10,11,0.9090909091,1,True
GIFT-Long,GIFT-Eval,long,timesfm2.5,trend,5,0.08551341513,0.05236331639,0.1211135352,10,11,0.9090909091,2,False
GIFT-Long,GIFT-Eval,long,Timer-3.5,trend,5,0.1504027383,0.09406076482,0.2199243995,10,11,0.9090909091,3,False
GIFT-Long,GIFT-Eval,long,toto2.0,trend,5,0.166686003,0.1154993447,0.2192455325,10,11,0.9090909091,4,False
GIFT-Long,GIFT-Eval,long,moirai2,trend,5,0.1973913749,0.1257974835,0.2727847552,10,11,0.9090909091,5,False
GIFT-Medium,GIFT-Eval,medium,Chronos-2,common_factor,1,0.3381952743,0.3148015339,0.3615890146,4,11,0.3636363636,1,True
GIFT-Medium,GIFT-Eval,medium,toto2.0,common_factor,1,0.4502591628,0.322973766,0.5980562727,4,11,0.3636363636,2,False
GIFT-Medium,GIFT-Eval,medium,Timer-3.5,common_factor,1,0.5339429047,0.4449446931,0.6229411164,4,11,0.3636363636,3,False
GIFT-Medium,GIFT-Eval,medium,timesfm2.5,common_factor,1,0.6008874406,0.5027997261,0.7104241603,4,11,0.3636363636,4,False
GIFT-Medium,GIFT-Eval,medium,moirai2,common_factor,1,0.6560155834,0.4886728863,0.8155846777,4,11,0.3636363636,5,False
GIFT-Medium,GIFT-Eval,medium,Chronos-2,common_factor,2,0.3021202907,0.2668232657,0.3372596039,4,11,0.3636363636,1,True
GIFT-Medium,GIFT-Eval,medium,toto2.0,common_factor,2,0.4282360293,0.2612260538,0.6148417859,4,11,0.3636363636,2,False
GIFT-Medium,GIFT-Eval,medium,Timer-3.5,common_factor,2,0.5329338552,0.3936387956,0.6722289147,4,11,0.3636363636,3,False
GIFT-Medium,GIFT-Eval,medium,timesfm2.5,common_factor,2,0.5983988723,0.4720479462,0.6983926209,4,11,0.3636363636,4,False
GIFT-Medium,GIFT-Eval,medium,moirai2,common_factor,2,0.6287855166,0.4493250613,0.8082459718,4,11,0.3636363636,5,False
GIFT-Medium,GIFT-Eval,medium,Chronos-2,common_factor,3,0.2511877648,0.2256168178,0.2782919171,4,11,0.3636363636,1,True
GIFT-Medium,GIFT-Eval,medium,toto2.0,common_factor,3,0.376878535,0.2123053539,0.5414517162,4,11,0.3636363636,2,False
GIFT-Medium,GIFT-Eval,medium,Timer-3.5,common_factor,3,0.4797935094,0.3451428567,0.6154561599,4,11,0.3636363636,3,False
GIFT-Medium,GIFT-Eval,medium,timesfm2.5,common_factor,3,0.5329055346,0.376323123,0.6258643739,4,11,0.3636363636,4,False
GIFT-Medium,GIFT-Eval,medium,moirai2,common_factor,3,0.5664446582,0.3876832435,0.7218721124,4,11,0.3636363636,5,False
GIFT-Medium,GIFT-Eval,medium,Chronos-2,common_factor,4,0.2092689168,0.1713226369,0.2537258205,4,11,0.3636363636,1,True
GIFT-Medium,GIFT-Eval,medium,toto2.0,common_factor,4,0.3380558609,0.1747801706,0.5013315511,4,11,0.3636363636,2,False
GIFT-Medium,GIFT-Eval,medium,Timer-3.5,common_factor,4,0.432893347,0.2998747516,0.5659119423,4,11,0.3636363636,3,False
GIFT-Medium,GIFT-Eval,medium,timesfm2.5,common_factor,4,0.4704798853,0.2906258468,0.5870321069,4,11,0.3636363636,4,False
GIFT-Medium,GIFT-Eval,medium,moirai2,common_factor,4,0.5235126061,0.333112563,0.7033101302,4,11,0.3636363636,5,False
GIFT-Medium,GIFT-Eval,medium,Chronos-2,common_factor,5,0.1833177369,0.1396701294,0.2261306511,4,11,0.3636363636,1,True
GIFT-Medium,GIFT-Eval,medium,toto2.0,common_factor,5,0.2925306455,0.1445278763,0.4405334147,4,11,0.3636363636,2,False
GIFT-Medium,GIFT-Eval,medium,Timer-3.5,common_factor,5,0.3891179235,0.2670800847,0.5111557623,4,11,0.3636363636,3,False
GIFT-Medium,GIFT-Eval,medium,timesfm2.5,common_factor,5,0.4197238196,0.2678866639,0.5208031996,4,11,0.3636363636,4,False
GIFT-Medium,GIFT-Eval,medium,moirai2,common_factor,5,0.4798527868,0.2896876724,0.628075956,4,11,0.3636363636,5,False
GIFT-Medium,GIFT-Eval,medium,timesfm2.5,covariate_impulse_response,1,0.4184214067,0.296623427,0.5654842712,4,11,0.3636363636,1,True
GIFT-Medium,GIFT-Eval,medium,moirai2,covariate_impulse_response,1,0.5243989357,0.368470275,0.6493231302,4,11,0.3636363636,2,False
GIFT-Medium,GIFT-Eval,medium,Timer-3.5,covariate_impulse_response,1,0.6520396062,0.5083962507,0.7414950878,4,11,0.3636363636,3,False
GIFT-Medium,GIFT-Eval,medium,Chronos-2,covariate_impulse_response,1,0.6529129189,0.301046553,1.080290021,4,11,0.3636363636,4,False
GIFT-Medium,GIFT-Eval,medium,toto2.0,covariate_impulse_response,1,0.8269501572,0.4117103717,1.550163765,4,11,0.3636363636,5,False
GIFT-Medium,GIFT-Eval,medium,timesfm2.5,covariate_impulse_response,2,0.3715656415,0.2752175548,0.531999785,4,11,0.3636363636,1,True
GIFT-Medium,GIFT-Eval,medium,moirai2,covariate_impulse_response,2,0.5018717976,0.3622562523,0.6100557193,4,11,0.3636363636,2,False
GIFT-Medium,GIFT-Eval,medium,Timer-3.5,covariate_impulse_response,2,0.5412188014,0.4619354841,0.6386755312,4,11,0.3636363636,3,False
GIFT-Medium,GIFT-Eval,medium,Chronos-2,covariate_impulse_response,2,0.5885190921,0.2705285236,0.9064538187,4,11,0.3636363636,4,False
GIFT-Medium,GIFT-Eval,medium,toto2.0,covariate_impulse_response,2,0.6517430158,0.3937973461,1.103513199,4,11,0.3636363636,5,False
GIFT-Medium,GIFT-Eval,medium,timesfm2.5,covariate_impulse_response,3,0.3529171924,0.2421431812,0.502478328,4,11,0.3636363636,1,True
GIFT-Medium,GIFT-Eval,medium,moirai2,covariate_impulse_response,3,0.4520123641,0.3262016761,0.5778230522,4,11,0.3636363636,2,False
GIFT-Medium,GIFT-Eval,medium,Timer-3.5,covariate_impulse_response,3,0.476889038,0.3520981999,0.6107660314,4,11,0.3636363636,3,False
GIFT-Medium,GIFT-Eval,medium,toto2.0,covariate_impulse_response,3,0.5118118858,0.3721018472,0.7599140811,4,11,0.3636363636,4,False
GIFT-Medium,GIFT-Eval,medium,Chronos-2,covariate_impulse_response,3,0.5372670637,0.2601090123,0.7803644309,4,11,0.3636363636,5,False
GIFT-Medium,GIFT-Eval,medium,timesfm2.5,covariate_impulse_response,4,0.3664015365,0.2188256352,0.5139774379,4,11,0.3636363636,1,True
GIFT-Medium,GIFT-Eval,medium,moirai2,covariate_impulse_response,4,0.3962844777,0.2877889021,0.5047800534,4,11,0.3636363636,2,False
GIFT-Medium,GIFT-Eval,medium,Timer-3.5,covariate_impulse_response,4,0.4111001943,0.2300089338,0.566195321,4,11,0.3636363636,3,False
GIFT-Medium,GIFT-Eval,medium,toto2.0,covariate_impulse_response,4,0.4212095578,0.2955055949,0.5942508894,4,11,0.3636363636,4,False
GIFT-Medium,GIFT-Eval,medium,Chronos-2,covariate_impulse_response,4,0.4687959075,0.2585743272,0.6491023125,4,11,0.3636363636,5,False
GIFT-Medium,GIFT-Eval,medium,toto2.0,covariate_impulse_response,5,0.3367285834,0.2396255653,0.4178087007,4,11,0.3636363636,1,True
GIFT-Medium,GIFT-Eval,medium,timesfm2.5,covariate_impulse_response,5,0.3538366855,0.1907515166,0.5169218543,4,11,0.3636363636,2,False
GIFT-Medium,GIFT-Eval,medium,Timer-3.5,covariate_impulse_response,5,0.4064414625,0.2157068934,0.5463983473,4,11,0.3636363636,3,False
GIFT-Medium,GIFT-Eval,medium,moirai2,covariate_impulse_response,5,0.4122739529,0.2935106522,0.5310372536,4,11,0.3636363636,4,False
GIFT-Medium,GIFT-Eval,medium,Chronos-2,covariate_impulse_response,5,0.4175959927,0.2311342056,0.5736682389,4,11,0.3636363636,5,False
GIFT-Medium,GIFT-Eval,medium,Chronos-2,cross_series_dependence,1,0.9801871324,0.4952845741,1.441006823,6,11,0.5454545455,1,True
GIFT-Medium,GIFT-Eval,medium,moirai2,cross_series_dependence,1,1.013924054,0.582143074,1.439674831,6,11,0.5454545455,2,False
GIFT-Medium,GIFT-Eval,medium,timesfm2.5,cross_series_dependence,1,1.066684331,0.5874446967,1.589261174,6,11,0.5454545455,3,False
GIFT-Medium,GIFT-Eval,medium,Timer-3.5,cross_series_dependence,1,1.105019825,0.5925197581,1.626363358,6,11,0.5454545455,4,False
GIFT-Medium,GIFT-Eval,medium,toto2.0,cross_series_dependence,1,1.169487308,0.8879785917,1.47020428,6,11,0.5454545455,5,False
GIFT-Medium,GIFT-Eval,medium,Chronos-2,cross_series_dependence,2,0.9985787733,0.5535235276,1.436516698,6,11,0.5454545455,1,True
GIFT-Medium,GIFT-Eval,medium,moirai2,cross_series_dependence,2,1.011426146,0.6055306723,1.420243503,6,11,0.5454545455,2,False
GIFT-Medium,GIFT-Eval,medium,timesfm2.5,cross_series_dependence,2,1.068148638,0.587353084,1.571667574,6,11,0.5454545455,3,False
GIFT-Medium,GIFT-Eval,medium,Timer-3.5,cross_series_dependence,2,1.121956576,0.6281573771,1.668313921,6,11,0.5454545455,4,False
GIFT-Medium,GIFT-Eval,medium,toto2.0,cross_series_dependence,2,1.188204974,0.8967928422,1.501355613,6,11,0.5454545455,5,False
GIFT-Medium,GIFT-Eval,medium,Chronos-2,cross_series_dependence,3,0.9954155969,0.5237123522,1.448978493,6,11,0.5454545455,1,True
GIFT-Medium,GIFT-Eval,medium,moirai2,cross_series_dependence,3,1.012637365,0.6049406319,1.432275012,6,11,0.5454545455,2,False
GIFT-Medium,GIFT-Eval,medium,timesfm2.5,cross_series_dependence,3,1.050801913,0.566298846,1.504661289,6,11,0.5454545455,3,False
GIFT-Medium,GIFT-Eval,medium,Timer-3.5,cross_series_dependence,3,1.069517561,0.6097536401,1.567800789,6,11,0.5454545455,4,False
GIFT-Medium,GIFT-Eval,medium,toto2.0,cross_series_dependence,3,1.19392981,0.8692271287,1.501112224,6,11,0.5454545455,5,False
GIFT-Medium,GIFT-Eval,medium,Chronos-2,cross_series_dependence,4,0.9949016642,0.5241931198,1.458008719,6,11,0.5454545455,1,True
GIFT-Medium,GIFT-Eval,medium,moirai2,cross_series_dependence,4,1.020929392,0.572304692,1.447525413,6,11,0.5454545455,2,False
GIFT-Medium,GIFT-Eval,medium,Timer-3.5,cross_series_dependence,4,1.035448791,0.5316127983,1.529699787,6,11,0.5454545455,3,False
GIFT-Medium,GIFT-Eval,medium,timesfm2.5,cross_series_dependence,4,1.04444504,0.5420044739,1.546885605,6,11,0.5454545455,4,False
GIFT-Medium,GIFT-Eval,medium,toto2.0,cross_series_dependence,4,1.19584536,0.8601497452,1.492267089,6,11,0.5454545455,5,False
GIFT-Medium,GIFT-Eval,medium,Chronos-2,cross_series_dependence,5,0.9922505909,0.5278083333,1.46978369,6,11,0.5454545455,1,True
GIFT-Medium,GIFT-Eval,medium,Timer-3.5,cross_series_dependence,5,1.018649791,0.5349987609,1.492084494,6,11,0.5454545455,2,False
GIFT-Medium,GIFT-Eval,medium,timesfm2.5,cross_series_dependence,5,1.034946076,0.5340946515,1.56762433,6,11,0.5454545455,3,False
GIFT-Medium,GIFT-Eval,medium,moirai2,cross_series_dependence,5,1.194278824,0.5878210021,1.905449144,6,11,0.5454545455,4,False
GIFT-Medium,GIFT-Eval,medium,toto2.0,cross_series_dependence,5,1.196533608,0.8628164225,1.500612428,6,11,0.5454545455,5,False
GIFT-Medium,GIFT-Eval,medium,timesfm2.5,multi_seasonal,1,0.8662933131,0.5955844693,1.228203904,11,11,1,1,True
GIFT-Medium,GIFT-Eval,medium,Chronos-2,multi_seasonal,1,0.9186434365,0.621203569,1.428552661,11,11,1,2,False
GIFT-Medium,GIFT-Eval,medium,toto2.0,multi_seasonal,1,1.002983605,0.4758890767,1.852660571,11,11,1,3,False
GIFT-Medium,GIFT-Eval,medium,Timer-3.5,multi_seasonal,1,1.047705939,0.7687353231,1.423538559,11,11,1,4,False
GIFT-Medium,GIFT-Eval,medium,moirai2,multi_seasonal,1,1.835736086,1.158199147,2.627115681,11,11,1,5,False
GIFT-Medium,GIFT-Eval,medium,timesfm2.5,multi_seasonal,2,0.9270147379,0.6622863744,1.216182978,11,11,1,1,True
GIFT-Medium,GIFT-Eval,medium,Chronos-2,multi_seasonal,2,1.091444934,0.7223089755,1.745946873,11,11,1,2,False
GIFT-Medium,GIFT-Eval,medium,toto2.0,multi_seasonal,2,1.097978379,0.5741658142,1.977371202,11,11,1,3,False
GIFT-Medium,GIFT-Eval,medium,Timer-3.5,multi_seasonal,2,1.181302186,0.903316196,1.568098769,11,11,1,4,False
GIFT-Medium,GIFT-Eval,medium,moirai2,multi_seasonal,2,1.728532027,1.163185671,2.431070389,11,11,1,5,False
GIFT-Medium,GIFT-Eval,medium,timesfm2.5,multi_seasonal,3,0.973413526,0.7542962007,1.195398136,11,11,1,1,True
GIFT-Medium,GIFT-Eval,medium,Chronos-2,multi_seasonal,3,1.13508894,0.7916530927,1.750388069,11,11,1,2,False
GIFT-Medium,GIFT-Eval,medium,toto2.0,multi_seasonal,3,1.157439019,0.6177617074,2.080794818,11,11,1,3,False
GIFT-Medium,GIFT-Eval,medium,Timer-3.5,multi_seasonal,3,1.217533515,0.9380590957,1.556335358,11,11,1,4,False
GIFT-Medium,GIFT-Eval,medium,moirai2,multi_seasonal,3,1.656955132,1.097629311,2.340855094,11,11,1,5,False
GIFT-Medium,GIFT-Eval,medium,timesfm2.5,multi_seasonal,4,1.005611881,0.7898391127,1.230360995,11,11,1,1,True
GIFT-Medium,GIFT-Eval,medium,toto2.0,multi_seasonal,4,1.190144316,0.6941754148,1.989358569,11,11,1,2,False
GIFT-Medium,GIFT-Eval,medium,Timer-3.5,multi_seasonal,4,1.234077961,0.9680924887,1.576985439,11,11,1,3,False
GIFT-Medium,GIFT-Eval,medium,Chronos-2,multi_seasonal,4,1.275618276,0.8496054672,2.053470695,11,11,1,4,False
GIFT-Medium,GIFT-Eval,medium,moirai2,multi_seasonal,4,1.695401267,1.125789515,2.430078738,11,11,1,5,False
GIFT-Medium,GIFT-Eval,medium,timesfm2.5,multi_seasonal,5,1.031661359,0.8493633834,1.226510919,11,11,1,1,True
GIFT-Medium,GIFT-Eval,medium,Chronos-2,multi_seasonal,5,1.087805536,0.872206159,1.437011433,11,11,1,2,False
GIFT-Medium,GIFT-Eval,medium,toto2.0,multi_seasonal,5,1.206240604,0.7391156002,1.945904555,11,11,1,3,False
GIFT-Medium,GIFT-Eval,medium,Timer-3.5,multi_seasonal,5,1.351094781,1.026652258,1.756830405,11,11,1,4,False
GIFT-Medium,GIFT-Eval,medium,moirai2,multi_seasonal,5,1.727889795,1.159040691,2.496179311,11,11,1,5,False
GIFT-Medium,GIFT-Eval,medium,toto2.0,predictable_intermittency,1,1.055335333,0.7593602077,1.433908276,11,11,1,1,True
GIFT-Medium,GIFT-Eval,medium,moirai2,predictable_intermittency,1,1.130770018,1.048061594,1.230347571,11,11,1,2,False
GIFT-Medium,GIFT-Eval,medium,timesfm2.5,predictable_intermittency,1,1.210860732,0.9210889706,1.677587677,11,11,1,3,False
GIFT-Medium,GIFT-Eval,medium,Chronos-2,predictable_intermittency,1,1.221670129,0.9949457866,1.640936503,11,11,1,4,False
GIFT-Medium,GIFT-Eval,medium,Timer-3.5,predictable_intermittency,1,1.496676854,1.005328903,2.3027254,11,11,1,5,False
GIFT-Medium,GIFT-Eval,medium,moirai2,predictable_intermittency,2,1.104523014,1.040652093,1.184307823,11,11,1,1,True
GIFT-Medium,GIFT-Eval,medium,Chronos-2,predictable_intermittency,2,1.220799274,1.006169277,1.601418561,11,11,1,2,False
GIFT-Medium,GIFT-Eval,medium,timesfm2.5,predictable_intermittency,2,1.281149858,1.025503019,1.753866142,11,11,1,3,False
GIFT-Medium,GIFT-Eval,medium,Timer-3.5,predictable_intermittency,2,1.672434484,1.037237772,2.822815482,11,11,1,4,False
GIFT-Medium,GIFT-Eval,medium,toto2.0,predictable_intermittency,2,1.707961494,1.016268473,3.062710653,11,11,1,5,False
GIFT-Medium,GIFT-Eval,medium,moirai2,predictable_intermittency,3,1.134881524,1.032069968,1.276515236,11,11,1,1,True
GIFT-Medium,GIFT-Eval,medium,timesfm2.5,predictable_intermittency,3,1.364382424,1.023656149,1.998198314,11,11,1,2,False
GIFT-Medium,GIFT-Eval,medium,toto2.0,predictable_intermittency,3,1.393863735,1.006971934,2.108833905,11,11,1,3,False
GIFT-Medium,GIFT-Eval,medium,Chronos-2,predictable_intermittency,3,1.469030162,1.048264674,2.268794889,11,11,1,4,False
GIFT-Medium,GIFT-Eval,medium,Timer-3.5,predictable_intermittency,3,1.728414766,1.079187822,2.918032628,11,11,1,5,False
GIFT-Medium,GIFT-Eval,medium,moirai2,predictable_intermittency,4,1.116181308,1.039123842,1.220446118,11,11,1,1,True
GIFT-Medium,GIFT-Eval,medium,timesfm2.5,predictable_intermittency,4,1.499013127,1.014494836,2.396870599,11,11,1,2,False
GIFT-Medium,GIFT-Eval,medium,Chronos-2,predictable_intermittency,4,1.499046243,1.048938527,2.356293735,11,11,1,3,False
GIFT-Medium,GIFT-Eval,medium,Timer-3.5,predictable_intermittency,4,1.801525906,1.076080195,3.115601937,11,11,1,4,False
GIFT-Medium,GIFT-Eval,medium,toto2.0,predictable_intermittency,4,2.090081315,1.021024492,4.155027616,11,11,1,5,False
GIFT-Medium,GIFT-Eval,medium,moirai2,predictable_intermittency,5,1.089822254,1.021203412,1.196467908,11,11,1,1,True
GIFT-Medium,GIFT-Eval,medium,timesfm2.5,predictable_intermittency,5,1.253857229,1.044474679,1.626033715,11,11,1,2,False
GIFT-Medium,GIFT-Eval,medium,toto2.0,predictable_intermittency,5,1.534144561,1.019529561,2.491531272,11,11,1,3,False
GIFT-Medium,GIFT-Eval,medium,Chronos-2,predictable_intermittency,5,1.601139088,1.06169072,2.615330825,11,11,1,4,False
GIFT-Medium,GIFT-Eval,medium,Timer-3.5,predictable_intermittency,5,1.993245014,1.08573932,3.673624297,11,11,1,5,False
GIFT-Medium,GIFT-Eval,medium,Chronos-2,regime_switching,1,0.01869910498,0.008481507162,0.03106581633,11,11,1,1,True
GIFT-Medium,GIFT-Eval,medium,timesfm2.5,regime_switching,1,0.06450454393,0.03482778453,0.1041744176,11,11,1,2,False
GIFT-Medium,GIFT-Eval,medium,Timer-3.5,regime_switching,1,0.09589082721,0.04154418587,0.1618905081,11,11,1,3,False
GIFT-Medium,GIFT-Eval,medium,toto2.0,regime_switching,1,0.1037898281,0.04829223327,0.1943597349,11,11,1,4,False
GIFT-Medium,GIFT-Eval,medium,moirai2,regime_switching,1,0.1681974558,0.0706382711,0.3088031375,11,11,1,5,False
GIFT-Medium,GIFT-Eval,medium,Chronos-2,regime_switching,2,0.02981269825,0.01379496769,0.04747820718,11,11,1,1,True
GIFT-Medium,GIFT-Eval,medium,timesfm2.5,regime_switching,2,0.08122588999,0.04020873371,0.1325604671,11,11,1,2,False
GIFT-Medium,GIFT-Eval,medium,toto2.0,regime_switching,2,0.08331288669,0.05674127806,0.1174744575,11,11,1,3,False
GIFT-Medium,GIFT-Eval,medium,Timer-3.5,regime_switching,2,0.1381933394,0.06835941008,0.2310867693,11,11,1,4,False
GIFT-Medium,GIFT-Eval,medium,moirai2,regime_switching,2,0.2017689358,0.1344130401,0.2866239419,11,11,1,5,False
GIFT-Medium,GIFT-Eval,medium,Chronos-2,regime_switching,3,0.04395611193,0.02599922138,0.06425832141,11,11,1,1,True
GIFT-Medium,GIFT-Eval,medium,timesfm2.5,regime_switching,3,0.1317603588,0.0673896091,0.2115783897,11,11,1,2,False
GIFT-Medium,GIFT-Eval,medium,toto2.0,regime_switching,3,0.1502425068,0.1005888089,0.2068631361,11,11,1,3,False
GIFT-Medium,GIFT-Eval,medium,Timer-3.5,regime_switching,3,0.1930816658,0.1129409314,0.2892900032,11,11,1,4,False
GIFT-Medium,GIFT-Eval,medium,moirai2,regime_switching,3,0.2823421493,0.1736249894,0.4001720934,11,11,1,5,False
GIFT-Medium,GIFT-Eval,medium,Chronos-2,regime_switching,4,0.06763605183,0.04426383915,0.0925725382,11,11,1,1,True
GIFT-Medium,GIFT-Eval,medium,timesfm2.5,regime_switching,4,0.1747076796,0.08519112002,0.2832829667,11,11,1,2,False
GIFT-Medium,GIFT-Eval,medium,Timer-3.5,regime_switching,4,0.2288667967,0.1433085923,0.3380393849,11,11,1,3,False
GIFT-Medium,GIFT-Eval,medium,toto2.0,regime_switching,4,0.2451995727,0.1641567021,0.3493471039,11,11,1,4,False
GIFT-Medium,GIFT-Eval,medium,moirai2,regime_switching,4,0.3487272613,0.221560666,0.4842496634,11,11,1,5,False
GIFT-Medium,GIFT-Eval,medium,Chronos-2,regime_switching,5,0.1062979285,0.06993084182,0.1417898724,11,11,1,1,True
GIFT-Medium,GIFT-Eval,medium,timesfm2.5,regime_switching,5,0.2007777323,0.1137200436,0.2978043864,11,11,1,2,False
GIFT-Medium,GIFT-Eval,medium,toto2.0,regime_switching,5,0.2969382409,0.2321485187,0.3526825109,11,11,1,3,False
GIFT-Medium,GIFT-Eval,medium,Timer-3.5,regime_switching,5,0.2983481711,0.1813182325,0.4287503257,11,11,1,4,False
GIFT-Medium,GIFT-Eval,medium,moirai2,regime_switching,5,0.3794813149,0.2532388307,0.5001235662,11,11,1,5,False
GIFT-Medium,GIFT-Eval,medium,Chronos-2,time_varying_seasonality,1,0.932528674,0.7437995688,1.131753046,10,11,0.9090909091,1,True
GIFT-Medium,GIFT-Eval,medium,timesfm2.5,time_varying_seasonality,1,1.331990602,0.7927716105,2.017440783,10,11,0.9090909091,2,False
GIFT-Medium,GIFT-Eval,medium,Timer-3.5,time_varying_seasonality,1,1.407250227,0.9705122108,1.859414417,10,11,0.9090909091,3,False
GIFT-Medium,GIFT-Eval,medium,moirai2,time_varying_seasonality,1,1.642570518,1.174723793,2.140112303,10,11,0.9090909091,4,False
GIFT-Medium,GIFT-Eval,medium,toto2.0,time_varying_seasonality,1,1.986284273,0.9296196514,3.897625111,10,11,0.9090909091,5,False
GIFT-Medium,GIFT-Eval,medium,Chronos-2,time_varying_seasonality,2,0.8526304656,0.6666886819,1.047468365,10,11,0.9090909091,1,True
GIFT-Medium,GIFT-Eval,medium,timesfm2.5,time_varying_seasonality,2,1.088416255,0.6841559341,1.587738006,10,11,0.9090909091,2,False
GIFT-Medium,GIFT-Eval,medium,Timer-3.5,time_varying_seasonality,2,1.249669522,0.921718932,1.597051577,10,11,0.9090909091,3,False
GIFT-Medium,GIFT-Eval,medium,toto2.0,time_varying_seasonality,2,1.51444718,0.810649502,2.760593472,10,11,0.9090909091,4,False
GIFT-Medium,GIFT-Eval,medium,moirai2,time_varying_seasonality,2,1.547706464,1.16977259,1.957010017,10,11,0.9090909091,5,False
GIFT-Medium,GIFT-Eval,medium,Chronos-2,time_varying_seasonality,3,0.7751814721,0.6064222959,0.9487478385,10,11,0.9090909091,1,True
GIFT-Medium,GIFT-Eval,medium,timesfm2.5,time_varying_seasonality,3,0.9404050463,0.6030868069,1.336310627,10,11,0.9090909091,2,False
GIFT-Medium,GIFT-Eval,medium,Timer-3.5,time_varying_seasonality,3,1.122336136,0.8859015989,1.379845067,10,11,0.9090909091,3,False
GIFT-Medium,GIFT-Eval,medium,toto2.0,time_varying_seasonality,3,1.194617055,0.6912120491,2.044402614,10,11,0.9090909091,4,False
GIFT-Medium,GIFT-Eval,medium,moirai2,time_varying_seasonality,3,1.68213882,1.130205329,2.448870846,10,11,0.9090909091,5,False
GIFT-Medium,GIFT-Eval,medium,Chronos-2,time_varying_seasonality,4,0.7023490559,0.545074551,0.8833704522,10,11,0.9090909091,1,True
GIFT-Medium,GIFT-Eval,medium,timesfm2.5,time_varying_seasonality,4,0.8103594805,0.5276940241,1.112953095,10,11,0.9090909091,2,False
GIFT-Medium,GIFT-Eval,medium,Timer-3.5,time_varying_seasonality,4,0.9686316881,0.7237464395,1.207783065,10,11,0.9090909091,3,False
GIFT-Medium,GIFT-Eval,medium,toto2.0,time_varying_seasonality,4,0.971397884,0.583486361,1.560340015,10,11,0.9090909091,4,False
GIFT-Medium,GIFT-Eval,medium,moirai2,time_varying_seasonality,4,1.552161351,1.079060991,2.189738134,10,11,0.9090909091,5,False
GIFT-Medium,GIFT-Eval,medium,Chronos-2,time_varying_seasonality,5,0.6704017161,0.5199792418,0.8329501887,10,11,0.9090909091,1,True
GIFT-Medium,GIFT-Eval,medium,timesfm2.5,time_varying_seasonality,5,0.7267091932,0.4929489177,0.9720278772,10,11,0.9090909091,2,False
GIFT-Medium,GIFT-Eval,medium,toto2.0,time_varying_seasonality,5,0.8131918935,0.5312690421,1.183592138,10,11,0.9090909091,3,False
GIFT-Medium,GIFT-Eval,medium,Timer-3.5,time_varying_seasonality,5,0.8999594676,0.6848289021,1.135950289,10,11,0.9090909091,4,False
GIFT-Medium,GIFT-Eval,medium,moirai2,time_varying_seasonality,5,1.398991806,0.9953501041,1.901071118,10,11,0.9090909091,5,False
GIFT-Medium,GIFT-Eval,medium,Chronos-2,trend,1,0.0571187032,0.04043668413,0.07363093483,9,11,0.8181818182,1,True
GIFT-Medium,GIFT-Eval,medium,Timer-3.5,trend,1,0.3428593709,0.1489718023,0.618139967,9,11,0.8181818182,2,False
GIFT-Medium,GIFT-Eval,medium,moirai2,trend,1,0.3440878518,0.1848593041,0.6021120517,9,11,0.8181818182,3,False
GIFT-Medium,GIFT-Eval,medium,timesfm2.5,trend,1,0.4275071442,0.08749478025,1.025403917,9,11,0.8181818182,4,False
GIFT-Medium,GIFT-Eval,medium,toto2.0,trend,1,1.063843548,0.1329053453,2.685129367,9,11,0.8181818182,5,False
GIFT-Medium,GIFT-Eval,medium,Chronos-2,trend,2,0.05394406068,0.03805745742,0.07095784029,9,11,0.8181818182,1,True
GIFT-Medium,GIFT-Eval,medium,Timer-3.5,trend,2,0.2978106758,0.1297502764,0.5141071261,9,11,0.8181818182,2,False
GIFT-Medium,GIFT-Eval,medium,timesfm2.5,trend,2,0.3089662934,0.07777673725,0.6855451433,9,11,0.8181818182,3,False
GIFT-Medium,GIFT-Eval,medium,moirai2,trend,2,0.3227660584,0.1628854484,0.564230536,9,11,0.8181818182,4,False
GIFT-Medium,GIFT-Eval,medium,toto2.0,trend,2,0.7080705087,0.1243156457,1.736500331,9,11,0.8181818182,5,False
GIFT-Medium,GIFT-Eval,medium,Chronos-2,trend,3,0.05064063909,0.03685421085,0.0667249619,9,11,0.8181818182,1,True
GIFT-Medium,GIFT-Eval,medium,timesfm2.5,trend,3,0.2365150968,0.07120594436,0.4893218871,9,11,0.8181818182,2,False
GIFT-Medium,GIFT-Eval,medium,Timer-3.5,trend,3,0.2570375019,0.1141669826,0.4282817408,9,11,0.8181818182,3,False
GIFT-Medium,GIFT-Eval,medium,moirai2,trend,3,0.2878090436,0.1474667946,0.4747823077,9,11,0.8181818182,4,False
GIFT-Medium,GIFT-Eval,medium,toto2.0,trend,3,0.5130449514,0.1103731908,1.225464394,9,11,0.8181818182,5,False
GIFT-Medium,GIFT-Eval,medium,Chronos-2,trend,4,0.04838189162,0.0346975664,0.06276043898,9,11,0.8181818182,1,True
GIFT-Medium,GIFT-Eval,medium,timesfm2.5,trend,4,0.1812260942,0.06386575353,0.3533715754,9,11,0.8181818182,2,False
GIFT-Medium,GIFT-Eval,medium,Timer-3.5,trend,4,0.2291234742,0.1136889433,0.3565725373,9,11,0.8181818182,3,False
GIFT-Medium,GIFT-Eval,medium,moirai2,trend,4,0.2624946657,0.1432370505,0.4158508403,9,11,0.8181818182,4,False
GIFT-Medium,GIFT-Eval,medium,toto2.0,trend,4,0.3820559312,0.09753687024,0.8764475778,9,11,0.8181818182,5,False
GIFT-Medium,GIFT-Eval,medium,Chronos-2,trend,5,0.04526604292,0.03188544879,0.05902868977,9,11,0.8181818182,1,True
GIFT-Medium,GIFT-Eval,medium,timesfm2.5,trend,5,0.1421223352,0.05955774398,0.2597430367,9,11,0.8181818182,2,False
GIFT-Medium,GIFT-Eval,medium,Timer-3.5,trend,5,0.1917440151,0.08794186579,0.3067730586,9,11,0.8181818182,3,False
GIFT-Medium,GIFT-Eval,medium,moirai2,trend,5,0.2498334238,0.1456929829,0.3611617098,9,11,0.8181818182,4,False
GIFT-Medium,GIFT-Eval,medium,toto2.0,trend,5,0.2854722056,0.08497740796,0.6364789482,9,11,0.8181818182,5,False
GIFT-Short,GIFT-Eval,short,Chronos-2,common_factor,1,0.3086659882,0.1906760281,0.5081336134,4,20,0.2,1,True
GIFT-Short,GIFT-Eval,short,tirex2,common_factor,1,0.3238023229,0.2120665193,0.4721455521,4,20,0.2,2,False
GIFT-Short,GIFT-Eval,short,Timer-3.5,common_factor,1,0.3988030803,0.3220707825,0.5346603271,4,20,0.2,3,False
GIFT-Short,GIFT-Eval,short,timesfm2.5,common_factor,1,0.4399307699,0.2346052652,0.8082984623,4,20,0.2,4,False
GIFT-Short,GIFT-Eval,short,moirai2,common_factor,1,0.4409216343,0.2258209313,0.7640396143,4,20,0.2,5,False
GIFT-Short,GIFT-Eval,short,toto2.0,common_factor,1,0.4690484467,0.1742928758,0.7638040176,4,20,0.2,6,False
GIFT-Short,GIFT-Eval,short,Chronos-2,common_factor,2,0.3009314941,0.1685682622,0.4978592316,4,20,0.2,1,True
GIFT-Short,GIFT-Eval,short,tirex2,common_factor,2,0.3019184783,0.1891424843,0.4454040847,4,20,0.2,2,False
GIFT-Short,GIFT-Eval,short,Timer-3.5,common_factor,2,0.3474750993,0.2523895291,0.4728401934,4,20,0.2,3,False
GIFT-Short,GIFT-Eval,short,toto2.0,common_factor,2,0.3508966259,0.1649032476,0.5368900042,4,20,0.2,4,False
GIFT-Short,GIFT-Eval,short,timesfm2.5,common_factor,2,0.3916639428,0.2094766863,0.6850333023,4,20,0.2,5,False
GIFT-Short,GIFT-Eval,short,moirai2,common_factor,2,0.4034154765,0.2095558137,0.6920937579,4,20,0.2,6,False
GIFT-Short,GIFT-Eval,short,tirex2,common_factor,3,0.2550360182,0.165724422,0.3876785829,4,20,0.2,1,True
GIFT-Short,GIFT-Eval,short,toto2.0,common_factor,3,0.2614496382,0.1373255774,0.385573699,4,20,0.2,2,False
GIFT-Short,GIFT-Eval,short,Chronos-2,common_factor,3,0.276633099,0.1381762168,0.4683410819,4,20,0.2,3,False
GIFT-Short,GIFT-Eval,short,Timer-3.5,common_factor,3,0.2962108039,0.2055960154,0.4046220294,4,20,0.2,4,False
GIFT-Short,GIFT-Eval,short,timesfm2.5,common_factor,3,0.335274256,0.1739777076,0.5868553667,4,20,0.2,5,False
GIFT-Short,GIFT-Eval,short,moirai2,common_factor,3,0.3518355965,0.1725542918,0.6069488831,4,20,0.2,6,False
GIFT-Short,GIFT-Eval,short,toto2.0,common_factor,4,0.2072621065,0.1207432428,0.2937809702,4,20,0.2,1,True
GIFT-Short,GIFT-Eval,short,tirex2,common_factor,4,0.2216176208,0.1450921172,0.3293791866,4,20,0.2,2,False
GIFT-Short,GIFT-Eval,short,Chronos-2,common_factor,4,0.2246605095,0.116744219,0.3753849422,4,20,0.2,3,False
GIFT-Short,GIFT-Eval,short,Timer-3.5,common_factor,4,0.2486539666,0.1536288474,0.331543356,4,20,0.2,4,False
GIFT-Short,GIFT-Eval,short,timesfm2.5,common_factor,4,0.2784522209,0.1345476792,0.4760052284,4,20,0.2,5,False
GIFT-Short,GIFT-Eval,short,moirai2,common_factor,4,0.3055923461,0.1547353711,0.511931889,4,20,0.2,6,False
GIFT-Short,GIFT-Eval,short,toto2.0,common_factor,5,0.1646628399,0.09586135023,0.2334643295,4,20,0.2,1,True
GIFT-Short,GIFT-Eval,short,Chronos-2,common_factor,5,0.1734362388,0.09231937061,0.270726219,4,20,0.2,2,False
GIFT-Short,GIFT-Eval,short,tirex2,common_factor,5,0.1911664662,0.1191059832,0.2891851069,4,20,0.2,3,False
GIFT-Short,GIFT-Eval,short,Timer-3.5,common_factor,5,0.21352702,0.1432780763,0.2781344456,4,20,0.2,4,False
GIFT-Short,GIFT-Eval,short,timesfm2.5,common_factor,5,0.2212677253,0.1080281071,0.3799529245,4,20,0.2,5,False
GIFT-Short,GIFT-Eval,short,moirai2,common_factor,5,0.2645601835,0.1292760806,0.4316721541,4,20,0.2,6,False
GIFT-Short,GIFT-Eval,short,timesfm2.5,covariate_impulse_response,1,0.7513908007,0.3883314162,1.146096285,6,20,0.3,1,True
GIFT-Short,GIFT-Eval,short,Chronos-2,covariate_impulse_response,1,0.7690228297,0.3664761584,1.208724358,6,20,0.3,2,False
GIFT-Short,GIFT-Eval,short,Timer-3.5,covariate_impulse_response,1,0.7853293747,0.4332766021,1.147896103,6,20,0.3,3,False
GIFT-Short,GIFT-Eval,short,moirai2,covariate_impulse_response,1,0.8460903665,0.5524950565,1.318159806,6,20,0.3,4,False
GIFT-Short,GIFT-Eval,short,toto2.0,covariate_impulse_response,1,1.129890256,0.3328792272,2.267490831,6,20,0.3,5,False
GIFT-Short,GIFT-Eval,short,tirex2,covariate_impulse_response,1,1.530211648,0.3238478697,3.612832486,6,20,0.3,6,False
GIFT-Short,GIFT-Eval,short,timesfm2.5,covariate_impulse_response,2,0.5822868017,0.3268596234,0.8142234926,6,20,0.3,1,True
GIFT-Short,GIFT-Eval,short,Timer-3.5,covariate_impulse_response,2,0.6774350434,0.4001071029,0.9334555287,6,20,0.3,2,False
GIFT-Short,GIFT-Eval,short,Chronos-2,covariate_impulse_response,2,0.7290261211,0.3453870469,1.142075069,6,20,0.3,3,False
GIFT-Short,GIFT-Eval,short,moirai2,covariate_impulse_response,2,0.7471578138,0.5373161717,1.089499456,6,20,0.3,4,False
GIFT-Short,GIFT-Eval,short,toto2.0,covariate_impulse_response,2,0.7538918822,0.2518034049,1.453711725,6,20,0.3,5,False
GIFT-Short,GIFT-Eval,short,tirex2,covariate_impulse_response,2,1.049688481,0.2852808818,2.322402248,6,20,0.3,6,False
GIFT-Short,GIFT-Eval,short,timesfm2.5,covariate_impulse_response,3,0.475071424,0.2569425031,0.6672163137,6,20,0.3,1,True
GIFT-Short,GIFT-Eval,short,Timer-3.5,covariate_impulse_response,3,0.5406287754,0.3367052938,0.7327146895,6,20,0.3,2,False
GIFT-Short,GIFT-Eval,short,toto2.0,covariate_impulse_response,3,0.5564357717,0.1966834224,1.046833613,6,20,0.3,3,False
GIFT-Short,GIFT-Eval,short,Chronos-2,covariate_impulse_response,3,0.5853828979,0.2481680067,0.9558448566,6,20,0.3,4,False
GIFT-Short,GIFT-Eval,short,moirai2,covariate_impulse_response,3,0.6632276561,0.510229389,0.891485896,6,20,0.3,5,False
GIFT-Short,GIFT-Eval,short,tirex2,covariate_impulse_response,3,0.7387963839,0.22971093,1.57904954,6,20,0.3,6,False
GIFT-Short,GIFT-Eval,short,timesfm2.5,covariate_impulse_response,4,0.3819945529,0.2157520402,0.5425245314,6,20,0.3,1,True
GIFT-Short,GIFT-Eval,short,toto2.0,covariate_impulse_response,4,0.4083925245,0.1585850661,0.7424446424,6,20,0.3,2,False
GIFT-Short,GIFT-Eval,short,Timer-3.5,covariate_impulse_response,4,0.4300175578,0.2689306787,0.5629918832,6,20,0.3,3,False
GIFT-Short,GIFT-Eval,short,tirex2,covariate_impulse_response,4,0.5334674327,0.1901128406,1.061980119,6,20,0.3,4,False
GIFT-Short,GIFT-Eval,short,Chronos-2,covariate_impulse_response,4,0.5570141827,0.1793746948,0.9651767893,6,20,0.3,5,False
GIFT-Short,GIFT-Eval,short,moirai2,covariate_impulse_response,4,0.6131798159,0.5059146245,0.7406778095,6,20,0.3,6,False
GIFT-Short,GIFT-Eval,short,timesfm2.5,covariate_impulse_response,5,0.2838421511,0.1563160135,0.3934329587,6,20,0.3,1,True
GIFT-Short,GIFT-Eval,short,toto2.0,covariate_impulse_response,5,0.3109365238,0.132544557,0.5309170021,6,20,0.3,2,False
GIFT-Short,GIFT-Eval,short,Timer-3.5,covariate_impulse_response,5,0.3368840774,0.2115948962,0.4420165509,6,20,0.3,3,False
GIFT-Short,GIFT-Eval,short,tirex2,covariate_impulse_response,5,0.3993588525,0.1488995543,0.7772914833,6,20,0.3,4,False
GIFT-Short,GIFT-Eval,short,Chronos-2,covariate_impulse_response,5,0.4900158219,0.1302894212,0.896153391,6,20,0.3,5,False
GIFT-Short,GIFT-Eval,short,moirai2,covariate_impulse_response,5,0.5523725332,0.4710365701,0.6356123915,6,20,0.3,6,False
GIFT-Short,GIFT-Eval,short,moirai2,cross_series_dependence,1,0.8638277252,0.6745210367,1.056386548,8,20,0.4,1,True
GIFT-Short,GIFT-Eval,short,Chronos-2,cross_series_dependence,1,0.8652064517,0.670893811,1.050769189,8,20,0.4,2,False
GIFT-Short,GIFT-Eval,short,tirex2,cross_series_dependence,1,0.8757879851,0.6797270044,1.050413894,8,20,0.4,3,False
GIFT-Short,GIFT-Eval,short,Timer-3.5,cross_series_dependence,1,0.9286628027,0.7375826916,1.114372853,8,20,0.4,4,False
GIFT-Short,GIFT-Eval,short,timesfm2.5,cross_series_dependence,1,1.28164772,0.7653322333,1.848621343,8,20,0.4,5,False
GIFT-Short,GIFT-Eval,short,toto2.0,cross_series_dependence,1,1.442268513,0.7401566739,2.488036886,8,20,0.4,6,False
GIFT-Short,GIFT-Eval,short,tirex2,cross_series_dependence,2,0.9411833894,0.7056145488,1.172074826,8,20,0.4,1,True
GIFT-Short,GIFT-Eval,short,Chronos-2,cross_series_dependence,2,0.9550077199,0.7020444335,1.197702171,8,20,0.4,2,False
GIFT-Short,GIFT-Eval,short,moirai2,cross_series_dependence,2,0.9847249241,0.7427275597,1.24654037,8,20,0.4,3,False
GIFT-Short,GIFT-Eval,short,Timer-3.5,cross_series_dependence,2,1.014161049,0.767277939,1.250987734,8,20,0.4,4,False
GIFT-Short,GIFT-Eval,short,timesfm2.5,cross_series_dependence,2,1.22767315,0.8524609179,1.585275041,8,20,0.4,5,False
GIFT-Short,GIFT-Eval,short,toto2.0,cross_series_dependence,2,1.505362774,0.8452747019,2.449114684,8,20,0.4,6,False
GIFT-Short,GIFT-Eval,short,Chronos-2,cross_series_dependence,3,1.040336236,0.705161608,1.459920121,8,20,0.4,1,True
GIFT-Short,GIFT-Eval,short,tirex2,cross_series_dependence,3,1.052941957,0.6881139453,1.525330747,8,20,0.4,2,False
GIFT-Short,GIFT-Eval,short,Timer-3.5,cross_series_dependence,3,1.086506908,0.7043040677,1.588833437,8,20,0.4,3,False
GIFT-Short,GIFT-Eval,short,moirai2,cross_series_dependence,3,1.119986401,0.741103956,1.65597382,8,20,0.4,4,False
GIFT-Short,GIFT-Eval,short,timesfm2.5,cross_series_dependence,3,1.192232297,0.7806347493,1.679640617,8,20,0.4,5,False
GIFT-Short,GIFT-Eval,short,toto2.0,cross_series_dependence,3,1.535749572,0.8016781261,2.507866818,8,20,0.4,6,False
GIFT-Short,GIFT-Eval,short,Chronos-2,cross_series_dependence,4,1.038832489,0.6893319224,1.503512003,8,20,0.4,1,True
GIFT-Short,GIFT-Eval,short,tirex2,cross_series_dependence,4,1.08269106,0.6789516622,1.626824124,8,20,0.4,2,False
GIFT-Short,GIFT-Eval,short,Timer-3.5,cross_series_dependence,4,1.09812781,0.6884513085,1.657322854,8,20,0.4,3,False
GIFT-Short,GIFT-Eval,short,moirai2,cross_series_dependence,4,1.124281192,0.7206901038,1.720127718,8,20,0.4,4,False
GIFT-Short,GIFT-Eval,short,timesfm2.5,cross_series_dependence,4,1.130294558,0.7393077171,1.633920458,8,20,0.4,5,False
GIFT-Short,GIFT-Eval,short,toto2.0,cross_series_dependence,4,1.449404018,0.7890205858,2.202778617,8,20,0.4,6,False
GIFT-Short,GIFT-Eval,short,Chronos-2,cross_series_dependence,5,1.047006879,0.6712052248,1.536975387,8,20,0.4,1,True
GIFT-Short,GIFT-Eval,short,tirex2,cross_series_dependence,5,1.070272703,0.6590008628,1.628664688,8,20,0.4,2,False
GIFT-Short,GIFT-Eval,short,Timer-3.5,cross_series_dependence,5,1.085808841,0.6491942461,1.669609733,8,20,0.4,3,False
GIFT-Short,GIFT-Eval,short,timesfm2.5,cross_series_dependence,5,1.101616394,0.716827172,1.610922194,8,20,0.4,4,False
GIFT-Short,GIFT-Eval,short,moirai2,cross_series_dependence,5,1.126964685,0.6959853771,1.754726298,8,20,0.4,5,False
GIFT-Short,GIFT-Eval,short,toto2.0,cross_series_dependence,5,1.366122192,0.7766322924,2.035471384,8,20,0.4,6,False
GIFT-Short,GIFT-Eval,short,toto2.0,multi_seasonal,1,0.548169047,0.3808098704,0.7782727761,20,20,1,1,True
GIFT-Short,GIFT-Eval,short,timesfm2.5,multi_seasonal,1,0.6720402706,0.5691309079,0.7729713423,20,20,1,2,False
GIFT-Short,GIFT-Eval,short,tirex2,multi_seasonal,1,0.7278803604,0.4919676424,1.092055636,20,20,1,3,False
GIFT-Short,GIFT-Eval,short,Chronos-2,multi_seasonal,1,0.7875317539,0.4910342058,1.153833675,20,20,1,4,False
GIFT-Short,GIFT-Eval,short,Timer-3.5,multi_seasonal,1,0.8090733208,0.6545083677,0.9902122159,20,20,1,5,False
GIFT-Short,GIFT-Eval,short,moirai2,multi_seasonal,1,0.920932175,0.8237337759,1.038782813,20,20,1,6,False
GIFT-Short,GIFT-Eval,short,toto2.0,multi_seasonal,2,0.6060243457,0.4357140244,0.7910654803,20,20,1,1,True
GIFT-Short,GIFT-Eval,short,Chronos-2,multi_seasonal,2,0.700149349,0.5630799202,0.8516219194,20,20,1,2,False
GIFT-Short,GIFT-Eval,short,timesfm2.5,multi_seasonal,2,0.7603879008,0.6507924261,0.8596736293,20,20,1,3,False
GIFT-Short,GIFT-Eval,short,tirex2,multi_seasonal,2,0.7912404593,0.5826406351,1.087921268,20,20,1,4,False
GIFT-Short,GIFT-Eval,short,Timer-3.5,multi_seasonal,2,0.9073662863,0.7588504636,1.084162872,20,20,1,5,False
GIFT-Short,GIFT-Eval,short,moirai2,multi_seasonal,2,0.9877003852,0.9074786185,1.085137231,20,20,1,6,False
GIFT-Short,GIFT-Eval,short,toto2.0,multi_seasonal,3,0.6429048744,0.480150618,0.841397483,20,20,1,1,True
GIFT-Short,GIFT-Eval,short,Chronos-2,multi_seasonal,3,0.7547083256,0.6310919214,0.8813752762,20,20,1,2,False
GIFT-Short,GIFT-Eval,short,timesfm2.5,multi_seasonal,3,0.819356315,0.7150985456,0.920290302,20,20,1,3,False
GIFT-Short,GIFT-Eval,short,tirex2,multi_seasonal,3,0.8495302149,0.6339548046,1.148392998,20,20,1,4,False
GIFT-Short,GIFT-Eval,short,Timer-3.5,multi_seasonal,3,0.9589245116,0.8238435077,1.120086252,20,20,1,5,False
GIFT-Short,GIFT-Eval,short,moirai2,multi_seasonal,3,1.03478783,0.9572020803,1.130332462,20,20,1,6,False
GIFT-Short,GIFT-Eval,short,toto2.0,multi_seasonal,4,0.6769950719,0.5146957912,0.8756150836,20,20,1,1,True
GIFT-Short,GIFT-Eval,short,Chronos-2,multi_seasonal,4,0.8068871114,0.6862670139,0.9255042169,20,20,1,2,False
GIFT-Short,GIFT-Eval,short,timesfm2.5,multi_seasonal,4,0.8656417772,0.7585287637,0.9612737395,20,20,1,3,False
GIFT-Short,GIFT-Eval,short,tirex2,multi_seasonal,4,0.906101717,0.6848290234,1.216715897,20,20,1,4,False
GIFT-Short,GIFT-Eval,short,Timer-3.5,multi_seasonal,4,1.00956337,0.8847733087,1.162326795,20,20,1,5,False
GIFT-Short,GIFT-Eval,short,moirai2,multi_seasonal,4,1.044054964,0.9760406519,1.131184448,20,20,1,6,False
GIFT-Short,GIFT-Eval,short,toto2.0,multi_seasonal,5,0.7098780183,0.5396707673,0.9092465,20,20,1,1,True
GIFT-Short,GIFT-Eval,short,Chronos-2,multi_seasonal,5,0.8479802412,0.7280305607,0.9601427386,20,20,1,2,False
GIFT-Short,GIFT-Eval,short,timesfm2.5,multi_seasonal,5,0.8908691687,0.7845135541,0.9811952119,20,20,1,3,False
GIFT-Short,GIFT-Eval,short,tirex2,multi_seasonal,5,0.9457636996,0.7390592211,1.257516696,20,20,1,4,False
GIFT-Short,GIFT-Eval,short,Timer-3.5,multi_seasonal,5,1.043540908,0.9148601405,1.19827485,20,20,1,5,False
GIFT-Short,GIFT-Eval,short,moirai2,multi_seasonal,5,1.063304965,0.9993237293,1.141362579,20,20,1,6,False
GIFT-Short,GIFT-Eval,short,timesfm2.5,predictable_intermittency,1,0.5174759605,0.459598267,0.5793232273,20,20,1,1,True
GIFT-Short,GIFT-Eval,short,toto2.0,predictable_intermittency,1,0.5302245498,0.4185381703,0.6649299854,20,20,1,2,False
GIFT-Short,GIFT-Eval,short,tirex2,predictable_intermittency,1,0.5710162609,0.4246838591,0.8042223047,20,20,1,3,False
GIFT-Short,GIFT-Eval,short,Timer-3.5,predictable_intermittency,1,0.5988192733,0.5191122154,0.7096509005,20,20,1,4,False
GIFT-Short,GIFT-Eval,short,Chronos-2,predictable_intermittency,1,0.5990934213,0.4494223696,0.8237989303,20,20,1,5,False
GIFT-Short,GIFT-Eval,short,moirai2,predictable_intermittency,1,0.7106344562,0.6137583311,0.8188236067,20,20,1,6,False
GIFT-Short,GIFT-Eval,short,timesfm2.5,predictable_intermittency,2,0.7637902641,0.7208767246,0.8012796883,20,20,1,1,True
GIFT-Short,GIFT-Eval,short,toto2.0,predictable_intermittency,2,0.8283502283,0.7363938374,0.9749472304,20,20,1,2,False
GIFT-Short,GIFT-Eval,short,Timer-3.5,predictable_intermittency,2,0.8370651591,0.7541349144,0.9455558665,20,20,1,3,False
GIFT-Short,GIFT-Eval,short,tirex2,predictable_intermittency,2,0.8627924763,0.7222575038,1.108933469,20,20,1,4,False
GIFT-Short,GIFT-Eval,short,Chronos-2,predictable_intermittency,2,0.9184459592,0.7525893232,1.158870645,20,20,1,5,False
GIFT-Short,GIFT-Eval,short,moirai2,predictable_intermittency,2,0.9328843448,0.8126168075,1.078536548,20,20,1,6,False
GIFT-Short,GIFT-Eval,short,timesfm2.5,predictable_intermittency,3,0.9049504446,0.8663281964,0.9400973057,20,20,1,1,True
GIFT-Short,GIFT-Eval,short,Chronos-2,predictable_intermittency,3,0.905546998,0.8608853321,0.9563390346,20,20,1,2,False
GIFT-Short,GIFT-Eval,short,Timer-3.5,predictable_intermittency,3,0.9767842174,0.8806014468,1.101871751,20,20,1,3,False
GIFT-Short,GIFT-Eval,short,tirex2,predictable_intermittency,3,1.025082491,0.8506333737,1.332261854,20,20,1,4,False
GIFT-Short,GIFT-Eval,short,moirai2,predictable_intermittency,3,1.041280193,0.9796948087,1.110575251,20,20,1,5,False
GIFT-Short,GIFT-Eval,short,toto2.0,predictable_intermittency,3,1.044950893,0.89078611,1.252511545,20,20,1,6,False
GIFT-Short,GIFT-Eval,short,timesfm2.5,predictable_intermittency,4,0.9396910362,0.9058057168,0.9730390443,20,20,1,1,True
GIFT-Short,GIFT-Eval,short,Chronos-2,predictable_intermittency,4,1.004917662,0.9188634881,1.136437614,20,20,1,2,False
GIFT-Short,GIFT-Eval,short,Timer-3.5,predictable_intermittency,4,1.035793618,0.9503273646,1.137026892,20,20,1,3,False
GIFT-Short,GIFT-Eval,short,moirai2,predictable_intermittency,4,1.053719725,1.012725497,1.0965423,20,20,1,4,False
GIFT-Short,GIFT-Eval,short,toto2.0,predictable_intermittency,4,1.08129753,0.9389633879,1.323169103,20,20,1,5,False
GIFT-Short,GIFT-Eval,short,tirex2,predictable_intermittency,4,1.095889066,0.9223298021,1.384266507,20,20,1,6,False
GIFT-Short,GIFT-Eval,short,timesfm2.5,predictable_intermittency,5,1.060857617,1.025458416,1.099642479,20,20,1,1,True
GIFT-Short,GIFT-Eval,short,moirai2,predictable_intermittency,5,1.088106489,1.039501601,1.143398488,20,20,1,2,False
GIFT-Short,GIFT-Eval,short,Chronos-2,predictable_intermittency,5,1.097702885,1.045013306,1.15279976,20,20,1,3,False
GIFT-Short,GIFT-Eval,short,Timer-3.5,predictable_intermittency,5,1.123578715,1.018255683,1.254124576,20,20,1,4,False
GIFT-Short,GIFT-Eval,short,toto2.0,predictable_intermittency,5,1.292600243,1.122808016,1.593624711,20,20,1,5,False
GIFT-Short,GIFT-Eval,short,tirex2,predictable_intermittency,5,1.307664895,1.031733293,1.813152997,20,20,1,6,False
GIFT-Short,GIFT-Eval,short,tirex2,regime_switching,1,0.0370835565,0.01549587444,0.0629913732,20,20,1,1,True
GIFT-Short,GIFT-Eval,short,timesfm2.5,regime_switching,1,0.06273708887,0.0350319627,0.09747255803,20,20,1,2,False
GIFT-Short,GIFT-Eval,short,Chronos-2,regime_switching,1,0.06689295493,0.02808054379,0.1149450946,20,20,1,3,False
GIFT-Short,GIFT-Eval,short,Timer-3.5,regime_switching,1,0.07625196161,0.04921929058,0.1066034011,20,20,1,4,False
GIFT-Short,GIFT-Eval,short,moirai2,regime_switching,1,0.09757207373,0.04850935855,0.1701708158,20,20,1,5,False
GIFT-Short,GIFT-Eval,short,toto2.0,regime_switching,1,0.1079583489,0.03004691368,0.2170404564,20,20,1,6,False
GIFT-Short,GIFT-Eval,short,tirex2,regime_switching,2,0.0431019204,0.01783058425,0.07191897813,20,20,1,1,True
GIFT-Short,GIFT-Eval,short,timesfm2.5,regime_switching,2,0.07191599344,0.04473393022,0.1038662315,20,20,1,2,False
GIFT-Short,GIFT-Eval,short,Chronos-2,regime_switching,2,0.08000265935,0.03097457797,0.1453521312,20,20,1,3,False
GIFT-Short,GIFT-Eval,short,Timer-3.5,regime_switching,2,0.1028232261,0.06739556905,0.1391582792,20,20,1,4,False
GIFT-Short,GIFT-Eval,short,moirai2,regime_switching,2,0.1160139933,0.06735983596,0.1904087514,20,20,1,5,False
GIFT-Short,GIFT-Eval,short,toto2.0,regime_switching,2,0.1235819177,0.03462039519,0.2505165579,20,20,1,6,False
GIFT-Short,GIFT-Eval,short,tirex2,regime_switching,3,0.05590881258,0.02282793186,0.09996599871,20,20,1,1,True
GIFT-Short,GIFT-Eval,short,timesfm2.5,regime_switching,3,0.08083969426,0.05425571436,0.1113755607,20,20,1,2,False
GIFT-Short,GIFT-Eval,short,Chronos-2,regime_switching,3,0.08372877615,0.04086648776,0.1414350454,20,20,1,3,False
GIFT-Short,GIFT-Eval,short,Timer-3.5,regime_switching,3,0.1237062868,0.08516100795,0.1645263977,20,20,1,4,False
GIFT-Short,GIFT-Eval,short,moirai2,regime_switching,3,0.1339291925,0.08278151402,0.2042821175,20,20,1,5,False
GIFT-Short,GIFT-Eval,short,toto2.0,regime_switching,3,0.1389725702,0.04452771171,0.2675813578,20,20,1,6,False
GIFT-Short,GIFT-Eval,short,tirex2,regime_switching,4,0.08059312696,0.03526733334,0.1335265181,20,20,1,1,True
GIFT-Short,GIFT-Eval,short,timesfm2.5,regime_switching,4,0.09255400617,0.06413135902,0.1222626953,20,20,1,2,False
GIFT-Short,GIFT-Eval,short,Chronos-2,regime_switching,4,0.1051279314,0.05264304824,0.1787758033,20,20,1,3,False
GIFT-Short,GIFT-Eval,short,moirai2,regime_switching,4,0.1459307454,0.09686558971,0.2104751442,20,20,1,4,False
GIFT-Short,GIFT-Eval,short,toto2.0,regime_switching,4,0.1548116677,0.05561496549,0.2933257349,20,20,1,5,False
GIFT-Short,GIFT-Eval,short,Timer-3.5,regime_switching,4,0.1554270015,0.1098107595,0.2062490025,20,20,1,6,False
GIFT-Short,GIFT-Eval,short,tirex2,regime_switching,5,0.137471239,0.07981537222,0.2094868454,20,20,1,1,True
GIFT-Short,GIFT-Eval,short,Chronos-2,regime_switching,5,0.1461731121,0.08639597171,0.2178346311,20,20,1,2,False
GIFT-Short,GIFT-Eval,short,timesfm2.5,regime_switching,5,0.1467269852,0.1007823615,0.1960801883,20,20,1,3,False
GIFT-Short,GIFT-Eval,short,moirai2,regime_switching,5,0.1773539251,0.1270046404,0.239144368,20,20,1,4,False
GIFT-Short,GIFT-Eval,short,toto2.0,regime_switching,5,0.1966146557,0.07878024492,0.3459281885,20,20,1,5,False
GIFT-Short,GIFT-Eval,short,Timer-3.5,regime_switching,5,0.2064771895,0.1480797705,0.2756200172,20,20,1,6,False
GIFT-Short,GIFT-Eval,short,Chronos-2,time_varying_seasonality,1,0.7356409148,0.5523697073,0.9356962632,19,20,0.95,1,True
GIFT-Short,GIFT-Eval,short,tirex2,time_varying_seasonality,1,0.7858061521,0.5845429617,1.02173538,19,20,0.95,2,False
GIFT-Short,GIFT-Eval,short,Timer-3.5,time_varying_seasonality,1,0.8356867776,0.6482522485,1.024493423,19,20,0.95,3,False
GIFT-Short,GIFT-Eval,short,moirai2,time_varying_seasonality,1,0.8514649996,0.6400400533,1.071727958,19,20,0.95,4,False
GIFT-Short,GIFT-Eval,short,timesfm2.5,time_varying_seasonality,1,0.9138657645,0.625060154,1.235421275,19,20,0.95,5,False
GIFT-Short,GIFT-Eval,short,toto2.0,time_varying_seasonality,1,0.9293212645,0.5990203947,1.353389902,19,20,0.95,6,False
GIFT-Short,GIFT-Eval,short,Chronos-2,time_varying_seasonality,2,0.6046903519,0.4660266636,0.7453213174,19,20,0.95,1,True
GIFT-Short,GIFT-Eval,short,tirex2,time_varying_seasonality,2,0.6522567194,0.4953695934,0.8081732506,19,20,0.95,2,False
GIFT-Short,GIFT-Eval,short,toto2.0,time_varying_seasonality,2,0.687418823,0.4728937531,0.9526936957,19,20,0.95,3,False
GIFT-Short,GIFT-Eval,short,Timer-3.5,time_varying_seasonality,2,0.7260926199,0.5563505644,0.8876365726,19,20,0.95,4,False
GIFT-Short,GIFT-Eval,short,moirai2,time_varying_seasonality,2,0.7555531311,0.5672295589,0.9313396025,19,20,0.95,5,False
GIFT-Short,GIFT-Eval,short,timesfm2.5,time_varying_seasonality,2,0.7657694717,0.5484821082,1.031699754,19,20,0.95,6,False
GIFT-Short,GIFT-Eval,short,Chronos-2,time_varying_seasonality,3,0.5244674708,0.4103769826,0.642182047,19,20,0.95,1,True
GIFT-Short,GIFT-Eval,short,toto2.0,time_varying_seasonality,3,0.5291905382,0.3839334805,0.7154387521,19,20,0.95,2,False
GIFT-Short,GIFT-Eval,short,tirex2,time_varying_seasonality,3,0.5635433244,0.4308198231,0.7017254685,19,20,0.95,3,False
GIFT-Short,GIFT-Eval,short,Timer-3.5,time_varying_seasonality,3,0.6816658566,0.5121666334,0.8465200996,19,20,0.95,4,False
GIFT-Short,GIFT-Eval,short,timesfm2.5,time_varying_seasonality,3,0.6899000026,0.499087222,0.9041871535,19,20,0.95,5,False
GIFT-Short,GIFT-Eval,short,moirai2,time_varying_seasonality,3,0.7787413873,0.5270831136,1.134456225,19,20,0.95,6,False
GIFT-Short,GIFT-Eval,short,toto2.0,time_varying_seasonality,4,0.4009987202,0.2962775732,0.532013446,19,20,0.95,1,True
GIFT-Short,GIFT-Eval,short,Chronos-2,time_varying_seasonality,4,0.4310514567,0.3365823502,0.5265188015,19,20,0.95,2,False
GIFT-Short,GIFT-Eval,short,tirex2,time_varying_seasonality,4,0.4829072685,0.3681530799,0.601661778,19,20,0.95,3,False
GIFT-Short,GIFT-Eval,short,timesfm2.5,time_varying_seasonality,4,0.5740748955,0.4169081775,0.7454353321,19,20,0.95,4,False
GIFT-Short,GIFT-Eval,short,Timer-3.5,time_varying_seasonality,4,0.6037638964,0.4525967357,0.7582665036,19,20,0.95,5,False
GIFT-Short,GIFT-Eval,short,moirai2,time_varying_seasonality,4,0.6955853061,0.4794244061,0.9792385621,19,20,0.95,6,False
GIFT-Short,GIFT-Eval,short,toto2.0,time_varying_seasonality,5,0.3090582329,0.2342710926,0.4051891351,19,20,0.95,1,True
GIFT-Short,GIFT-Eval,short,Chronos-2,time_varying_seasonality,5,0.3515406793,0.2761575177,0.4274219418,19,20,0.95,2,False
GIFT-Short,GIFT-Eval,short,tirex2,time_varying_seasonality,5,0.4169528792,0.3187032947,0.5180288277,19,20,0.95,3,False
GIFT-Short,GIFT-Eval,short,timesfm2.5,time_varying_seasonality,5,0.4534758722,0.3306798811,0.5702516442,19,20,0.95,4,False
GIFT-Short,GIFT-Eval,short,Timer-3.5,time_varying_seasonality,5,0.5244511983,0.3917570268,0.6613864962,19,20,0.95,5,False
GIFT-Short,GIFT-Eval,short,moirai2,time_varying_seasonality,5,0.6210750182,0.4207793104,0.8806456735,19,20,0.95,6,False
GIFT-Short,GIFT-Eval,short,Chronos-2,trend,1,0.1000231546,0.05443461104,0.1545738319,18,20,0.9,1,True
GIFT-Short,GIFT-Eval,short,moirai2,trend,1,0.2690506675,0.1105354624,0.5309147424,18,20,0.9,2,False
GIFT-Short,GIFT-Eval,short,tirex2,trend,1,0.2830419966,0.06221754981,0.6771166029,18,20,0.9,3,False
GIFT-Short,GIFT-Eval,short,Timer-3.5,trend,1,0.3169726495,0.1366203684,0.5656949501,18,20,0.9,4,False
GIFT-Short,GIFT-Eval,short,timesfm2.5,trend,1,0.3478260294,0.09181515146,0.7043150595,18,20,0.9,5,False
GIFT-Short,GIFT-Eval,short,toto2.0,trend,1,0.3884657121,0.0876156803,0.8029456679,18,20,0.9,6,False
GIFT-Short,GIFT-Eval,short,Chronos-2,trend,2,0.08919600512,0.04900737717,0.1371869313,18,20,0.9,1,True
GIFT-Short,GIFT-Eval,short,moirai2,trend,2,0.2405324217,0.1076594269,0.4606482404,18,20,0.9,2,False
GIFT-Short,GIFT-Eval,short,timesfm2.5,trend,2,0.2525558559,0.08285809855,0.4876460905,18,20,0.9,3,False
GIFT-Short,GIFT-Eval,short,Timer-3.5,trend,2,0.2676918263,0.1129581407,0.47458901,18,20,0.9,4,False
GIFT-Short,GIFT-Eval,short,toto2.0,trend,2,0.274447022,0.06613635093,0.5512338601,18,20,0.9,5,False
GIFT-Short,GIFT-Eval,short,tirex2,trend,2,0.3153531492,0.05603602785,0.7685169729,18,20,0.9,6,False
GIFT-Short,GIFT-Eval,short,Chronos-2,trend,3,0.07915376117,0.04044256918,0.1253816535,18,20,0.9,1,True
GIFT-Short,GIFT-Eval,short,timesfm2.5,trend,3,0.1976465936,0.07476757379,0.3525435071,18,20,0.9,2,False
GIFT-Short,GIFT-Eval,short,moirai2,trend,3,0.2112304356,0.1024788764,0.3955952131,18,20,0.9,3,False
GIFT-Short,GIFT-Eval,short,toto2.0,trend,3,0.2159469379,0.05496981511,0.4289991037,18,20,0.9,4,False
GIFT-Short,GIFT-Eval,short,Timer-3.5,trend,3,0.2393316006,0.1017908122,0.4108380217,18,20,0.9,5,False
GIFT-Short,GIFT-Eval,short,tirex2,trend,3,0.2951328343,0.04952080089,0.7497132877,18,20,0.9,6,False
GIFT-Short,GIFT-Eval,short,Chronos-2,trend,4,0.07271102724,0.03763443642,0.1212297534,18,20,0.9,1,True
GIFT-Short,GIFT-Eval,short,timesfm2.5,trend,4,0.1548848986,0.06495244019,0.2721150344,18,20,0.9,2,False
GIFT-Short,GIFT-Eval,short,toto2.0,trend,4,0.1717393161,0.04741648071,0.3429842002,18,20,0.9,3,False
GIFT-Short,GIFT-Eval,short,moirai2,trend,4,0.1869480211,0.09122476165,0.332193407,18,20,0.9,4,False
GIFT-Short,GIFT-Eval,short,Timer-3.5,trend,4,0.2151139462,0.09361211477,0.3657598921,18,20,0.9,5,False
GIFT-Short,GIFT-Eval,short,tirex2,trend,4,0.2217043265,0.04127228112,0.5408946835,18,20,0.9,6,False
GIFT-Short,GIFT-Eval,short,Chronos-2,trend,5,0.0693285987,0.03345323956,0.1174534979,18,20,0.9,1,True
GIFT-Short,GIFT-Eval,short,timesfm2.5,trend,5,0.1250125793,0.05152265654,0.2135279643,18,20,0.9,2,False
GIFT-Short,GIFT-Eval,short,toto2.0,trend,5,0.1653490336,0.0381880526,0.3441177108,18,20,0.9,3,False
GIFT-Short,GIFT-Eval,short,tirex2,trend,5,0.1659501431,0.03365585237,0.3925449047,18,20,0.9,4,False
GIFT-Short,GIFT-Eval,short,moirai2,trend,5,0.1670329659,0.08284458387,0.2944348842,18,20,0.9,5,False
GIFT-Short,GIFT-Eval,short,Timer-3.5,trend,5,0.1761905785,0.07920525305,0.3081593642,18,20,0.9,6,False
