suite,benchmark,horizon_group,model_id,capability_id,capability_level,task_equal_effect_nrmse,task_equal_effect_correlation,task_equal_effect_amplitude_ratio,task_equal_scoring_coverage,task_count
FEV-Mini20,FEV-Bench,native,Chronos-2,common_factor,1,0.3850458963,0.8674601054,1.081562834,0.9833333333,9
FEV-Mini20,FEV-Bench,native,Timer-3.5,common_factor,1,0.4744907939,0.8176247789,1.071951505,0.9833333333,9
FEV-Mini20,FEV-Bench,native,Timer-4.0,common_factor,1,0.4131059838,0.8411479565,1.067445737,0.9833333333,9
FEV-Mini20,FEV-Bench,native,moirai2,common_factor,1,0.4397994305,0.8436662927,1.08527722,0.9833333333,9
FEV-Mini20,FEV-Bench,native,timesfm2.5,common_factor,1,0.3880543857,0.846735917,1.041429241,0.9833333333,9
FEV-Mini20,FEV-Bench,native,tirex2,common_factor,1,0.3564292246,0.8477889376,1.041958288,0.9833333333,9
FEV-Mini20,FEV-Bench,native,toto2.0,common_factor,1,0.4020200993,0.8446252569,1.065390143,0.9833333333,9
FEV-Mini20,FEV-Bench,native,Chronos-2,common_factor,2,0.3479057431,0.8868723743,1.075212895,0.9888888889,9
FEV-Mini20,FEV-Bench,native,Timer-3.5,common_factor,2,0.406513182,0.8419588384,1.060486528,0.9888888889,9
FEV-Mini20,FEV-Bench,native,Timer-4.0,common_factor,2,0.3876738819,0.8600247801,1.066923466,0.9888888889,9
FEV-Mini20,FEV-Bench,native,moirai2,common_factor,2,0.4258443538,0.8481724192,1.085263823,0.9888888889,9
FEV-Mini20,FEV-Bench,native,timesfm2.5,common_factor,2,0.3471286599,0.8625547803,1.03273725,0.9888888889,9
FEV-Mini20,FEV-Bench,native,tirex2,common_factor,2,0.3289078385,0.8642001955,1.037308951,0.9888888889,9
FEV-Mini20,FEV-Bench,native,toto2.0,common_factor,2,0.3575791417,0.8678258191,1.048686069,0.9888888889,9
FEV-Mini20,FEV-Bench,native,Chronos-2,common_factor,3,0.2837163386,0.9052924185,1.042873637,1,9
FEV-Mini20,FEV-Bench,native,Timer-3.5,common_factor,3,0.3516485519,0.8599249967,1.04913865,1,9
FEV-Mini20,FEV-Bench,native,Timer-4.0,common_factor,3,0.3540507536,0.8751085334,1.063098188,1,9
FEV-Mini20,FEV-Bench,native,moirai2,common_factor,3,0.3869645201,0.8528578886,1.082737523,1,9
FEV-Mini20,FEV-Bench,native,timesfm2.5,common_factor,3,0.2969674038,0.8796626428,1.020332691,1,9
FEV-Mini20,FEV-Bench,native,tirex2,common_factor,3,0.2917386126,0.8812805391,1.032283101,1,9
FEV-Mini20,FEV-Bench,native,toto2.0,common_factor,3,0.2887467407,0.8881694448,1.024611073,1,9
FEV-Mini20,FEV-Bench,native,Chronos-2,common_factor,4,0.2272068584,0.927326187,1.016505043,1,9
FEV-Mini20,FEV-Bench,native,Timer-3.5,common_factor,4,0.2988413931,0.8752012879,1.030754602,1,9
FEV-Mini20,FEV-Bench,native,Timer-4.0,common_factor,4,0.3003664225,0.8928618156,1.044225319,1,9
FEV-Mini20,FEV-Bench,native,moirai2,common_factor,4,0.3441515387,0.8686608688,1.079520328,1,9
FEV-Mini20,FEV-Bench,native,timesfm2.5,common_factor,4,0.2537060907,0.8981378133,1.014506552,1,9
FEV-Mini20,FEV-Bench,native,tirex2,common_factor,4,0.2562837834,0.8973077889,1.023768682,1,9
FEV-Mini20,FEV-Bench,native,toto2.0,common_factor,4,0.2341847164,0.9077524535,1.014084364,1,9
FEV-Mini20,FEV-Bench,native,Chronos-2,common_factor,5,0.1870904102,0.9450359146,1.003432163,1,9
FEV-Mini20,FEV-Bench,native,Timer-3.5,common_factor,5,0.2632213185,0.8884990478,1.021041469,1,9
FEV-Mini20,FEV-Bench,native,Timer-4.0,common_factor,5,0.2551994808,0.9122248179,1.029340519,1,9
FEV-Mini20,FEV-Bench,native,moirai2,common_factor,5,0.3044449704,0.8821501468,1.06951583,1,9
FEV-Mini20,FEV-Bench,native,timesfm2.5,common_factor,5,0.2196561653,0.9213586042,1.011913839,1,9
FEV-Mini20,FEV-Bench,native,tirex2,common_factor,5,0.2220330099,0.9124229305,1.015310486,1,9
FEV-Mini20,FEV-Bench,native,toto2.0,common_factor,5,0.1933231996,0.9278513004,1.010027527,1,9
FEV-Mini20,FEV-Bench,native,Chronos-2,covariate_impulse_response,1,0.8709707646,0.1766155285,0.9242674731,1,8
FEV-Mini20,FEV-Bench,native,Timer-3.5,covariate_impulse_response,1,0.725777726,0.1255934081,0.6973830434,1,8
FEV-Mini20,FEV-Bench,native,Timer-4.0,covariate_impulse_response,1,1.070131496,0.1353615308,1.032863553,1,8
FEV-Mini20,FEV-Bench,native,moirai2,covariate_impulse_response,1,0.7347157875,0.08271092186,0.6768738188,1,8
FEV-Mini20,FEV-Bench,native,timesfm2.5,covariate_impulse_response,1,0.9682570563,0.2086269835,0.9877969269,1,8
FEV-Mini20,FEV-Bench,native,tirex2,covariate_impulse_response,1,0.7341463442,0.150561668,0.78052007,1,8
FEV-Mini20,FEV-Bench,native,toto2.0,covariate_impulse_response,1,0.6416508648,0.2876539653,0.7390515061,1,8
FEV-Mini20,FEV-Bench,native,Chronos-2,covariate_impulse_response,2,0.814830029,0.2363945757,0.9179118203,1,8
FEV-Mini20,FEV-Bench,native,Timer-3.5,covariate_impulse_response,2,0.6813312042,0.1549430578,0.6982395745,1,8
FEV-Mini20,FEV-Bench,native,Timer-4.0,covariate_impulse_response,2,0.9519205172,0.1675507657,0.9435708619,1,8
FEV-Mini20,FEV-Bench,native,moirai2,covariate_impulse_response,2,0.6992180528,0.1340217904,0.6599595172,1,8
FEV-Mini20,FEV-Bench,native,timesfm2.5,covariate_impulse_response,2,0.7310488935,0.2576083398,0.7961956782,1,8
FEV-Mini20,FEV-Bench,native,tirex2,covariate_impulse_response,2,0.6802522086,0.2136114248,0.801569441,1,8
FEV-Mini20,FEV-Bench,native,toto2.0,covariate_impulse_response,2,0.5852695489,0.3253374048,0.7277137289,1,8
FEV-Mini20,FEV-Bench,native,Chronos-2,covariate_impulse_response,3,0.7791575452,0.2825564348,0.906713502,1,8
FEV-Mini20,FEV-Bench,native,Timer-3.5,covariate_impulse_response,3,0.6424314883,0.2084444174,0.6928059231,1,8
FEV-Mini20,FEV-Bench,native,Timer-4.0,covariate_impulse_response,3,0.8555877547,0.2038596445,0.888848082,1,8
FEV-Mini20,FEV-Bench,native,moirai2,covariate_impulse_response,3,0.6726058023,0.1823684038,0.6598316879,1,8
FEV-Mini20,FEV-Bench,native,timesfm2.5,covariate_impulse_response,3,0.6431794735,0.3058923377,0.7523836223,1,8
FEV-Mini20,FEV-Bench,native,tirex2,covariate_impulse_response,3,0.646795825,0.2557079203,0.8139378942,1,8
FEV-Mini20,FEV-Bench,native,toto2.0,covariate_impulse_response,3,0.5388350451,0.3533346909,0.7258696545,1,8
FEV-Mini20,FEV-Bench,native,Chronos-2,covariate_impulse_response,4,0.7360856571,0.3323061516,0.8952510319,1,8
FEV-Mini20,FEV-Bench,native,Timer-3.5,covariate_impulse_response,4,0.6012425024,0.2720049551,0.6931662788,1,8
FEV-Mini20,FEV-Bench,native,Timer-4.0,covariate_impulse_response,4,0.7625536416,0.2575967746,0.8372446925,1,8
FEV-Mini20,FEV-Bench,native,moirai2,covariate_impulse_response,4,0.6482539147,0.2254683862,0.6646423521,1,8
FEV-Mini20,FEV-Bench,native,timesfm2.5,covariate_impulse_response,4,0.5759541023,0.3487022598,0.7167210081,1,8
FEV-Mini20,FEV-Bench,native,tirex2,covariate_impulse_response,4,0.6133628947,0.2900342979,0.8119057635,1,8
FEV-Mini20,FEV-Bench,native,toto2.0,covariate_impulse_response,4,0.5092930069,0.3984266253,0.7256761903,1,8
FEV-Mini20,FEV-Bench,native,Chronos-2,covariate_impulse_response,5,0.6806722003,0.3840362614,0.8732368661,1,8
FEV-Mini20,FEV-Bench,native,Timer-3.5,covariate_impulse_response,5,0.5588135301,0.3271509609,0.6975522448,1,8
FEV-Mini20,FEV-Bench,native,Timer-4.0,covariate_impulse_response,5,0.6714875371,0.3100095905,0.7964219207,1,8
FEV-Mini20,FEV-Bench,native,moirai2,covariate_impulse_response,5,0.6176404583,0.2749674923,0.6770331752,1,8
FEV-Mini20,FEV-Bench,native,timesfm2.5,covariate_impulse_response,5,0.5350112675,0.39499661,0.7057970289,1,8
FEV-Mini20,FEV-Bench,native,tirex2,covariate_impulse_response,5,0.5788864748,0.3338234533,0.8050189398,1,8
FEV-Mini20,FEV-Bench,native,toto2.0,covariate_impulse_response,5,0.478426594,0.4405231669,0.7376108995,1,8
FEV-Mini20,FEV-Bench,native,Chronos-2,cross_series_dependence,1,0.5792853116,0.1253071612,1.062848245,0.8861111111,9
FEV-Mini20,FEV-Bench,native,Timer-3.5,cross_series_dependence,1,0.7036272642,0.09156243341,1.122634432,0.8861111111,9
FEV-Mini20,FEV-Bench,native,Timer-4.0,cross_series_dependence,1,0.6568483796,0.07825201351,1.087185091,0.8861111111,9
FEV-Mini20,FEV-Bench,native,moirai2,cross_series_dependence,1,0.6237481526,0.1608918811,1.132839392,0.8861111111,9
FEV-Mini20,FEV-Bench,native,timesfm2.5,cross_series_dependence,1,0.6502074464,0.1004357196,1.064384799,0.8861111111,9
FEV-Mini20,FEV-Bench,native,tirex2,cross_series_dependence,1,0.5891142747,0.1644605325,1.076595754,0.8861111111,9
FEV-Mini20,FEV-Bench,native,toto2.0,cross_series_dependence,1,0.660075446,0.1009730971,1.121762788,0.8861111111,9
FEV-Mini20,FEV-Bench,native,Chronos-2,cross_series_dependence,2,0.7147041748,0.1450871502,1.170513192,0.9444444444,9
FEV-Mini20,FEV-Bench,native,Timer-3.5,cross_series_dependence,2,0.7818311059,0.1007471878,1.216412989,0.9444444444,9
FEV-Mini20,FEV-Bench,native,Timer-4.0,cross_series_dependence,2,0.78602184,0.0783048793,1.191707171,0.9444444444,9
FEV-Mini20,FEV-Bench,native,moirai2,cross_series_dependence,2,0.8049730653,0.144049405,1.261744298,0.9444444444,9
FEV-Mini20,FEV-Bench,native,timesfm2.5,cross_series_dependence,2,0.7603263679,0.1095766105,1.154746599,0.9444444444,9
FEV-Mini20,FEV-Bench,native,tirex2,cross_series_dependence,2,0.7059387758,0.1588299603,1.163822025,0.9444444444,9
FEV-Mini20,FEV-Bench,native,toto2.0,cross_series_dependence,2,0.7366262648,0.1006328513,1.164967069,0.9444444444,9
FEV-Mini20,FEV-Bench,native,Chronos-2,cross_series_dependence,3,0.7353966733,0.1600978895,1.19600942,0.9666666667,9
FEV-Mini20,FEV-Bench,native,Timer-3.5,cross_series_dependence,3,0.7873308796,0.1028145459,1.213741834,0.9666666667,9
FEV-Mini20,FEV-Bench,native,Timer-4.0,cross_series_dependence,3,0.8149402491,0.07504273125,1.21896886,0.9666666667,9
FEV-Mini20,FEV-Bench,native,moirai2,cross_series_dependence,3,0.846188561,0.1412726485,1.297260541,0.9666666667,9
FEV-Mini20,FEV-Bench,native,timesfm2.5,cross_series_dependence,3,0.7741808636,0.1051799166,1.172198642,0.9666666667,9
FEV-Mini20,FEV-Bench,native,tirex2,cross_series_dependence,3,0.730167244,0.1651446585,1.183461166,0.9666666667,9
FEV-Mini20,FEV-Bench,native,toto2.0,cross_series_dependence,3,0.7549786306,0.09717325164,1.168276163,0.9666666667,9
FEV-Mini20,FEV-Bench,native,Chronos-2,cross_series_dependence,4,0.77561063,0.1729261031,1.233105653,0.9833333333,9
FEV-Mini20,FEV-Bench,native,Timer-3.5,cross_series_dependence,4,0.8185296626,0.1106935502,1.243855988,0.9833333333,9
FEV-Mini20,FEV-Bench,native,Timer-4.0,cross_series_dependence,4,0.8502460935,0.08739642884,1.250491535,0.9833333333,9
FEV-Mini20,FEV-Bench,native,moirai2,cross_series_dependence,4,0.9246985213,0.1430252731,1.365940316,0.9833333333,9
FEV-Mini20,FEV-Bench,native,timesfm2.5,cross_series_dependence,4,0.809532789,0.09853758639,1.205147731,0.9833333333,9
FEV-Mini20,FEV-Bench,native,tirex2,cross_series_dependence,4,0.7737976132,0.16896631,1.224266717,0.9833333333,9
FEV-Mini20,FEV-Bench,native,toto2.0,cross_series_dependence,4,0.7988197549,0.1034472735,1.204085816,0.9833333333,9
FEV-Mini20,FEV-Bench,native,Chronos-2,cross_series_dependence,5,0.7855502975,0.18239018,1.251676957,0.9944444444,9
FEV-Mini20,FEV-Bench,native,Timer-3.5,cross_series_dependence,5,0.8181809473,0.1011022197,1.24493743,0.9944444444,9
FEV-Mini20,FEV-Bench,native,Timer-4.0,cross_series_dependence,5,0.8446658202,0.09742246293,1.259034419,0.9944444444,9
FEV-Mini20,FEV-Bench,native,moirai2,cross_series_dependence,5,0.9715294886,0.1432648211,1.414718442,0.9944444444,9
FEV-Mini20,FEV-Bench,native,timesfm2.5,cross_series_dependence,5,0.8204744188,0.09355386236,1.2227203,0.9944444444,9
FEV-Mini20,FEV-Bench,native,tirex2,cross_series_dependence,5,0.7870672498,0.1762671215,1.240722892,0.9944444444,9
FEV-Mini20,FEV-Bench,native,toto2.0,cross_series_dependence,5,0.8080404505,0.1026652824,1.217640501,0.9944444444,9
FEV-Mini20,FEV-Bench,native,Chronos-2,multi_seasonal,1,1.055831267,0.6182784028,1.174759349,0.9965102225,20
FEV-Mini20,FEV-Bench,native,Timer-3.5,multi_seasonal,1,1.029631163,0.5119058749,1.013069778,0.9965102225,20
FEV-Mini20,FEV-Bench,native,Timer-4.0,multi_seasonal,1,1.107255297,0.5971796292,1.251494743,0.9965102225,20
FEV-Mini20,FEV-Bench,native,moirai2,multi_seasonal,1,1.128883998,0.4165827612,0.9467785019,0.9965102225,20
FEV-Mini20,FEV-Bench,native,timesfm2.5,multi_seasonal,1,0.8364637191,0.6164778458,0.9084339094,0.9965102225,20
FEV-Mini20,FEV-Bench,native,tirex2,multi_seasonal,1,0.9145580553,0.6755857026,1.071875674,0.9965102225,20
FEV-Mini20,FEV-Bench,native,toto2.0,multi_seasonal,1,0.6884693406,0.7796480262,1.071097719,0.9965102225,20
FEV-Mini20,FEV-Bench,native,Chronos-2,multi_seasonal,2,1.164134282,0.5434592651,1.173911323,0.9975329794,20
FEV-Mini20,FEV-Bench,native,Timer-3.5,multi_seasonal,2,1.109007758,0.4320891094,0.9892069524,0.9975329794,20
FEV-Mini20,FEV-Bench,native,Timer-4.0,multi_seasonal,2,1.221379983,0.5114310815,1.255063576,0.9975329794,20
FEV-Mini20,FEV-Bench,native,moirai2,multi_seasonal,2,1.194701805,0.3308802496,0.8948962343,0.9975329794,20
FEV-Mini20,FEV-Bench,native,timesfm2.5,multi_seasonal,2,0.913941658,0.5403609741,0.8727423803,0.9975329794,20
FEV-Mini20,FEV-Bench,native,tirex2,multi_seasonal,2,1.004820738,0.5921063592,1.061327588,0.9975329794,20
FEV-Mini20,FEV-Bench,native,toto2.0,multi_seasonal,2,0.7579846828,0.728750118,1.045508311,0.9975329794,20
FEV-Mini20,FEV-Bench,native,Chronos-2,multi_seasonal,3,1.229214046,0.4807459833,1.165678927,0.9973465115,20
FEV-Mini20,FEV-Bench,native,Timer-3.5,multi_seasonal,3,1.170675195,0.3802058843,0.9744253746,0.9973465115,20
FEV-Mini20,FEV-Bench,native,Timer-4.0,multi_seasonal,3,1.288408455,0.4516321123,1.250305074,0.9973465115,20
FEV-Mini20,FEV-Bench,native,moirai2,multi_seasonal,3,1.234241485,0.2727966411,0.8641127562,0.9973465115,20
FEV-Mini20,FEV-Bench,native,timesfm2.5,multi_seasonal,3,0.9714822447,0.4806030259,0.8446259908,0.9973465115,20
FEV-Mini20,FEV-Bench,native,tirex2,multi_seasonal,3,1.06367207,0.5294953886,1.044201145,0.9973465115,20
FEV-Mini20,FEV-Bench,native,toto2.0,multi_seasonal,3,0.8296533831,0.6822371273,1.041749522,0.9973465115,20
FEV-Mini20,FEV-Bench,native,Chronos-2,multi_seasonal,4,1.266026046,0.4273222597,1.140241879,0.9974704226,20
FEV-Mini20,FEV-Bench,native,Timer-3.5,multi_seasonal,4,1.190195273,0.343096968,0.9506778889,0.9974704226,20
FEV-Mini20,FEV-Bench,native,Timer-4.0,multi_seasonal,4,1.327091,0.4000921259,1.231587156,0.9974704226,20
FEV-Mini20,FEV-Bench,native,moirai2,multi_seasonal,4,1.246000786,0.2306277327,0.8316450979,0.9974704226,20
FEV-Mini20,FEV-Bench,native,timesfm2.5,multi_seasonal,4,1.008255879,0.4388880457,0.8270719319,0.9974704226,20
FEV-Mini20,FEV-Bench,native,tirex2,multi_seasonal,4,1.101093769,0.4798174266,1.01054733,0.9974704226,20
FEV-Mini20,FEV-Bench,native,toto2.0,multi_seasonal,4,0.872972509,0.6416380173,1.033251972,0.9974704226,20
FEV-Mini20,FEV-Bench,native,Chronos-2,multi_seasonal,5,1.293945924,0.3788854638,1.120136355,0.9974021787,20
FEV-Mini20,FEV-Bench,native,Timer-3.5,multi_seasonal,5,1.215127075,0.305847554,0.9322811554,0.9974021787,20
FEV-Mini20,FEV-Bench,native,Timer-4.0,multi_seasonal,5,1.351252807,0.3546500973,1.200850768,0.9974021787,20
FEV-Mini20,FEV-Bench,native,moirai2,multi_seasonal,5,1.259037362,0.1972818268,0.8104089687,0.9974021787,20
FEV-Mini20,FEV-Bench,native,timesfm2.5,multi_seasonal,5,1.037910637,0.3960943435,0.8093187423,0.9974021787,20
FEV-Mini20,FEV-Bench,native,tirex2,multi_seasonal,5,1.126888005,0.4373002451,0.9862980378,0.9974021787,20
FEV-Mini20,FEV-Bench,native,toto2.0,multi_seasonal,5,0.8975559955,0.611399321,1.005783111,0.9974021787,20
FEV-Mini20,FEV-Bench,native,Chronos-2,predictable_intermittency,1,0.6151543513,0.6790454115,0.9493402639,1,18
FEV-Mini20,FEV-Bench,native,Timer-3.5,predictable_intermittency,1,0.7008200288,0.5591316,0.9786205028,1,18
FEV-Mini20,FEV-Bench,native,Timer-4.0,predictable_intermittency,1,0.7751547588,0.6309591665,1.075904014,1,18
FEV-Mini20,FEV-Bench,native,moirai2,predictable_intermittency,1,0.8123658731,0.5094543456,1.017230227,1,18
FEV-Mini20,FEV-Bench,native,timesfm2.5,predictable_intermittency,1,0.597052663,0.6938706602,0.9727028347,1,18
FEV-Mini20,FEV-Bench,native,tirex2,predictable_intermittency,1,0.6075519112,0.6917304639,0.9603441999,1,18
FEV-Mini20,FEV-Bench,native,toto2.0,predictable_intermittency,1,0.5432264341,0.7579798327,0.9994350088,1,18
FEV-Mini20,FEV-Bench,native,Chronos-2,predictable_intermittency,2,0.8237928301,0.5225336471,0.9215246307,1,18
FEV-Mini20,FEV-Bench,native,Timer-3.5,predictable_intermittency,2,0.8910479216,0.4255449469,0.9334683139,1,18
FEV-Mini20,FEV-Bench,native,Timer-4.0,predictable_intermittency,2,1.013000878,0.4715970125,1.100458666,1,18
FEV-Mini20,FEV-Bench,native,moirai2,predictable_intermittency,2,0.9571963143,0.3658939002,0.8921840069,1,18
FEV-Mini20,FEV-Bench,native,timesfm2.5,predictable_intermittency,2,0.78909203,0.534860584,0.9177921725,1,18
FEV-Mini20,FEV-Bench,native,tirex2,predictable_intermittency,2,0.8005535981,0.5258894611,0.8980627664,1,18
FEV-Mini20,FEV-Bench,native,toto2.0,predictable_intermittency,2,0.7604757359,0.6035235721,0.9675119885,1,18
FEV-Mini20,FEV-Bench,native,Chronos-2,predictable_intermittency,3,0.9843146043,0.35716013,0.9006159826,1,18
FEV-Mini20,FEV-Bench,native,Timer-3.5,predictable_intermittency,3,1.054730907,0.2528997733,0.8776451061,1,18
FEV-Mini20,FEV-Bench,native,Timer-4.0,predictable_intermittency,3,1.191181687,0.3425540271,1.113489424,1,18
FEV-Mini20,FEV-Bench,native,moirai2,predictable_intermittency,3,1.122688294,0.1786953891,0.8203082006,1,18
FEV-Mini20,FEV-Bench,native,timesfm2.5,predictable_intermittency,3,0.9150980205,0.4001924425,0.8490726087,1,18
FEV-Mini20,FEV-Bench,native,tirex2,predictable_intermittency,3,0.9315719689,0.4026857685,0.8662546717,1,18
FEV-Mini20,FEV-Bench,native,toto2.0,predictable_intermittency,3,0.887125733,0.5027284109,0.9436161663,1,18
FEV-Mini20,FEV-Bench,native,Chronos-2,predictable_intermittency,4,1.025863052,0.3118640942,0.8483552268,1,18
FEV-Mini20,FEV-Bench,native,Timer-3.5,predictable_intermittency,4,1.026990959,0.213383257,0.7342871989,1,18
FEV-Mini20,FEV-Bench,native,Timer-4.0,predictable_intermittency,4,1.266055128,0.276180584,1.106586109,1,18
FEV-Mini20,FEV-Bench,native,moirai2,predictable_intermittency,4,1.154706743,0.1716392007,0.7806559598,1,18
FEV-Mini20,FEV-Bench,native,timesfm2.5,predictable_intermittency,4,0.9517606157,0.3066976835,0.7585087206,1,18
FEV-Mini20,FEV-Bench,native,tirex2,predictable_intermittency,4,0.9923486462,0.331794342,0.8245896315,1,18
FEV-Mini20,FEV-Bench,native,toto2.0,predictable_intermittency,4,0.9410738585,0.4171443036,0.9037271921,1,18
FEV-Mini20,FEV-Bench,native,Chronos-2,predictable_intermittency,5,1.219897946,0.1459623272,0.8799005691,1,18
FEV-Mini20,FEV-Bench,native,Timer-3.5,predictable_intermittency,5,1.141307401,0.1129081532,0.6924097255,1,18
FEV-Mini20,FEV-Bench,native,Timer-4.0,predictable_intermittency,5,1.468698072,0.1271058206,1.141932973,1,18
FEV-Mini20,FEV-Bench,native,moirai2,predictable_intermittency,5,1.264163102,0.0688103854,0.7402871835,1,18
FEV-Mini20,FEV-Bench,native,timesfm2.5,predictable_intermittency,5,1.069381544,0.1361414145,0.6594790346,1,18
FEV-Mini20,FEV-Bench,native,tirex2,predictable_intermittency,5,1.138202567,0.1496171718,0.771287381,1,18
FEV-Mini20,FEV-Bench,native,toto2.0,predictable_intermittency,5,1.12617358,0.1975063685,0.8425208833,1,18
FEV-Mini20,FEV-Bench,native,Chronos-2,regime_switching,1,0.1806672422,0.989535192,1.055292173,0.9975784753,20
FEV-Mini20,FEV-Bench,native,Timer-3.5,regime_switching,1,0.08978027355,0.9477087905,0.9956221548,0.9975784753,20
FEV-Mini20,FEV-Bench,native,Timer-4.0,regime_switching,1,0.1491138708,0.9692125236,1.017106839,0.9975784753,20
FEV-Mini20,FEV-Bench,native,moirai2,regime_switching,1,0.05948150028,0.9773015508,1.008132846,0.9975784753,20
FEV-Mini20,FEV-Bench,native,timesfm2.5,regime_switching,1,0.07629348323,0.95785932,1.007398036,0.9975784753,20
FEV-Mini20,FEV-Bench,native,tirex2,regime_switching,1,0.0921164579,0.988011353,1.01038385,0.9975784753,20
FEV-Mini20,FEV-Bench,native,toto2.0,regime_switching,1,0.05745196874,0.9865355158,1.00622785,0.9975784753,20
FEV-Mini20,FEV-Bench,native,Chronos-2,regime_switching,2,0.1957048681,0.9745187995,1.061944561,0.9975784753,20
FEV-Mini20,FEV-Bench,native,Timer-3.5,regime_switching,2,0.1162159075,0.931968503,0.9855499215,0.9975784753,20
FEV-Mini20,FEV-Bench,native,Timer-4.0,regime_switching,2,0.160273166,0.9612465689,1.020479869,0.9975784753,20
FEV-Mini20,FEV-Bench,native,moirai2,regime_switching,2,0.07390027183,0.9624197186,1.008617161,0.9975784753,20
FEV-Mini20,FEV-Bench,native,timesfm2.5,regime_switching,2,0.09503255258,0.9609101266,1.003047881,0.9975784753,20
FEV-Mini20,FEV-Bench,native,tirex2,regime_switching,2,0.105849633,0.9882260341,1.020400089,0.9975784753,20
FEV-Mini20,FEV-Bench,native,toto2.0,regime_switching,2,0.08282043063,0.9822750949,1.004403598,0.9975784753,20
FEV-Mini20,FEV-Bench,native,Chronos-2,regime_switching,3,0.1844210707,0.9817992798,1.052942935,0.9975784753,20
FEV-Mini20,FEV-Bench,native,Timer-3.5,regime_switching,3,0.1396055478,0.9260103327,0.9674413939,0.9975784753,20
FEV-Mini20,FEV-Bench,native,Timer-4.0,regime_switching,3,0.1617413419,0.9508838821,1.018907138,0.9975784753,20
FEV-Mini20,FEV-Bench,native,moirai2,regime_switching,3,0.0849187943,0.9584504239,1.004079843,0.9975784753,20
FEV-Mini20,FEV-Bench,native,timesfm2.5,regime_switching,3,0.1105922779,0.9604944037,0.990625943,0.9975784753,20
FEV-Mini20,FEV-Bench,native,tirex2,regime_switching,3,0.1228253152,0.9876988411,1.032927163,0.9975784753,20
FEV-Mini20,FEV-Bench,native,toto2.0,regime_switching,3,0.09584347573,0.9677474354,0.9993387015,0.9975784753,20
FEV-Mini20,FEV-Bench,native,Chronos-2,regime_switching,4,0.2108447502,0.9681214225,1.057315762,0.9975784753,20
FEV-Mini20,FEV-Bench,native,Timer-3.5,regime_switching,4,0.1966481858,0.9106213698,0.9311682169,0.9975784753,20
FEV-Mini20,FEV-Bench,native,Timer-4.0,regime_switching,4,0.1698753446,0.9394625329,1.00783524,0.9975784753,20
FEV-Mini20,FEV-Bench,native,moirai2,regime_switching,4,0.1143650004,0.9515348979,0.9894998898,0.9975784753,20
FEV-Mini20,FEV-Bench,native,timesfm2.5,regime_switching,4,0.1291158489,0.9403455335,0.9711076687,0.9975784753,20
FEV-Mini20,FEV-Bench,native,tirex2,regime_switching,4,0.1490398673,0.9834443489,1.03065149,0.9975784753,20
FEV-Mini20,FEV-Bench,native,toto2.0,regime_switching,4,0.1254911896,0.9558659063,0.982639657,0.9975784753,20
FEV-Mini20,FEV-Bench,native,Chronos-2,regime_switching,5,0.2910543948,0.6340829034,1.031914109,0.9975784753,20
FEV-Mini20,FEV-Bench,native,Timer-3.5,regime_switching,5,0.2739390381,0.5109672571,0.8789333102,0.9975784753,20
FEV-Mini20,FEV-Bench,native,Timer-4.0,regime_switching,5,0.2639386682,0.5465569257,0.9759996115,0.9975784753,20
FEV-Mini20,FEV-Bench,native,moirai2,regime_switching,5,0.1807642404,0.5408162771,0.9642675021,0.9975784753,20
FEV-Mini20,FEV-Bench,native,timesfm2.5,regime_switching,5,0.1876867771,0.4573836326,0.9277598037,0.9975784753,20
FEV-Mini20,FEV-Bench,native,tirex2,regime_switching,5,0.2115999135,0.6368943731,1.007846203,0.9975784753,20
FEV-Mini20,FEV-Bench,native,toto2.0,regime_switching,5,0.1885113332,0.5688654599,0.9583712401,0.9975784753,20
FEV-Mini20,FEV-Bench,native,Chronos-2,time_varying_seasonality,1,1.011531307,0.4894263725,1.278512092,0.9949590141,20
FEV-Mini20,FEV-Bench,native,Timer-3.5,time_varying_seasonality,1,0.9342698959,0.4556549701,1.122480798,0.9949590141,20
FEV-Mini20,FEV-Bench,native,Timer-4.0,time_varying_seasonality,1,1.037971802,0.4705639703,1.253383522,0.9949590141,20
FEV-Mini20,FEV-Bench,native,moirai2,time_varying_seasonality,1,0.9106127158,0.4300048923,1.055040788,0.9949590141,20
FEV-Mini20,FEV-Bench,native,timesfm2.5,time_varying_seasonality,1,0.8956822314,0.488366902,1.096076001,0.9949590141,20
FEV-Mini20,FEV-Bench,native,tirex2,time_varying_seasonality,1,0.94584495,0.485211923,1.165072877,0.9949590141,20
FEV-Mini20,FEV-Bench,native,toto2.0,time_varying_seasonality,1,0.9436379083,0.5153562079,1.225508451,0.9949590141,20
FEV-Mini20,FEV-Bench,native,Chronos-2,time_varying_seasonality,2,0.9091417999,0.5392894524,1.217556201,0.9999698868,20
FEV-Mini20,FEV-Bench,native,Timer-3.5,time_varying_seasonality,2,0.8385242999,0.4861697779,1.069271869,0.9999698868,20
FEV-Mini20,FEV-Bench,native,Timer-4.0,time_varying_seasonality,2,0.9478203057,0.5109875938,1.216558925,0.9999698868,20
FEV-Mini20,FEV-Bench,native,moirai2,time_varying_seasonality,2,0.8562067392,0.4470266805,1.033517053,0.9999698868,20
FEV-Mini20,FEV-Bench,native,timesfm2.5,time_varying_seasonality,2,0.8240939742,0.5352149906,1.094289853,0.9999698868,20
FEV-Mini20,FEV-Bench,native,tirex2,time_varying_seasonality,2,0.8675932503,0.5396683058,1.126495159,0.9999698868,20
FEV-Mini20,FEV-Bench,native,toto2.0,time_varying_seasonality,2,0.780496913,0.5881855078,1.140021461,0.9999698868,20
FEV-Mini20,FEV-Bench,native,Chronos-2,time_varying_seasonality,3,0.8088574498,0.5962946402,1.184763084,1,20
FEV-Mini20,FEV-Bench,native,Timer-3.5,time_varying_seasonality,3,0.7558533096,0.5301261219,1.047564662,1,20
FEV-Mini20,FEV-Bench,native,Timer-4.0,time_varying_seasonality,3,0.8473662276,0.5758225356,1.176107522,1,20
FEV-Mini20,FEV-Bench,native,moirai2,time_varying_seasonality,3,0.7986648506,0.4755346564,1.024059145,1,20
FEV-Mini20,FEV-Bench,native,timesfm2.5,time_varying_seasonality,3,0.7389429839,0.5887941103,1.074126829,1,20
FEV-Mini20,FEV-Bench,native,tirex2,time_varying_seasonality,3,0.7976568127,0.597061016,1.103868581,1,20
FEV-Mini20,FEV-Bench,native,toto2.0,time_varying_seasonality,3,0.6399323168,0.6639484313,1.090736298,1,20
FEV-Mini20,FEV-Bench,native,Chronos-2,time_varying_seasonality,4,0.707874244,0.6513103368,1.143941662,1,20
FEV-Mini20,FEV-Bench,native,Timer-3.5,time_varying_seasonality,4,0.6656719273,0.5813404882,1.033191304,1,20
FEV-Mini20,FEV-Bench,native,Timer-4.0,time_varying_seasonality,4,0.7503170065,0.629187816,1.141955435,1,20
FEV-Mini20,FEV-Bench,native,moirai2,time_varying_seasonality,4,0.7409106331,0.5187107001,1.025908335,1,20
FEV-Mini20,FEV-Bench,native,timesfm2.5,time_varying_seasonality,4,0.6445209249,0.6476399464,1.047362257,1,20
FEV-Mini20,FEV-Bench,native,tirex2,time_varying_seasonality,4,0.7191118955,0.652436512,1.080416048,1,20
FEV-Mini20,FEV-Bench,native,toto2.0,time_varying_seasonality,4,0.522841646,0.728330102,1.066527676,1,20
FEV-Mini20,FEV-Bench,native,Chronos-2,time_varying_seasonality,5,0.6223780115,0.7033533229,1.115824971,1,20
FEV-Mini20,FEV-Bench,native,Timer-3.5,time_varying_seasonality,5,0.5835083155,0.638258365,1.030594815,1,20
FEV-Mini20,FEV-Bench,native,Timer-4.0,time_varying_seasonality,5,0.6452725349,0.6908170255,1.106084388,1,20
FEV-Mini20,FEV-Bench,native,moirai2,time_varying_seasonality,5,0.6808635731,0.56278099,1.030258156,1,20
FEV-Mini20,FEV-Bench,native,timesfm2.5,time_varying_seasonality,5,0.564618502,0.7010010508,1.034586622,1,20
FEV-Mini20,FEV-Bench,native,tirex2,time_varying_seasonality,5,0.639272028,0.7013976897,1.06144999,1,20
FEV-Mini20,FEV-Bench,native,toto2.0,time_varying_seasonality,5,0.426278433,0.7745132095,1.054998157,1,20
FEV-Mini20,FEV-Bench,native,Chronos-2,trend,1,0.2251693641,0.3868332482,1.029220989,0.9962512077,18
FEV-Mini20,FEV-Bench,native,Timer-3.5,trend,1,0.23685996,0.1310478427,0.9059663056,0.9962512077,18
FEV-Mini20,FEV-Bench,native,Timer-4.0,trend,1,0.278958578,0.2799034233,1.022788553,0.9962512077,18
FEV-Mini20,FEV-Bench,native,moirai2,trend,1,0.0961329425,0.2467267646,0.9482973003,0.9962512077,18
FEV-Mini20,FEV-Bench,native,timesfm2.5,trend,1,0.130107939,0.2917631576,0.948185045,0.9962512077,18
FEV-Mini20,FEV-Bench,native,tirex2,trend,1,0.1586231542,0.4132396805,0.9931323952,0.9962512077,18
FEV-Mini20,FEV-Bench,native,toto2.0,trend,1,0.1685563855,0.3483560435,0.9790950101,0.9962512077,18
FEV-Mini20,FEV-Bench,native,Chronos-2,trend,2,0.2007129631,0.400408975,1.022397169,0.9962512077,18
FEV-Mini20,FEV-Bench,native,Timer-3.5,trend,2,0.2015515083,0.1192020084,0.9111606577,0.9962512077,18
FEV-Mini20,FEV-Bench,native,Timer-4.0,trend,2,0.2480715043,0.3027100724,1.012150074,0.9962512077,18
FEV-Mini20,FEV-Bench,native,moirai2,trend,2,0.09140525453,0.2599914122,0.9539922812,0.9962512077,18
FEV-Mini20,FEV-Bench,native,timesfm2.5,trend,2,0.1188917823,0.3050027045,0.9517931357,0.9962512077,18
FEV-Mini20,FEV-Bench,native,tirex2,trend,2,0.1405902334,0.4275950769,0.9991673962,0.9962512077,18
FEV-Mini20,FEV-Bench,native,toto2.0,trend,2,0.1455986991,0.3791819341,0.982941028,0.9962512077,18
FEV-Mini20,FEV-Bench,native,Chronos-2,trend,3,0.1746789222,0.418835584,1.015170231,0.9962512077,18
FEV-Mini20,FEV-Bench,native,Timer-3.5,trend,3,0.1773158938,0.1108717412,0.9168738225,0.9962512077,18
FEV-Mini20,FEV-Bench,native,Timer-4.0,trend,3,0.2187924687,0.3087418432,1.002744729,0.9962512077,18
FEV-Mini20,FEV-Bench,native,moirai2,trend,3,0.08798647511,0.2798565826,0.9599936678,0.9962512077,18
FEV-Mini20,FEV-Bench,native,timesfm2.5,trend,3,0.1113827826,0.3222818077,0.9573172842,0.9962512077,18
FEV-Mini20,FEV-Bench,native,tirex2,trend,3,0.126551784,0.4486440088,1.0020082,0.9962512077,18
FEV-Mini20,FEV-Bench,native,toto2.0,trend,3,0.1213342675,0.4114852768,0.985823184,0.9962512077,18
FEV-Mini20,FEV-Bench,native,Chronos-2,trend,4,0.1506837382,0.4475262224,1.00867773,0.9962512077,18
FEV-Mini20,FEV-Bench,native,Timer-3.5,trend,4,0.1540829626,0.1137200544,0.9266447389,0.9962512077,18
FEV-Mini20,FEV-Bench,native,Timer-4.0,trend,4,0.1920646778,0.3295409145,0.9979946243,0.9962512077,18
FEV-Mini20,FEV-Bench,native,moirai2,trend,4,0.08405341433,0.3017969583,0.966124186,0.9962512077,18
FEV-Mini20,FEV-Bench,native,timesfm2.5,trend,4,0.1034265546,0.3442298745,0.9632909807,0.9962512077,18
FEV-Mini20,FEV-Bench,native,tirex2,trend,4,0.1204549082,0.476165835,1.011803472,0.9962512077,18
FEV-Mini20,FEV-Bench,native,toto2.0,trend,4,0.09927618274,0.4492682269,0.990530168,0.9962512077,18
FEV-Mini20,FEV-Bench,native,Chronos-2,trend,5,0.1310105692,0.488005294,1.004568277,0.9962512077,18
FEV-Mini20,FEV-Bench,native,Timer-3.5,trend,5,0.1337802814,0.1254424788,0.9338043505,0.9962512077,18
FEV-Mini20,FEV-Bench,native,Timer-4.0,trend,5,0.1691777419,0.3519962425,0.9937293998,0.9962512077,18
FEV-Mini20,FEV-Bench,native,moirai2,trend,5,0.07789167333,0.3250356034,0.9709037383,0.9962512077,18
FEV-Mini20,FEV-Bench,native,timesfm2.5,trend,5,0.09243562585,0.3626584748,0.9669972841,0.9962512077,18
FEV-Mini20,FEV-Bench,native,tirex2,trend,5,0.1047895412,0.499528581,1.011596629,0.9962512077,18
FEV-Mini20,FEV-Bench,native,toto2.0,trend,5,0.08308417423,0.4881854014,0.9934880605,0.9962512077,18
GIFT-Long,GIFT-Eval,long,Chronos-2,common_factor,1,0.5279196175,0.7604284897,0.7713315362,1,4
GIFT-Long,GIFT-Eval,long,Timer-3.5,common_factor,1,0.85308584,0.401793148,0.8649302817,1,4
GIFT-Long,GIFT-Eval,long,Timer-4.0,common_factor,1,0.8545789683,0.4518270956,0.8880019417,1,4
GIFT-Long,GIFT-Eval,long,moirai2,common_factor,1,1.383794015,0.2917252666,1.409203512,1,4
GIFT-Long,GIFT-Eval,long,timesfm2.5,common_factor,1,0.9398083409,0.5364602062,1.09411843,1,4
GIFT-Long,GIFT-Eval,long,toto2.0,common_factor,1,0.8084132447,0.4243617059,0.9469880998,1,4
GIFT-Long,GIFT-Eval,long,Chronos-2,common_factor,2,0.435765494,0.823817208,0.8227906368,1,4
GIFT-Long,GIFT-Eval,long,Timer-3.5,common_factor,2,0.7780457826,0.4607725642,0.8348627585,1,4
GIFT-Long,GIFT-Eval,long,Timer-4.0,common_factor,2,0.8145971262,0.4699132402,0.8814849052,1,4
GIFT-Long,GIFT-Eval,long,moirai2,common_factor,2,1.327773886,0.3021019241,1.369775909,1,4
GIFT-Long,GIFT-Eval,long,timesfm2.5,common_factor,2,0.8611531479,0.5764109449,1.085150938,1,4
GIFT-Long,GIFT-Eval,long,toto2.0,common_factor,2,0.7351896408,0.4588409674,0.9187297277,1,4
GIFT-Long,GIFT-Eval,long,Chronos-2,common_factor,3,0.3664937075,0.8709296903,0.8930830886,1,4
GIFT-Long,GIFT-Eval,long,Timer-3.5,common_factor,3,0.7324785764,0.5260876182,0.8186689091,1,4
GIFT-Long,GIFT-Eval,long,Timer-4.0,common_factor,3,0.7739007109,0.5134691977,0.877833107,1,4
GIFT-Long,GIFT-Eval,long,moirai2,common_factor,3,1.107974895,0.3424577225,1.175153949,1,4
GIFT-Long,GIFT-Eval,long,timesfm2.5,common_factor,3,0.7880286255,0.608914455,1.03486955,1,4
GIFT-Long,GIFT-Eval,long,toto2.0,common_factor,3,0.6604326811,0.5062357339,0.8865695258,1,4
GIFT-Long,GIFT-Eval,long,Chronos-2,common_factor,4,0.3052866039,0.899978216,0.9672700286,1,4
GIFT-Long,GIFT-Eval,long,Timer-3.5,common_factor,4,0.6753162434,0.5783737808,0.8410287334,1,4
GIFT-Long,GIFT-Eval,long,Timer-4.0,common_factor,4,0.7058905673,0.6047917901,0.8903990454,1,4
GIFT-Long,GIFT-Eval,long,moirai2,common_factor,4,0.8327690499,0.4409717963,0.992200055,1,4
GIFT-Long,GIFT-Eval,long,timesfm2.5,common_factor,4,0.665495856,0.6672627288,0.9842661801,1,4
GIFT-Long,GIFT-Eval,long,toto2.0,common_factor,4,0.5795699164,0.5811247619,0.8888002239,1,4
GIFT-Long,GIFT-Eval,long,Chronos-2,common_factor,5,0.2905075674,0.9119863214,0.9913914937,1,4
GIFT-Long,GIFT-Eval,long,Timer-3.5,common_factor,5,0.6543672003,0.6128484131,0.8633571627,1,4
GIFT-Long,GIFT-Eval,long,Timer-4.0,common_factor,5,0.6490715645,0.6518707131,0.8909300133,1,4
GIFT-Long,GIFT-Eval,long,moirai2,common_factor,5,0.7688687297,0.5171761693,1.029995954,1,4
GIFT-Long,GIFT-Eval,long,timesfm2.5,common_factor,5,0.6045617775,0.6947680352,0.9758138697,1,4
GIFT-Long,GIFT-Eval,long,toto2.0,common_factor,5,0.5317973169,0.6223346723,0.8889459695,1,4
GIFT-Long,GIFT-Eval,long,Chronos-2,covariate_impulse_response,1,0.4859111696,0.141362982,1.100985763,1,3
GIFT-Long,GIFT-Eval,long,Timer-3.5,covariate_impulse_response,1,0.6137671274,-0.03967415139,1.059382822,1,3
GIFT-Long,GIFT-Eval,long,Timer-4.0,covariate_impulse_response,1,0.6807570658,0.2008987376,1.049572166,1,3
GIFT-Long,GIFT-Eval,long,moirai2,covariate_impulse_response,1,0.5006902898,0.3055138749,1.05467818,1,3
GIFT-Long,GIFT-Eval,long,timesfm2.5,covariate_impulse_response,1,0.4011950826,0.2607603637,0.8974656371,1,3
GIFT-Long,GIFT-Eval,long,toto2.0,covariate_impulse_response,1,1.541018265,0.2842745811,1.736067246,1,3
GIFT-Long,GIFT-Eval,long,Chronos-2,covariate_impulse_response,2,0.4294996757,0.2202478273,1.078583281,1,3
GIFT-Long,GIFT-Eval,long,Timer-3.5,covariate_impulse_response,2,0.636262671,0.1594297784,1.077650662,1,3
GIFT-Long,GIFT-Eval,long,Timer-4.0,covariate_impulse_response,2,0.5914366599,0.2857184399,0.996967202,1,3
GIFT-Long,GIFT-Eval,long,moirai2,covariate_impulse_response,2,0.4818357088,0.2877756215,1.068199759,1,3
GIFT-Long,GIFT-Eval,long,timesfm2.5,covariate_impulse_response,2,0.3489002977,0.4213083588,0.9030823988,1,3
GIFT-Long,GIFT-Eval,long,toto2.0,covariate_impulse_response,2,0.9812680735,0.4437074237,1.242938415,1,3
GIFT-Long,GIFT-Eval,long,Chronos-2,covariate_impulse_response,3,0.3963371468,0.2929205541,1.075420451,1,3
GIFT-Long,GIFT-Eval,long,Timer-3.5,covariate_impulse_response,3,0.6144324838,0.2280454037,1.078214244,1,3
GIFT-Long,GIFT-Eval,long,Timer-4.0,covariate_impulse_response,3,0.5561042617,0.3093497623,0.9961123857,1,3
GIFT-Long,GIFT-Eval,long,moirai2,covariate_impulse_response,3,0.4817904479,0.2897507394,1.060966852,1,3
GIFT-Long,GIFT-Eval,long,timesfm2.5,covariate_impulse_response,3,0.3183474154,0.5152006932,0.9154792164,1,3
GIFT-Long,GIFT-Eval,long,toto2.0,covariate_impulse_response,3,0.7713013408,0.5319755311,1.112098148,1,3
GIFT-Long,GIFT-Eval,long,Chronos-2,covariate_impulse_response,4,0.3583711745,0.3890650607,1.084850046,1,3
GIFT-Long,GIFT-Eval,long,Timer-3.5,covariate_impulse_response,4,0.5874810849,0.4174139128,1.08636869,1,3
GIFT-Long,GIFT-Eval,long,Timer-4.0,covariate_impulse_response,4,0.5318688671,0.3970286754,1.015815195,1,3
GIFT-Long,GIFT-Eval,long,moirai2,covariate_impulse_response,4,0.4955085162,0.3154318477,1.080423966,1,3
GIFT-Long,GIFT-Eval,long,timesfm2.5,covariate_impulse_response,4,0.3042925586,0.5638794961,0.9610209253,1,3
GIFT-Long,GIFT-Eval,long,toto2.0,covariate_impulse_response,4,0.5635293861,0.5959644431,0.9910534952,1,3
GIFT-Long,GIFT-Eval,long,Chronos-2,covariate_impulse_response,5,0.31714613,0.4487078634,1.079100166,1,3
GIFT-Long,GIFT-Eval,long,Timer-3.5,covariate_impulse_response,5,0.5163533853,0.4948126633,1.099397918,1,3
GIFT-Long,GIFT-Eval,long,Timer-4.0,covariate_impulse_response,5,0.4946791218,0.4675326691,0.9951412763,1,3
GIFT-Long,GIFT-Eval,long,moirai2,covariate_impulse_response,5,0.4919308518,0.3463933419,1.078039479,1,3
GIFT-Long,GIFT-Eval,long,timesfm2.5,covariate_impulse_response,5,0.3029364724,0.5861716732,0.9850440933,1,3
GIFT-Long,GIFT-Eval,long,toto2.0,covariate_impulse_response,5,0.4303274667,0.6327618292,0.9687289469,1,3
GIFT-Long,GIFT-Eval,long,Chronos-2,cross_series_dependence,1,0.8948876652,0.04776929031,0.6967718321,1,6
GIFT-Long,GIFT-Eval,long,Timer-3.5,cross_series_dependence,1,1.022683375,-0.01614173896,0.7382936632,1,6
GIFT-Long,GIFT-Eval,long,Timer-4.0,cross_series_dependence,1,0.9628601169,0.004420897472,0.8092941848,1,6
GIFT-Long,GIFT-Eval,long,moirai2,cross_series_dependence,1,0.9995905813,-0.01298577966,0.7965972999,1,6
GIFT-Long,GIFT-Eval,long,timesfm2.5,cross_series_dependence,1,1.119198607,-0.04363099705,0.8747552066,1,6
GIFT-Long,GIFT-Eval,long,toto2.0,cross_series_dependence,1,1.459809243,-0.1047268373,1.13880922,1,6
GIFT-Long,GIFT-Eval,long,Chronos-2,cross_series_dependence,2,0.8874707509,0.0419262042,0.6837059028,1,6
GIFT-Long,GIFT-Eval,long,Timer-3.5,cross_series_dependence,2,1.022958616,-0.06626949946,0.7194171413,1,6
GIFT-Long,GIFT-Eval,long,Timer-4.0,cross_series_dependence,2,0.9392411585,0.006279805591,0.7903183567,1,6
GIFT-Long,GIFT-Eval,long,moirai2,cross_series_dependence,2,1.015594432,-0.03505696847,0.7858292672,1,6
GIFT-Long,GIFT-Eval,long,timesfm2.5,cross_series_dependence,2,1.102448325,-0.07630340064,0.8577479979,1,6
GIFT-Long,GIFT-Eval,long,toto2.0,cross_series_dependence,2,1.351326177,-0.09157643913,1.057455628,1,6
GIFT-Long,GIFT-Eval,long,Chronos-2,cross_series_dependence,3,0.8948844928,0.04075308209,0.6799182248,1,6
GIFT-Long,GIFT-Eval,long,Timer-3.5,cross_series_dependence,3,0.9993891588,-0.06387172032,0.7063389195,1,6
GIFT-Long,GIFT-Eval,long,Timer-4.0,cross_series_dependence,3,0.9843002324,0.008203826883,0.8146228828,1,6
GIFT-Long,GIFT-Eval,long,moirai2,cross_series_dependence,3,1.019109961,-0.03674983871,0.7747574501,1,6
GIFT-Long,GIFT-Eval,long,timesfm2.5,cross_series_dependence,3,1.06780709,-0.09006102402,0.8260164396,1,6
GIFT-Long,GIFT-Eval,long,toto2.0,cross_series_dependence,3,1.319105455,-0.09156135119,1.020941961,1,6
GIFT-Long,GIFT-Eval,long,Chronos-2,cross_series_dependence,4,0.8883258853,0.0358292225,0.6640793045,1,6
GIFT-Long,GIFT-Eval,long,Timer-3.5,cross_series_dependence,4,0.9653876882,-0.07629147556,0.6912640797,1,6
GIFT-Long,GIFT-Eval,long,Timer-4.0,cross_series_dependence,4,0.9699884809,0.008840003694,0.7696551909,1,6
GIFT-Long,GIFT-Eval,long,moirai2,cross_series_dependence,4,1.03248633,-0.04114658259,0.7506150356,1,6
GIFT-Long,GIFT-Eval,long,timesfm2.5,cross_series_dependence,4,1.018372803,-0.08868919637,0.7756098549,1,6
GIFT-Long,GIFT-Eval,long,toto2.0,cross_series_dependence,4,1.257785625,-0.08843236875,0.9453189694,1,6
GIFT-Long,GIFT-Eval,long,Chronos-2,cross_series_dependence,5,0.9007130818,0.03246412969,0.6700572523,1,6
GIFT-Long,GIFT-Eval,long,Timer-3.5,cross_series_dependence,5,0.9625396665,-0.06723369559,0.6809260082,1,6
GIFT-Long,GIFT-Eval,long,Timer-4.0,cross_series_dependence,5,0.9734449378,0.009753029569,0.7572622073,1,6
GIFT-Long,GIFT-Eval,long,moirai2,cross_series_dependence,5,1.026392627,-0.06610860291,0.7268908815,1,6
GIFT-Long,GIFT-Eval,long,timesfm2.5,cross_series_dependence,5,0.9821952788,-0.07570205502,0.7284256198,1,6
GIFT-Long,GIFT-Eval,long,toto2.0,cross_series_dependence,5,1.240028863,-0.08170070821,0.9478911251,1,6
GIFT-Long,GIFT-Eval,long,Chronos-2,multi_seasonal,1,0.7897234937,0.672172666,0.8756797427,1,11
GIFT-Long,GIFT-Eval,long,Timer-3.5,multi_seasonal,1,1.040077223,0.5597518657,1.068693273,1,11
GIFT-Long,GIFT-Eval,long,Timer-4.0,multi_seasonal,1,0.9029614461,0.6135333499,1.044154897,1,11
GIFT-Long,GIFT-Eval,long,moirai2,multi_seasonal,1,1.60455008,0.341614618,1.429975134,1,11
GIFT-Long,GIFT-Eval,long,timesfm2.5,multi_seasonal,1,0.7921376305,0.6705708427,0.869784574,1,11
GIFT-Long,GIFT-Eval,long,toto2.0,multi_seasonal,1,0.856150278,0.8419546723,1.178931068,1,11
GIFT-Long,GIFT-Eval,long,Chronos-2,multi_seasonal,2,0.8701731119,0.5844086819,0.8295957198,1,11
GIFT-Long,GIFT-Eval,long,Timer-3.5,multi_seasonal,2,1.102308224,0.4674787097,1.017053033,1,11
GIFT-Long,GIFT-Eval,long,Timer-4.0,multi_seasonal,2,0.9777487804,0.5311441321,1.008044086,1,11
GIFT-Long,GIFT-Eval,long,moirai2,multi_seasonal,2,1.539050478,0.3106908693,1.293279371,1,11
GIFT-Long,GIFT-Eval,long,timesfm2.5,multi_seasonal,2,0.9081076951,0.5542026265,0.8094989149,1,11
GIFT-Long,GIFT-Eval,long,toto2.0,multi_seasonal,2,0.9418121687,0.7896435329,1.166214479,1,11
GIFT-Long,GIFT-Eval,long,Chronos-2,multi_seasonal,3,0.9448282991,0.4939106375,0.8199305452,1,11
GIFT-Long,GIFT-Eval,long,Timer-3.5,multi_seasonal,3,1.217142103,0.3733905911,1.052812469,1,11
GIFT-Long,GIFT-Eval,long,Timer-4.0,multi_seasonal,3,1.02474847,0.460413335,0.9859858729,1,11
GIFT-Long,GIFT-Eval,long,moirai2,multi_seasonal,3,1.672705635,0.2258196572,1.358623083,1,11
GIFT-Long,GIFT-Eval,long,timesfm2.5,multi_seasonal,3,0.9943291614,0.4739960104,0.8114731575,1,11
GIFT-Long,GIFT-Eval,long,toto2.0,multi_seasonal,3,1.019117232,0.7383166707,1.166825606,1,11
GIFT-Long,GIFT-Eval,long,Chronos-2,multi_seasonal,4,0.9662242894,0.4504054655,0.7773706913,1,11
GIFT-Long,GIFT-Eval,long,Timer-3.5,multi_seasonal,4,1.22416346,0.3283154532,1.003190934,1,11
GIFT-Long,GIFT-Eval,long,Timer-4.0,multi_seasonal,4,1.060434095,0.4153028549,0.9676023559,1,11
GIFT-Long,GIFT-Eval,long,moirai2,multi_seasonal,4,1.666573313,0.1881995376,1.323900588,1,11
GIFT-Long,GIFT-Eval,long,timesfm2.5,multi_seasonal,4,1.050390654,0.407517349,0.8349110066,1,11
GIFT-Long,GIFT-Eval,long,toto2.0,multi_seasonal,4,1.078736126,0.6924257697,1.150172656,1,11
GIFT-Long,GIFT-Eval,long,Chronos-2,multi_seasonal,5,1.001530988,0.393673134,0.7589895687,1,11
GIFT-Long,GIFT-Eval,long,Timer-3.5,multi_seasonal,5,1.255369915,0.2802425665,0.9753274398,1,11
GIFT-Long,GIFT-Eval,long,Timer-4.0,multi_seasonal,5,1.10371287,0.3727377939,0.9573990695,1,11
GIFT-Long,GIFT-Eval,long,moirai2,multi_seasonal,5,1.704776558,0.1773469516,1.342479054,1,11
GIFT-Long,GIFT-Eval,long,timesfm2.5,multi_seasonal,5,1.084816234,0.3567327024,0.8176037166,1,11
GIFT-Long,GIFT-Eval,long,toto2.0,multi_seasonal,5,1.092782679,0.6550987416,1.113409498,1,11
GIFT-Long,GIFT-Eval,long,Chronos-2,predictable_intermittency,1,1.021414139,0.06860360005,0.3536363439,1,11
GIFT-Long,GIFT-Eval,long,Timer-3.5,predictable_intermittency,1,1.087477537,0.01549408331,0.3969889574,1,11
GIFT-Long,GIFT-Eval,long,Timer-4.0,predictable_intermittency,1,1.154619605,0.0261760883,0.5746373192,1,11
GIFT-Long,GIFT-Eval,long,moirai2,predictable_intermittency,1,1.726740061,0.004244982453,1.122937654,1,11
GIFT-Long,GIFT-Eval,long,timesfm2.5,predictable_intermittency,1,1.0509563,0.05735028368,0.4826462775,1,11
GIFT-Long,GIFT-Eval,long,toto2.0,predictable_intermittency,1,1.065326413,0.2642009896,0.6458817435,1,11
GIFT-Long,GIFT-Eval,long,Chronos-2,predictable_intermittency,2,1.044858731,0.03375519775,0.3604054681,1,11
GIFT-Long,GIFT-Eval,long,Timer-3.5,predictable_intermittency,2,1.107267055,0.00213333136,0.4298879973,1,11
GIFT-Long,GIFT-Eval,long,Timer-4.0,predictable_intermittency,2,1.206432733,0.01659528307,0.6543605546,1,11
GIFT-Long,GIFT-Eval,long,moirai2,predictable_intermittency,2,2.101403914,0.001662781923,1.459287907,1,11
GIFT-Long,GIFT-Eval,long,timesfm2.5,predictable_intermittency,2,1.083778351,0.05012806762,0.4823822286,1,11
GIFT-Long,GIFT-Eval,long,toto2.0,predictable_intermittency,2,1.14895009,0.1066399368,0.4985227537,1,11
GIFT-Long,GIFT-Eval,long,Chronos-2,predictable_intermittency,3,1.05461498,0.03449411024,0.3295059467,1,11
GIFT-Long,GIFT-Eval,long,Timer-3.5,predictable_intermittency,3,1.110251511,0.005383414108,0.4380539814,1,11
GIFT-Long,GIFT-Eval,long,Timer-4.0,predictable_intermittency,3,1.269025218,0.000748626374,0.7444413813,1,11
GIFT-Long,GIFT-Eval,long,moirai2,predictable_intermittency,3,1.287506819,-0.005595841434,0.5919559741,1,11
GIFT-Long,GIFT-Eval,long,timesfm2.5,predictable_intermittency,3,1.048889756,0.02244525489,0.3039446231,1,11
GIFT-Long,GIFT-Eval,long,toto2.0,predictable_intermittency,3,1.177842455,0.09720916601,0.4837821596,1,11
GIFT-Long,GIFT-Eval,long,Chronos-2,predictable_intermittency,4,1.07142415,0.02624560609,0.3675265083,1,11
GIFT-Long,GIFT-Eval,long,Timer-3.5,predictable_intermittency,4,1.114822111,0.03724427892,0.4732281863,1,11
GIFT-Long,GIFT-Eval,long,Timer-4.0,predictable_intermittency,4,1.242013664,0.02376060271,0.7134899261,1,11
GIFT-Long,GIFT-Eval,long,moirai2,predictable_intermittency,4,1.658830136,0.01322186831,1.0834085,1,11
GIFT-Long,GIFT-Eval,long,timesfm2.5,predictable_intermittency,4,1.093136276,0.03298860429,0.4138451678,1,11
GIFT-Long,GIFT-Eval,long,toto2.0,predictable_intermittency,4,1.271534134,0.1020617814,0.6387510097,1,11
GIFT-Long,GIFT-Eval,long,Chronos-2,predictable_intermittency,5,1.063074851,0.00480009761,0.2982296899,1,11
GIFT-Long,GIFT-Eval,long,Timer-3.5,predictable_intermittency,5,1.171675363,-0.006808654029,0.5412642516,1,11
GIFT-Long,GIFT-Eval,long,Timer-4.0,predictable_intermittency,5,1.39681777,-0.008562418792,0.8848071399,1,11
GIFT-Long,GIFT-Eval,long,moirai2,predictable_intermittency,5,1.641148118,-0.003426986901,0.9778197094,1,11
GIFT-Long,GIFT-Eval,long,timesfm2.5,predictable_intermittency,5,1.06596092,0.01599900736,0.3312517545,1,11
GIFT-Long,GIFT-Eval,long,toto2.0,predictable_intermittency,5,1.256453764,0.003026009281,0.5151883345,1,11
GIFT-Long,GIFT-Eval,long,Chronos-2,regime_switching,1,0.02878046354,0.9994368805,0.9846157854,1,11
GIFT-Long,GIFT-Eval,long,Timer-3.5,regime_switching,1,0.08016439013,0.9970938216,0.9689977725,1,11
GIFT-Long,GIFT-Eval,long,Timer-4.0,regime_switching,1,0.06355127666,0.9987022911,0.9761054702,1,11
GIFT-Long,GIFT-Eval,long,moirai2,regime_switching,1,0.1885790832,0.9440021116,0.9822101258,1,11
GIFT-Long,GIFT-Eval,long,timesfm2.5,regime_switching,1,0.05375695306,0.9973071967,0.9782053932,1,11
GIFT-Long,GIFT-Eval,long,toto2.0,regime_switching,1,0.09928776445,0.9981650003,1.062456812,1,11
GIFT-Long,GIFT-Eval,long,Chronos-2,regime_switching,2,0.04511611409,0.9990098134,0.9746962964,1,11
GIFT-Long,GIFT-Eval,long,Timer-3.5,regime_switching,2,0.1299710287,0.9941263386,0.9457523014,1,11
GIFT-Long,GIFT-Eval,long,Timer-4.0,regime_switching,2,0.07763211942,0.9973708708,0.97146236,1,11
GIFT-Long,GIFT-Eval,long,moirai2,regime_switching,2,0.2125966895,0.9632331643,0.9530001565,1,11
GIFT-Long,GIFT-Eval,long,timesfm2.5,regime_switching,2,0.07411362469,0.9949866587,0.9880253885,1,11
GIFT-Long,GIFT-Eval,long,toto2.0,regime_switching,2,0.09318894958,0.9980078135,1.002407901,1,11
GIFT-Long,GIFT-Eval,long,Chronos-2,regime_switching,3,0.05864705876,0.9987039257,0.976373332,1,11
GIFT-Long,GIFT-Eval,long,Timer-3.5,regime_switching,3,0.1584290854,0.9915029418,0.9289826804,1,11
GIFT-Long,GIFT-Eval,long,Timer-4.0,regime_switching,3,0.1290206326,0.9926447729,0.9450457411,1,11
GIFT-Long,GIFT-Eval,long,moirai2,regime_switching,3,0.3375039307,0.9110559457,0.926779799,1,11
GIFT-Long,GIFT-Eval,long,timesfm2.5,regime_switching,3,0.106031605,0.9938834097,0.9689225404,1,11
GIFT-Long,GIFT-Eval,long,toto2.0,regime_switching,3,0.242366769,0.9858708459,0.9556736088,1,11
GIFT-Long,GIFT-Eval,long,Chronos-2,regime_switching,4,0.07879718052,0.9978127551,0.9726898261,1,11
GIFT-Long,GIFT-Eval,long,Timer-3.5,regime_switching,4,0.2111211039,0.9848436141,0.9186403585,1,11
GIFT-Long,GIFT-Eval,long,Timer-4.0,regime_switching,4,0.170401563,0.9875538214,0.9256917124,1,11
GIFT-Long,GIFT-Eval,long,moirai2,regime_switching,4,0.4529745252,0.8846042119,0.9685548899,1,11
GIFT-Long,GIFT-Eval,long,timesfm2.5,regime_switching,4,0.1238608975,0.9927839386,0.9934670964,1,11
GIFT-Long,GIFT-Eval,long,toto2.0,regime_switching,4,0.4048358172,0.9519249468,0.8521729634,1,11
GIFT-Long,GIFT-Eval,long,Chronos-2,regime_switching,5,0.1110577328,0.9939377051,0.9574256653,1,11
GIFT-Long,GIFT-Eval,long,Timer-3.5,regime_switching,5,0.2930709719,0.8917755955,0.8755314001,1,11
GIFT-Long,GIFT-Eval,long,Timer-4.0,regime_switching,5,0.2564444539,0.935345189,0.8728757527,1,11
GIFT-Long,GIFT-Eval,long,moirai2,regime_switching,5,0.4396571032,0.8564943101,0.9232727512,1,11
GIFT-Long,GIFT-Eval,long,timesfm2.5,regime_switching,5,0.1701823669,0.9867460039,0.9890414596,1,11
GIFT-Long,GIFT-Eval,long,toto2.0,regime_switching,5,0.4849176839,0.8811722351,0.6970134216,1,11
GIFT-Long,GIFT-Eval,long,Chronos-2,time_varying_seasonality,1,1.041625023,0.2044921452,1.058165054,1,10
GIFT-Long,GIFT-Eval,long,Timer-3.5,time_varying_seasonality,1,1.46670342,0.1666128428,1.370723897,1,10
GIFT-Long,GIFT-Eval,long,Timer-4.0,time_varying_seasonality,1,1.217439032,0.1504643998,1.049507751,1,10
GIFT-Long,GIFT-Eval,long,moirai2,time_varying_seasonality,1,1.227567516,0.1295734959,0.9788813625,1,10
GIFT-Long,GIFT-Eval,long,timesfm2.5,time_varying_seasonality,1,1.110937246,0.1545085454,0.9639211265,1,10
GIFT-Long,GIFT-Eval,long,toto2.0,time_varying_seasonality,1,1.606745497,0.3173300993,1.504305226,1,10
GIFT-Long,GIFT-Eval,long,Chronos-2,time_varying_seasonality,2,0.9483095982,0.2777278464,1.00711057,1,10
GIFT-Long,GIFT-Eval,long,Timer-3.5,time_varying_seasonality,2,1.35865136,0.2028477615,1.290253148,1,10
GIFT-Long,GIFT-Eval,long,Timer-4.0,time_varying_seasonality,2,1.177630492,0.1695627518,1.038492527,1,10
GIFT-Long,GIFT-Eval,long,moirai2,time_varying_seasonality,2,1.233054414,0.1390472599,1.00299592,1,10
GIFT-Long,GIFT-Eval,long,timesfm2.5,time_varying_seasonality,2,1.035391712,0.1976974154,0.9323246902,1,10
GIFT-Long,GIFT-Eval,long,toto2.0,time_varying_seasonality,2,1.250113881,0.3844036195,1.198488707,1,10
GIFT-Long,GIFT-Eval,long,Chronos-2,time_varying_seasonality,3,0.8543082266,0.3757305073,0.9793446158,1,10
GIFT-Long,GIFT-Eval,long,Timer-3.5,time_varying_seasonality,3,1.218259761,0.2494475544,1.194499655,1,10
GIFT-Long,GIFT-Eval,long,Timer-4.0,time_varying_seasonality,3,1.148415691,0.196354793,1.02989733,1,10
GIFT-Long,GIFT-Eval,long,moirai2,time_varying_seasonality,3,1.216690052,0.1647742016,1.03307346,1,10
GIFT-Long,GIFT-Eval,long,timesfm2.5,time_varying_seasonality,3,0.9784835466,0.2516593972,0.9192669952,1,10
GIFT-Long,GIFT-Eval,long,toto2.0,time_varying_seasonality,3,1.062396796,0.4441640654,1.06984862,1,10
GIFT-Long,GIFT-Eval,long,Chronos-2,time_varying_seasonality,4,0.7639406071,0.4640709352,0.9547569095,1,10
GIFT-Long,GIFT-Eval,long,Timer-3.5,time_varying_seasonality,4,1.084327584,0.2843025289,1.104152274,1,10
GIFT-Long,GIFT-Eval,long,Timer-4.0,time_varying_seasonality,4,1.073058562,0.255945584,1.021914386,1,10
GIFT-Long,GIFT-Eval,long,moirai2,time_varying_seasonality,4,1.153352662,0.1919479514,0.9804583341,1,10
GIFT-Long,GIFT-Eval,long,timesfm2.5,time_varying_seasonality,4,0.8875992023,0.3402550669,0.8894784383,1,10
GIFT-Long,GIFT-Eval,long,toto2.0,time_varying_seasonality,4,0.8983275546,0.51014179,0.9642880233,1,10
GIFT-Long,GIFT-Eval,long,Chronos-2,time_varying_seasonality,5,0.6881333948,0.5529237091,0.9499093209,1,10
GIFT-Long,GIFT-Eval,long,Timer-3.5,time_varying_seasonality,5,0.9853417563,0.3467291584,1.049427494,1,10
GIFT-Long,GIFT-Eval,long,Timer-4.0,time_varying_seasonality,5,0.9998726129,0.3465127035,1.002996828,1,10
GIFT-Long,GIFT-Eval,long,moirai2,time_varying_seasonality,5,1.119125408,0.2314353206,0.9741273095,1,10
GIFT-Long,GIFT-Eval,long,timesfm2.5,time_varying_seasonality,5,0.7927904098,0.5132509654,0.9189601152,1,10
GIFT-Long,GIFT-Eval,long,toto2.0,time_varying_seasonality,5,0.7760724285,0.5908693784,0.903630176,1,10
GIFT-Long,GIFT-Eval,long,Chronos-2,trend,1,0.07274962485,0.1855614651,0.9516530654,1,10
GIFT-Long,GIFT-Eval,long,Timer-3.5,trend,1,0.2296596267,-0.2196543621,0.8748295306,1,10
GIFT-Long,GIFT-Eval,long,Timer-4.0,trend,1,0.1523160265,-0.2264489331,0.8755194472,1,10
GIFT-Long,GIFT-Eval,long,moirai2,trend,1,0.2414379172,-0.2377691059,0.807878061,1,10
GIFT-Long,GIFT-Eval,long,timesfm2.5,trend,1,0.1765189854,0.1005787091,0.9487057255,1,10
GIFT-Long,GIFT-Eval,long,toto2.0,trend,1,0.3829432969,-0.565911665,1.041235439,1,10
GIFT-Long,GIFT-Eval,long,Chronos-2,trend,2,0.06715528611,0.1914672177,0.9559487174,1,10
GIFT-Long,GIFT-Eval,long,Timer-3.5,trend,2,0.2184615691,-0.2743950395,0.8814347619,1,10
GIFT-Long,GIFT-Eval,long,Timer-4.0,trend,2,0.1471075859,-0.2130758106,0.8789574192,1,10
GIFT-Long,GIFT-Eval,long,moirai2,trend,2,0.2264625446,-0.2398268949,0.8217900281,1,10
GIFT-Long,GIFT-Eval,long,timesfm2.5,trend,2,0.1408610699,0.1460518425,0.9376536411,1,10
GIFT-Long,GIFT-Eval,long,toto2.0,trend,2,0.2948023946,-0.537617892,0.9925548998,1,10
GIFT-Long,GIFT-Eval,long,Chronos-2,trend,3,0.06289883159,0.2053200196,0.9583808725,1,10
GIFT-Long,GIFT-Eval,long,Timer-3.5,trend,3,0.185266264,-0.2243003687,0.8885102929,1,10
GIFT-Long,GIFT-Eval,long,Timer-4.0,trend,3,0.1383776669,-0.2210460279,0.8864978446,1,10
GIFT-Long,GIFT-Eval,long,moirai2,trend,3,0.2014054663,-0.1508674306,0.8462818051,1,10
GIFT-Long,GIFT-Eval,long,timesfm2.5,trend,3,0.1192525788,0.1849793627,0.9392310532,1,10
GIFT-Long,GIFT-Eval,long,toto2.0,trend,3,0.2456376843,-0.52430542,0.9778063198,1,10
GIFT-Long,GIFT-Eval,long,Chronos-2,trend,4,0.05709881,0.2339060895,0.9615777679,1,10
GIFT-Long,GIFT-Eval,long,Timer-3.5,trend,4,0.1711234128,-0.2656376196,0.8890806963,1,10
GIFT-Long,GIFT-Eval,long,Timer-4.0,trend,4,0.1290222991,-0.2108778839,0.8952424789,1,10
GIFT-Long,GIFT-Eval,long,moirai2,trend,4,0.1995154493,-0.1619639638,0.8583328064,1,10
GIFT-Long,GIFT-Eval,long,timesfm2.5,trend,4,0.09993289565,0.228212285,0.9454853392,1,10
GIFT-Long,GIFT-Eval,long,toto2.0,trend,4,0.1964114204,-0.4911594391,0.9670554687,1,10
GIFT-Long,GIFT-Eval,long,Chronos-2,trend,5,0.05144702157,0.2905996445,0.9655864055,1,10
GIFT-Long,GIFT-Eval,long,Timer-3.5,trend,5,0.1504027383,-0.2621813547,0.8975503551,1,10
GIFT-Long,GIFT-Eval,long,Timer-4.0,trend,5,0.1202264874,-0.2022464043,0.9039909233,1,10
GIFT-Long,GIFT-Eval,long,moirai2,trend,5,0.1973913749,-0.1527412289,0.8689909899,1,10
GIFT-Long,GIFT-Eval,long,timesfm2.5,trend,5,0.08551341513,0.269379609,0.9525081921,1,10
GIFT-Long,GIFT-Eval,long,toto2.0,trend,5,0.166686003,-0.4396200232,0.9699978965,1,10
GIFT-Medium,GIFT-Eval,medium,Chronos-2,common_factor,1,0.3381952743,0.8955444744,0.9100715673,1,4
GIFT-Medium,GIFT-Eval,medium,Timer-3.5,common_factor,1,0.5339429047,0.6764845029,0.9811134498,1,4
GIFT-Medium,GIFT-Eval,medium,Timer-4.0,common_factor,1,0.5939556696,0.6725236403,0.9618482493,1,4
GIFT-Medium,GIFT-Eval,medium,moirai2,common_factor,1,0.6560155834,0.5716694173,0.9595266564,1,4
GIFT-Medium,GIFT-Eval,medium,timesfm2.5,common_factor,1,0.6008874406,0.6692209602,0.9397382779,1,4
GIFT-Medium,GIFT-Eval,medium,toto2.0,common_factor,1,0.4502591628,0.7445754256,0.9125402992,1,4
GIFT-Medium,GIFT-Eval,medium,Chronos-2,common_factor,2,0.3021202907,0.9197499542,0.9046963628,1,4
GIFT-Medium,GIFT-Eval,medium,Timer-3.5,common_factor,2,0.5329338552,0.7134068043,0.9383755212,1,4
GIFT-Medium,GIFT-Eval,medium,Timer-4.0,common_factor,2,0.6175515744,0.6864166941,0.9284073665,1,4
GIFT-Medium,GIFT-Eval,medium,moirai2,common_factor,2,0.6287855166,0.6025533134,0.9143223201,1,4
GIFT-Medium,GIFT-Eval,medium,timesfm2.5,common_factor,2,0.5983988723,0.7131589037,0.8991319653,1,4
GIFT-Medium,GIFT-Eval,medium,toto2.0,common_factor,2,0.4282360293,0.7686412595,0.8932247068,1,4
GIFT-Medium,GIFT-Eval,medium,Chronos-2,common_factor,3,0.2511877648,0.9360518844,0.9246877071,1,4
GIFT-Medium,GIFT-Eval,medium,Timer-3.5,common_factor,3,0.4797935094,0.7631493098,0.9342874261,1,4
GIFT-Medium,GIFT-Eval,medium,Timer-4.0,common_factor,3,0.5662375454,0.7059372541,0.8992010101,1,4
GIFT-Medium,GIFT-Eval,medium,moirai2,common_factor,3,0.5664446582,0.6630501764,0.9018499483,1,4
GIFT-Medium,GIFT-Eval,medium,timesfm2.5,common_factor,3,0.5329055346,0.7547893551,0.8876590775,1,4
GIFT-Medium,GIFT-Eval,medium,toto2.0,common_factor,3,0.376878535,0.7917601111,0.9026729922,1,4
GIFT-Medium,GIFT-Eval,medium,Chronos-2,common_factor,4,0.2092689168,0.9556575332,0.9384877316,1,4
GIFT-Medium,GIFT-Eval,medium,Timer-3.5,common_factor,4,0.432893347,0.8165022705,0.9213324312,1,4
GIFT-Medium,GIFT-Eval,medium,Timer-4.0,common_factor,4,0.509165931,0.7338235322,0.8683666731,1,4
GIFT-Medium,GIFT-Eval,medium,moirai2,common_factor,4,0.5235126061,0.7258413027,0.9003096412,1,4
GIFT-Medium,GIFT-Eval,medium,timesfm2.5,common_factor,4,0.4704798853,0.8149198164,0.8744205456,1,4
GIFT-Medium,GIFT-Eval,medium,toto2.0,common_factor,4,0.3380558609,0.8026128636,0.9147513026,1,4
GIFT-Medium,GIFT-Eval,medium,Chronos-2,common_factor,5,0.1833177369,0.9657481769,0.9516364489,1,4
GIFT-Medium,GIFT-Eval,medium,Timer-3.5,common_factor,5,0.3891179235,0.8489416632,0.9222226696,1,4
GIFT-Medium,GIFT-Eval,medium,Timer-4.0,common_factor,5,0.4511031524,0.7932874678,0.8574758212,1,4
GIFT-Medium,GIFT-Eval,medium,moirai2,common_factor,5,0.4798527868,0.7703963786,0.8975752073,1,4
GIFT-Medium,GIFT-Eval,medium,timesfm2.5,common_factor,5,0.4197238196,0.8471066171,0.8778445397,1,4
GIFT-Medium,GIFT-Eval,medium,toto2.0,common_factor,5,0.2925306455,0.8132024335,0.9304514128,1,4
GIFT-Medium,GIFT-Eval,medium,Chronos-2,covariate_impulse_response,1,0.6529129189,0.1319947498,1.039450827,1,4
GIFT-Medium,GIFT-Eval,medium,Timer-3.5,covariate_impulse_response,1,0.6520396062,0.262132261,0.867947493,1,4
GIFT-Medium,GIFT-Eval,medium,Timer-4.0,covariate_impulse_response,1,0.556450769,0.2466405656,0.8923284583,1,4
GIFT-Medium,GIFT-Eval,medium,moirai2,covariate_impulse_response,1,0.5243989357,0.2519165544,0.8804016196,1,4
GIFT-Medium,GIFT-Eval,medium,timesfm2.5,covariate_impulse_response,1,0.4184214067,0.3441009184,0.8938456897,1,4
GIFT-Medium,GIFT-Eval,medium,toto2.0,covariate_impulse_response,1,0.8269501572,0.2964217144,1.354437852,1,4
GIFT-Medium,GIFT-Eval,medium,Chronos-2,covariate_impulse_response,2,0.5885190921,0.1754903803,1.005627589,1,4
GIFT-Medium,GIFT-Eval,medium,Timer-3.5,covariate_impulse_response,2,0.5412188014,0.3424697556,0.8827316645,1,4
GIFT-Medium,GIFT-Eval,medium,Timer-4.0,covariate_impulse_response,2,0.4555591448,0.2985527003,0.942945588,1,4
GIFT-Medium,GIFT-Eval,medium,moirai2,covariate_impulse_response,2,0.5018717976,0.3212405702,0.9277720583,1,4
GIFT-Medium,GIFT-Eval,medium,timesfm2.5,covariate_impulse_response,2,0.3715656415,0.4315218319,0.9053182595,1,4
GIFT-Medium,GIFT-Eval,medium,toto2.0,covariate_impulse_response,2,0.6517430158,0.3514783175,1.207128503,1,4
GIFT-Medium,GIFT-Eval,medium,Chronos-2,covariate_impulse_response,3,0.5372670637,0.233589922,0.9807161891,1,4
GIFT-Medium,GIFT-Eval,medium,Timer-3.5,covariate_impulse_response,3,0.476889038,0.3347386169,0.8855860274,1,4
GIFT-Medium,GIFT-Eval,medium,Timer-4.0,covariate_impulse_response,3,0.4249113526,0.3569612455,0.9558212633,1,4
GIFT-Medium,GIFT-Eval,medium,moirai2,covariate_impulse_response,3,0.4520123641,0.3656737939,0.9368834935,1,4
GIFT-Medium,GIFT-Eval,medium,timesfm2.5,covariate_impulse_response,3,0.3529171924,0.4961942558,0.8957419874,1,4
GIFT-Medium,GIFT-Eval,medium,toto2.0,covariate_impulse_response,3,0.5118118858,0.3847945715,1.074923816,1,4
GIFT-Medium,GIFT-Eval,medium,Chronos-2,covariate_impulse_response,4,0.4687959075,0.2829122481,0.9501090845,1,4
GIFT-Medium,GIFT-Eval,medium,Timer-3.5,covariate_impulse_response,4,0.4111001943,0.3673576508,0.8699907876,1,4
GIFT-Medium,GIFT-Eval,medium,Timer-4.0,covariate_impulse_response,4,0.4036356078,0.4157518147,0.9237946908,1,4
GIFT-Medium,GIFT-Eval,medium,moirai2,covariate_impulse_response,4,0.3962844777,0.3809593218,0.9253025922,1,4
GIFT-Medium,GIFT-Eval,medium,timesfm2.5,covariate_impulse_response,4,0.3664015365,0.5622798637,0.8525153538,1,4
GIFT-Medium,GIFT-Eval,medium,toto2.0,covariate_impulse_response,4,0.4212095578,0.5120653931,1.008834427,1,4
GIFT-Medium,GIFT-Eval,medium,Chronos-2,covariate_impulse_response,5,0.4175959927,0.3338322806,0.9544723804,1,4
GIFT-Medium,GIFT-Eval,medium,Timer-3.5,covariate_impulse_response,5,0.4064414625,0.3770178787,0.8895853437,1,4
GIFT-Medium,GIFT-Eval,medium,Timer-4.0,covariate_impulse_response,5,0.3661297298,0.4534239151,0.9124833723,1,4
GIFT-Medium,GIFT-Eval,medium,moirai2,covariate_impulse_response,5,0.4122739529,0.3729983032,0.9419605377,1,4
GIFT-Medium,GIFT-Eval,medium,timesfm2.5,covariate_impulse_response,5,0.3538366855,0.5943385565,0.8467775192,1,4
GIFT-Medium,GIFT-Eval,medium,toto2.0,covariate_impulse_response,5,0.3367285834,0.5863828245,0.9697106269,1,4
GIFT-Medium,GIFT-Eval,medium,Chronos-2,cross_series_dependence,1,0.9801871324,0.05659544996,0.9899443019,1,6
GIFT-Medium,GIFT-Eval,medium,Timer-3.5,cross_series_dependence,1,1.105019825,0.04802055515,1.063233275,1,6
GIFT-Medium,GIFT-Eval,medium,Timer-4.0,cross_series_dependence,1,1.142187406,0.08633035317,1.223541985,1,6
GIFT-Medium,GIFT-Eval,medium,moirai2,cross_series_dependence,1,1.013924054,0.0613465077,0.9313391487,1,6
GIFT-Medium,GIFT-Eval,medium,timesfm2.5,cross_series_dependence,1,1.066684331,0.06879406206,1.100452714,1,6
GIFT-Medium,GIFT-Eval,medium,toto2.0,cross_series_dependence,1,1.169487308,-0.02176444821,1.007092924,1,6
GIFT-Medium,GIFT-Eval,medium,Chronos-2,cross_series_dependence,2,0.9985787733,0.05491995042,0.9839741136,1,6
GIFT-Medium,GIFT-Eval,medium,Timer-3.5,cross_series_dependence,2,1.121956576,0.03613521582,1.063072484,1,6
GIFT-Medium,GIFT-Eval,medium,Timer-4.0,cross_series_dependence,2,1.155484186,0.06529473649,1.219852858,1,6
GIFT-Medium,GIFT-Eval,medium,moirai2,cross_series_dependence,2,1.011426146,0.05524547364,0.9527554285,1,6
GIFT-Medium,GIFT-Eval,medium,timesfm2.5,cross_series_dependence,2,1.068148638,0.07078565696,1.097063395,1,6
GIFT-Medium,GIFT-Eval,medium,toto2.0,cross_series_dependence,2,1.188204974,-0.02667383126,1.00904632,1,6
GIFT-Medium,GIFT-Eval,medium,Chronos-2,cross_series_dependence,3,0.9954155969,0.0525335128,0.9523871234,1,6
GIFT-Medium,GIFT-Eval,medium,Timer-3.5,cross_series_dependence,3,1.069517561,0.03937115474,1.054170163,1,6
GIFT-Medium,GIFT-Eval,medium,Timer-4.0,cross_series_dependence,3,1.168521631,0.04329552513,1.181640232,1,6
GIFT-Medium,GIFT-Eval,medium,moirai2,cross_series_dependence,3,1.012637365,0.06032970448,0.9361766555,1,6
GIFT-Medium,GIFT-Eval,medium,timesfm2.5,cross_series_dependence,3,1.050801913,0.07977559395,1.059149266,1,6
GIFT-Medium,GIFT-Eval,medium,toto2.0,cross_series_dependence,3,1.19392981,-0.01574467119,0.9976225032,1,6
GIFT-Medium,GIFT-Eval,medium,Chronos-2,cross_series_dependence,4,0.9949016642,0.0548433853,0.9642589467,1,6
GIFT-Medium,GIFT-Eval,medium,Timer-3.5,cross_series_dependence,4,1.035448791,0.06513705896,1.0494185,1,6
GIFT-Medium,GIFT-Eval,medium,Timer-4.0,cross_series_dependence,4,1.159132606,0.03667691769,1.165811917,1,6
GIFT-Medium,GIFT-Eval,medium,moirai2,cross_series_dependence,4,1.020929392,0.06253717564,0.9439418454,1,6
GIFT-Medium,GIFT-Eval,medium,timesfm2.5,cross_series_dependence,4,1.04444504,0.0885191384,1.070226225,1,6
GIFT-Medium,GIFT-Eval,medium,toto2.0,cross_series_dependence,4,1.19584536,-0.005661172564,1.017529171,1,6
GIFT-Medium,GIFT-Eval,medium,Chronos-2,cross_series_dependence,5,0.9922505909,0.06168045486,0.9557651601,1,6
GIFT-Medium,GIFT-Eval,medium,Timer-3.5,cross_series_dependence,5,1.018649791,0.08348068767,1.035599153,1,6
GIFT-Medium,GIFT-Eval,medium,Timer-4.0,cross_series_dependence,5,1.142766633,0.03904464414,1.128677258,1,6
GIFT-Medium,GIFT-Eval,medium,moirai2,cross_series_dependence,5,1.194278824,0.05653543188,1.117160891,1,6
GIFT-Medium,GIFT-Eval,medium,timesfm2.5,cross_series_dependence,5,1.034946076,0.1045591695,1.046270015,1,6
GIFT-Medium,GIFT-Eval,medium,toto2.0,cross_series_dependence,5,1.196533608,0.002888036912,1.042136837,1,6
GIFT-Medium,GIFT-Eval,medium,Chronos-2,multi_seasonal,1,0.9186434365,0.7317731907,1.118074736,1,11
GIFT-Medium,GIFT-Eval,medium,Timer-3.5,multi_seasonal,1,1.047705939,0.6086754772,1.179378869,1,11
GIFT-Medium,GIFT-Eval,medium,Timer-4.0,multi_seasonal,1,0.8704926423,0.6776141036,1.129497914,1,11
GIFT-Medium,GIFT-Eval,medium,moirai2,multi_seasonal,1,1.835736086,0.3566712965,1.712730619,1,11
GIFT-Medium,GIFT-Eval,medium,timesfm2.5,multi_seasonal,1,0.8662933131,0.6982515376,1.052697279,1,11
GIFT-Medium,GIFT-Eval,medium,toto2.0,multi_seasonal,1,1.002983605,0.8659071,1.38991434,1,11
GIFT-Medium,GIFT-Eval,medium,Chronos-2,multi_seasonal,2,1.091444934,0.6380833937,1.159183139,1,11
GIFT-Medium,GIFT-Eval,medium,Timer-3.5,multi_seasonal,2,1.181302186,0.4755363618,1.143743253,1,11
GIFT-Medium,GIFT-Eval,medium,Timer-4.0,multi_seasonal,2,1.043299793,0.563959058,1.137181408,1,11
GIFT-Medium,GIFT-Eval,medium,moirai2,multi_seasonal,2,1.728532027,0.2689894005,1.490452946,1,11
GIFT-Medium,GIFT-Eval,medium,timesfm2.5,multi_seasonal,2,0.9270147379,0.5903777117,0.9325243184,1,11
GIFT-Medium,GIFT-Eval,medium,toto2.0,multi_seasonal,2,1.097978379,0.8208265238,1.390457949,1,11
GIFT-Medium,GIFT-Eval,medium,Chronos-2,multi_seasonal,3,1.13508894,0.5721010767,1.110422017,1,11
GIFT-Medium,GIFT-Eval,medium,Timer-3.5,multi_seasonal,3,1.217533515,0.40575194,1.103512765,1,11
GIFT-Medium,GIFT-Eval,medium,Timer-4.0,multi_seasonal,3,1.087420595,0.5033186354,1.100281181,1,11
GIFT-Medium,GIFT-Eval,medium,moirai2,multi_seasonal,3,1.656955132,0.2367114859,1.340023913,1,11
GIFT-Medium,GIFT-Eval,medium,timesfm2.5,multi_seasonal,3,0.973413526,0.5063972921,0.8778191587,1,11
GIFT-Medium,GIFT-Eval,medium,toto2.0,multi_seasonal,3,1.157439019,0.7768259334,1.384642808,1,11
GIFT-Medium,GIFT-Eval,medium,Chronos-2,multi_seasonal,4,1.275618276,0.5024172416,1.165814489,1,11
GIFT-Medium,GIFT-Eval,medium,Timer-3.5,multi_seasonal,4,1.234077961,0.3385517315,1.045467157,1,11
GIFT-Medium,GIFT-Eval,medium,Timer-4.0,multi_seasonal,4,1.151627406,0.4382278602,1.080217187,1,11
GIFT-Medium,GIFT-Eval,medium,moirai2,multi_seasonal,4,1.695401267,0.182853895,1.323490123,1,11
GIFT-Medium,GIFT-Eval,medium,timesfm2.5,multi_seasonal,4,1.005611881,0.4488534962,0.8418232029,1,11
GIFT-Medium,GIFT-Eval,medium,toto2.0,multi_seasonal,4,1.190144316,0.7163222341,1.322099973,1,11
GIFT-Medium,GIFT-Eval,medium,Chronos-2,multi_seasonal,5,1.087805536,0.4557521647,0.930951261,1,11
GIFT-Medium,GIFT-Eval,medium,Timer-3.5,multi_seasonal,5,1.351094781,0.3043922615,1.151473782,1,11
GIFT-Medium,GIFT-Eval,medium,Timer-4.0,multi_seasonal,5,1.157002678,0.4052543762,1.054375041,1,11
GIFT-Medium,GIFT-Eval,medium,moirai2,multi_seasonal,5,1.727889795,0.1512013068,1.338348411,1,11
GIFT-Medium,GIFT-Eval,medium,timesfm2.5,multi_seasonal,5,1.031661359,0.4025115083,0.8124966617,1,11
GIFT-Medium,GIFT-Eval,medium,toto2.0,multi_seasonal,5,1.206240604,0.682281069,1.290074544,1,11
GIFT-Medium,GIFT-Eval,medium,Chronos-2,predictable_intermittency,1,1.221670129,0.1776666418,0.693229709,1,11
GIFT-Medium,GIFT-Eval,medium,Timer-3.5,predictable_intermittency,1,1.496676854,0.0921663152,0.9185366491,1,11
GIFT-Medium,GIFT-Eval,medium,Timer-4.0,predictable_intermittency,1,1.184212238,0.07398181277,0.6977869874,1,11
GIFT-Medium,GIFT-Eval,medium,moirai2,predictable_intermittency,1,1.130770018,0.02010155107,0.4956806839,1,11
GIFT-Medium,GIFT-Eval,medium,timesfm2.5,predictable_intermittency,1,1.210860732,0.1825955417,0.7809356868,1,11
GIFT-Medium,GIFT-Eval,medium,toto2.0,predictable_intermittency,1,1.055335333,0.4657063173,0.9943464038,1,11
GIFT-Medium,GIFT-Eval,medium,Chronos-2,predictable_intermittency,2,1.220799274,0.07665119778,0.5955979665,1,11
GIFT-Medium,GIFT-Eval,medium,Timer-3.5,predictable_intermittency,2,1.672434484,0.03928629512,1.083717415,1,11
GIFT-Medium,GIFT-Eval,medium,Timer-4.0,predictable_intermittency,2,1.299415964,0.02141735855,0.7981921865,1,11
GIFT-Medium,GIFT-Eval,medium,moirai2,predictable_intermittency,2,1.104523014,0.01079532259,0.416446923,1,11
GIFT-Medium,GIFT-Eval,medium,timesfm2.5,predictable_intermittency,2,1.281149858,0.05867782691,0.7191388874,1,11
GIFT-Medium,GIFT-Eval,medium,toto2.0,predictable_intermittency,2,1.707961494,0.2305873591,1.314190894,1,11
GIFT-Medium,GIFT-Eval,medium,Chronos-2,predictable_intermittency,3,1.469030162,0.07751071306,0.9370812133,1,11
GIFT-Medium,GIFT-Eval,medium,Timer-3.5,predictable_intermittency,3,1.728414766,0.005109817176,1.14094552,1,11
GIFT-Medium,GIFT-Eval,medium,Timer-4.0,predictable_intermittency,3,1.275004231,0.01061000884,0.76766717,1,11
GIFT-Medium,GIFT-Eval,medium,moirai2,predictable_intermittency,3,1.134881524,-0.002942189636,0.4421956121,1,11
GIFT-Medium,GIFT-Eval,medium,timesfm2.5,predictable_intermittency,3,1.364382424,0.03038449897,0.7415288341,1,11
GIFT-Medium,GIFT-Eval,medium,toto2.0,predictable_intermittency,3,1.393863735,0.1198345256,0.856440637,1,11
GIFT-Medium,GIFT-Eval,medium,Chronos-2,predictable_intermittency,4,1.499046243,0.03964470379,0.9114041058,1,11
GIFT-Medium,GIFT-Eval,medium,Timer-3.5,predictable_intermittency,4,1.801525906,0.0002084632333,1.199089593,1,11
GIFT-Medium,GIFT-Eval,medium,Timer-4.0,predictable_intermittency,4,1.321690449,-0.007337152735,0.7945319207,1,11
GIFT-Medium,GIFT-Eval,medium,moirai2,predictable_intermittency,4,1.116181308,0.003251277478,0.4153132404,1,11
GIFT-Medium,GIFT-Eval,medium,timesfm2.5,predictable_intermittency,4,1.499013127,0.0013152126,0.8533580763,1,11
GIFT-Medium,GIFT-Eval,medium,toto2.0,predictable_intermittency,4,2.090081315,0.04668462426,1.438975716,1,11
GIFT-Medium,GIFT-Eval,medium,Chronos-2,predictable_intermittency,5,1.601139088,0.0201686252,0.9653369558,1,11
GIFT-Medium,GIFT-Eval,medium,Timer-3.5,predictable_intermittency,5,1.993245014,-0.0003627008184,1.409174612,1,11
GIFT-Medium,GIFT-Eval,medium,Timer-4.0,predictable_intermittency,5,1.361270947,-0.01281588646,0.8226877375,1,11
GIFT-Medium,GIFT-Eval,medium,moirai2,predictable_intermittency,5,1.089822254,0.01839900568,0.3557454238,1,11
GIFT-Medium,GIFT-Eval,medium,timesfm2.5,predictable_intermittency,5,1.253857229,-0.001404457605,0.5825451041,1,11
GIFT-Medium,GIFT-Eval,medium,toto2.0,predictable_intermittency,5,1.534144561,0.03252657831,0.8443405323,1,11
GIFT-Medium,GIFT-Eval,medium,Chronos-2,regime_switching,1,0.01869910498,0.9431954147,0.9968680777,1,11
GIFT-Medium,GIFT-Eval,medium,Timer-3.5,regime_switching,1,0.09589082721,0.9307669751,0.9659085629,1,11
GIFT-Medium,GIFT-Eval,medium,Timer-4.0,regime_switching,1,0.06036681774,0.9049042278,0.9816279684,1,11
GIFT-Medium,GIFT-Eval,medium,moirai2,regime_switching,1,0.1681974558,0.7915041379,0.9860862989,1,11
GIFT-Medium,GIFT-Eval,medium,timesfm2.5,regime_switching,1,0.06450454393,0.8436396895,0.9843175544,1,11
GIFT-Medium,GIFT-Eval,medium,toto2.0,regime_switching,1,0.1037898281,0.9779653421,1.064985593,1,11
GIFT-Medium,GIFT-Eval,medium,Chronos-2,regime_switching,2,0.02981269825,0.9368294719,0.995231186,1,11
GIFT-Medium,GIFT-Eval,medium,Timer-3.5,regime_switching,2,0.1381933394,0.9029391782,0.9598079253,1,11
GIFT-Medium,GIFT-Eval,medium,Timer-4.0,regime_switching,2,0.07408291207,0.8710044045,0.9750466674,1,11
GIFT-Medium,GIFT-Eval,medium,moirai2,regime_switching,2,0.2017689358,0.7766130935,0.9478718955,1,11
GIFT-Medium,GIFT-Eval,medium,timesfm2.5,regime_switching,2,0.08122588999,0.8012451908,0.9932965183,1,11
GIFT-Medium,GIFT-Eval,medium,toto2.0,regime_switching,2,0.08331288669,0.9788018848,1.008437173,1,11
GIFT-Medium,GIFT-Eval,medium,Chronos-2,regime_switching,3,0.04395611193,0.9305048309,0.9942464848,1,11
GIFT-Medium,GIFT-Eval,medium,Timer-3.5,regime_switching,3,0.1930816658,0.7690434816,0.961757962,1,11
GIFT-Medium,GIFT-Eval,medium,Timer-4.0,regime_switching,3,0.111913167,0.8455508339,0.9602641695,1,11
GIFT-Medium,GIFT-Eval,medium,moirai2,regime_switching,3,0.2823421493,0.7261762509,0.9310322378,1,11
GIFT-Medium,GIFT-Eval,medium,timesfm2.5,regime_switching,3,0.1317603588,0.8669214571,0.9889093805,1,11
GIFT-Medium,GIFT-Eval,medium,toto2.0,regime_switching,3,0.1502425068,0.9610038919,0.9872973683,1,11
GIFT-Medium,GIFT-Eval,medium,Chronos-2,regime_switching,4,0.06763605183,0.8990612969,0.9901625927,1,11
GIFT-Medium,GIFT-Eval,medium,Timer-3.5,regime_switching,4,0.2288667967,0.7333900705,0.94644673,1,11
GIFT-Medium,GIFT-Eval,medium,Timer-4.0,regime_switching,4,0.1587887113,0.8790648399,0.9374503315,1,11
GIFT-Medium,GIFT-Eval,medium,moirai2,regime_switching,4,0.3487272613,0.7103863008,0.911013157,1,11
GIFT-Medium,GIFT-Eval,medium,timesfm2.5,regime_switching,4,0.1747076796,0.9027030457,0.9760693531,1,11
GIFT-Medium,GIFT-Eval,medium,toto2.0,regime_switching,4,0.2451995727,0.9272644969,0.9154711107,1,11
GIFT-Medium,GIFT-Eval,medium,Chronos-2,regime_switching,5,0.1062979285,0.8847915262,0.9872071404,1,11
GIFT-Medium,GIFT-Eval,medium,Timer-3.5,regime_switching,5,0.2983481711,0.6861969818,0.9059561592,1,11
GIFT-Medium,GIFT-Eval,medium,Timer-4.0,regime_switching,5,0.2182645434,0.8472048157,0.9108695092,1,11
GIFT-Medium,GIFT-Eval,medium,moirai2,regime_switching,5,0.3794813149,0.7292367529,0.9045548496,1,11
GIFT-Medium,GIFT-Eval,medium,timesfm2.5,regime_switching,5,0.2007777323,0.9043323212,0.9687675134,1,11
GIFT-Medium,GIFT-Eval,medium,toto2.0,regime_switching,5,0.2969382409,0.8518012418,0.8294069837,1,11
GIFT-Medium,GIFT-Eval,medium,Chronos-2,time_varying_seasonality,1,0.932528674,0.3726813435,1.067329654,1,10
GIFT-Medium,GIFT-Eval,medium,Timer-3.5,time_varying_seasonality,1,1.407250227,0.1474776278,1.352771481,1,10
GIFT-Medium,GIFT-Eval,medium,Timer-4.0,time_varying_seasonality,1,1.068921846,0.3146098761,1.106430372,1,10
GIFT-Medium,GIFT-Eval,medium,moirai2,time_varying_seasonality,1,1.642570518,0.131571659,1.411845591,1,10
GIFT-Medium,GIFT-Eval,medium,timesfm2.5,time_varying_seasonality,1,1.331990602,0.3345520845,1.381672551,1,10
GIFT-Medium,GIFT-Eval,medium,toto2.0,time_varying_seasonality,1,1.986284273,0.3678860674,1.962486916,1,10
GIFT-Medium,GIFT-Eval,medium,Chronos-2,time_varying_seasonality,2,0.8526304656,0.4274181658,1.018482309,1,10
GIFT-Medium,GIFT-Eval,medium,Timer-3.5,time_varying_seasonality,2,1.249669522,0.1905725522,1.221908396,1,10
GIFT-Medium,GIFT-Eval,medium,Timer-4.0,time_varying_seasonality,2,1.017441891,0.4001647957,1.094976638,1,10
GIFT-Medium,GIFT-Eval,medium,moirai2,time_varying_seasonality,2,1.547706464,0.1737200499,1.378415815,1,10
GIFT-Medium,GIFT-Eval,medium,timesfm2.5,time_varying_seasonality,2,1.088416255,0.4527855118,1.222706105,1,10
GIFT-Medium,GIFT-Eval,medium,toto2.0,time_varying_seasonality,2,1.51444718,0.4532766306,1.554572524,1,10
GIFT-Medium,GIFT-Eval,medium,Chronos-2,time_varying_seasonality,3,0.7751814721,0.4841171876,0.9885654342,1,10
GIFT-Medium,GIFT-Eval,medium,Timer-3.5,time_varying_seasonality,3,1.122336136,0.2442476597,1.150686387,1,10
GIFT-Medium,GIFT-Eval,medium,Timer-4.0,time_varying_seasonality,3,0.9290997483,0.4680154657,1.066659917,1,10
GIFT-Medium,GIFT-Eval,medium,moirai2,time_varying_seasonality,3,1.68213882,0.1948001267,1.544747055,1,10
GIFT-Medium,GIFT-Eval,medium,timesfm2.5,time_varying_seasonality,3,0.9404050463,0.5267889426,1.153464394,1,10
GIFT-Medium,GIFT-Eval,medium,toto2.0,time_varying_seasonality,3,1.194617055,0.5279873028,1.294648313,1,10
GIFT-Medium,GIFT-Eval,medium,Chronos-2,time_varying_seasonality,4,0.7023490559,0.5386813922,0.9727153136,1,10
GIFT-Medium,GIFT-Eval,medium,Timer-3.5,time_varying_seasonality,4,0.9686316881,0.2821961027,1.064493856,1,10
GIFT-Medium,GIFT-Eval,medium,Timer-4.0,time_varying_seasonality,4,0.8169585952,0.5224600988,1.024877951,1,10
GIFT-Medium,GIFT-Eval,medium,moirai2,time_varying_seasonality,4,1.552161351,0.2230194401,1.453601089,1,10
GIFT-Medium,GIFT-Eval,medium,timesfm2.5,time_varying_seasonality,4,0.8103594805,0.576250106,1.079284753,1,10
GIFT-Medium,GIFT-Eval,medium,toto2.0,time_varying_seasonality,4,0.971397884,0.5903050018,1.13066811,1,10
GIFT-Medium,GIFT-Eval,medium,Chronos-2,time_varying_seasonality,5,0.6704017161,0.6286532169,0.9641813772,1,10
GIFT-Medium,GIFT-Eval,medium,Timer-3.5,time_varying_seasonality,5,0.8999594676,0.3323246621,1.039950283,1,10
GIFT-Medium,GIFT-Eval,medium,Timer-4.0,time_varying_seasonality,5,0.7364603482,0.5864037116,1.017209487,1,10
GIFT-Medium,GIFT-Eval,medium,moirai2,time_varying_seasonality,5,1.398991806,0.2554081022,1.336930312,1,10
GIFT-Medium,GIFT-Eval,medium,timesfm2.5,time_varying_seasonality,5,0.7267091932,0.6602192946,1.045269949,1,10
GIFT-Medium,GIFT-Eval,medium,toto2.0,time_varying_seasonality,5,0.8131918935,0.6432135978,1.021949094,1,10
GIFT-Medium,GIFT-Eval,medium,Chronos-2,trend,1,0.0571187032,0.2605448965,0.9742016568,1,9
GIFT-Medium,GIFT-Eval,medium,Timer-3.5,trend,1,0.3428593709,-0.101135992,0.9844006202,1,9
GIFT-Medium,GIFT-Eval,medium,Timer-4.0,trend,1,0.1716876253,-0.2051706545,0.8765827605,1,9
GIFT-Medium,GIFT-Eval,medium,moirai2,trend,1,0.3440878518,-0.326052978,0.8654494645,1,9
GIFT-Medium,GIFT-Eval,medium,timesfm2.5,trend,1,0.4275071442,0.05984322029,1.157470611,1,9
GIFT-Medium,GIFT-Eval,medium,toto2.0,trend,1,1.063843548,-0.3217587937,1.724851837,1,9
GIFT-Medium,GIFT-Eval,medium,Chronos-2,trend,2,0.05394406068,0.2845351596,0.9746694092,1,9
GIFT-Medium,GIFT-Eval,medium,Timer-3.5,trend,2,0.2978106758,-0.104393446,0.9659032902,1,9
GIFT-Medium,GIFT-Eval,medium,Timer-4.0,trend,2,0.1649928149,-0.2191816623,0.8822534864,1,9
GIFT-Medium,GIFT-Eval,medium,moirai2,trend,2,0.3227660584,-0.312353365,0.8731777999,1,9
GIFT-Medium,GIFT-Eval,medium,timesfm2.5,trend,2,0.3089662934,0.08199084247,1.067864346,1,9
GIFT-Medium,GIFT-Eval,medium,toto2.0,trend,2,0.7080705087,-0.3057003997,1.401942493,1,9
GIFT-Medium,GIFT-Eval,medium,Chronos-2,trend,3,0.05064063909,0.306660994,0.9747070123,1,9
GIFT-Medium,GIFT-Eval,medium,Timer-3.5,trend,3,0.2570375019,-0.04651762575,0.9573544286,1,9
GIFT-Medium,GIFT-Eval,medium,Timer-4.0,trend,3,0.1522927237,-0.2151970608,0.8931220228,1,9
GIFT-Medium,GIFT-Eval,medium,moirai2,trend,3,0.2878090436,-0.1953756881,0.8856354584,1,9
GIFT-Medium,GIFT-Eval,medium,timesfm2.5,trend,3,0.2365150968,0.1121263028,1.026040904,1,9
GIFT-Medium,GIFT-Eval,medium,toto2.0,trend,3,0.5130449514,-0.2923464154,1.236849969,1,9
GIFT-Medium,GIFT-Eval,medium,Chronos-2,trend,4,0.04838189162,0.3154264609,0.9749879063,1,9
GIFT-Medium,GIFT-Eval,medium,Timer-3.5,trend,4,0.2291234742,0.02142464019,0.9540274659,1,9
GIFT-Medium,GIFT-Eval,medium,Timer-4.0,trend,4,0.1335451917,-0.2150749959,0.9091171527,1,9
GIFT-Medium,GIFT-Eval,medium,moirai2,trend,4,0.2624946657,-0.08456382017,0.8938174148,1,9
GIFT-Medium,GIFT-Eval,medium,timesfm2.5,trend,4,0.1812260942,0.1586242379,1.00694213,1,9
GIFT-Medium,GIFT-Eval,medium,toto2.0,trend,4,0.3820559312,-0.274514793,1.13714335,1,9
GIFT-Medium,GIFT-Eval,medium,Chronos-2,trend,5,0.04526604292,0.3812462682,0.9775696678,1,9
GIFT-Medium,GIFT-Eval,medium,Timer-3.5,trend,5,0.1917440151,0.02202917292,0.951423993,1,9
GIFT-Medium,GIFT-Eval,medium,Timer-4.0,trend,5,0.1175555446,-0.1954085011,0.9217303549,1,9
GIFT-Medium,GIFT-Eval,medium,moirai2,trend,5,0.2498334238,-0.04871112603,0.9083576508,1,9
GIFT-Medium,GIFT-Eval,medium,timesfm2.5,trend,5,0.1421223352,0.2080138107,0.9969578278,1,9
GIFT-Medium,GIFT-Eval,medium,toto2.0,trend,5,0.2854722056,-0.2558535573,1.072827206,1,9
GIFT-Short,GIFT-Eval,short,Chronos-2,common_factor,1,0.3086659882,0.8675160356,0.9546375879,0.95,4
GIFT-Short,GIFT-Eval,short,Timer-3.5,common_factor,1,0.3988030803,0.7327076815,1.021578511,0.95,4
GIFT-Short,GIFT-Eval,short,Timer-4.0,common_factor,1,0.3952556082,0.7385679688,0.9852994302,0.95,4
GIFT-Short,GIFT-Eval,short,moirai2,common_factor,1,0.4409216343,0.7340011517,1.01501244,0.95,4
GIFT-Short,GIFT-Eval,short,timesfm2.5,common_factor,1,0.4399307699,0.753188779,1.112071113,0.95,4
GIFT-Short,GIFT-Eval,short,tirex2,common_factor,1,0.3238023229,0.7928107168,1.025381053,0.95,4
GIFT-Short,GIFT-Eval,short,toto2.0,common_factor,1,0.4690484467,0.8593713279,1.142863686,0.95,4
GIFT-Short,GIFT-Eval,short,Chronos-2,common_factor,2,0.3009314941,0.8738255727,0.9603118712,0.975,4
GIFT-Short,GIFT-Eval,short,Timer-3.5,common_factor,2,0.3474750993,0.7362775431,0.9973751671,0.975,4
GIFT-Short,GIFT-Eval,short,Timer-4.0,common_factor,2,0.3761731071,0.734731002,0.98008725,0.975,4
GIFT-Short,GIFT-Eval,short,moirai2,common_factor,2,0.4034154765,0.7343259927,1.007844129,0.975,4
GIFT-Short,GIFT-Eval,short,timesfm2.5,common_factor,2,0.3916639428,0.7571150668,1.087041675,0.975,4
GIFT-Short,GIFT-Eval,short,tirex2,common_factor,2,0.3019184783,0.7881710299,1.022174962,0.975,4
GIFT-Short,GIFT-Eval,short,toto2.0,common_factor,2,0.3508966259,0.8417541564,1.086287172,0.975,4
GIFT-Short,GIFT-Eval,short,Chronos-2,common_factor,3,0.276633099,0.8964566919,0.9633807019,0.9875,4
GIFT-Short,GIFT-Eval,short,Timer-3.5,common_factor,3,0.2962108039,0.7703180053,0.9853869713,0.9875,4
GIFT-Short,GIFT-Eval,short,Timer-4.0,common_factor,3,0.3493258399,0.7544109194,0.9779704832,0.9875,4
GIFT-Short,GIFT-Eval,short,moirai2,common_factor,3,0.3518355965,0.7508199682,1.006994518,0.9875,4
GIFT-Short,GIFT-Eval,short,timesfm2.5,common_factor,3,0.335274256,0.7825357827,1.070090615,0.9875,4
GIFT-Short,GIFT-Eval,short,tirex2,common_factor,3,0.2550360182,0.8063654848,1.014099999,0.9875,4
GIFT-Short,GIFT-Eval,short,toto2.0,common_factor,3,0.2614496382,0.8556349923,1.059722994,0.9875,4
GIFT-Short,GIFT-Eval,short,Chronos-2,common_factor,4,0.2246605095,0.9161193163,0.967677814,1,4
GIFT-Short,GIFT-Eval,short,Timer-3.5,common_factor,4,0.2486539666,0.7996673663,0.9785764295,1,4
GIFT-Short,GIFT-Eval,short,Timer-4.0,common_factor,4,0.3110534655,0.7880529362,0.9784407446,1,4
GIFT-Short,GIFT-Eval,short,moirai2,common_factor,4,0.3055923461,0.7730811333,1.011998834,1,4
GIFT-Short,GIFT-Eval,short,timesfm2.5,common_factor,4,0.2784522209,0.8136105137,1.049639649,1,4
GIFT-Short,GIFT-Eval,short,tirex2,common_factor,4,0.2216176208,0.8206135784,1.005591451,1,4
GIFT-Short,GIFT-Eval,short,toto2.0,common_factor,4,0.2072621065,0.8759188891,1.043528608,1,4
GIFT-Short,GIFT-Eval,short,Chronos-2,common_factor,5,0.1734362388,0.9409902903,0.971756364,1,4
GIFT-Short,GIFT-Eval,short,Timer-3.5,common_factor,5,0.21352702,0.8329049077,0.9795862474,1,4
GIFT-Short,GIFT-Eval,short,Timer-4.0,common_factor,5,0.2653244747,0.8314502626,0.9792380166,1,4
GIFT-Short,GIFT-Eval,short,moirai2,common_factor,5,0.2645601835,0.8100838842,1.017040168,1,4
GIFT-Short,GIFT-Eval,short,timesfm2.5,common_factor,5,0.2212677253,0.8590064676,1.03676653,1,4
GIFT-Short,GIFT-Eval,short,tirex2,common_factor,5,0.1911664662,0.8433362107,1.003950107,1,4
GIFT-Short,GIFT-Eval,short,toto2.0,common_factor,5,0.1646628399,0.9055216577,1.038828704,1,4
GIFT-Short,GIFT-Eval,short,Chronos-2,covariate_impulse_response,1,0.7690228297,0.54678466,1.153061253,1,6
GIFT-Short,GIFT-Eval,short,Timer-3.5,covariate_impulse_response,1,0.7853293747,0.3588960411,1.09752158,1,6
GIFT-Short,GIFT-Eval,short,Timer-4.0,covariate_impulse_response,1,1.417448877,0.4583730093,1.802954248,1,6
GIFT-Short,GIFT-Eval,short,moirai2,covariate_impulse_response,1,0.8460903665,0.3667105342,1.089570411,1,6
GIFT-Short,GIFT-Eval,short,timesfm2.5,covariate_impulse_response,1,0.7513908007,0.4840600975,1.173707345,1,6
GIFT-Short,GIFT-Eval,short,tirex2,covariate_impulse_response,1,1.530211648,0.4915464706,1.99813039,1,6
GIFT-Short,GIFT-Eval,short,toto2.0,covariate_impulse_response,1,1.129890256,0.6127218219,1.619200591,1,6
GIFT-Short,GIFT-Eval,short,Chronos-2,covariate_impulse_response,2,0.7290261211,0.6552379938,1.178996467,1,6
GIFT-Short,GIFT-Eval,short,Timer-3.5,covariate_impulse_response,2,0.6774350434,0.4247279229,1.06490996,1,6
GIFT-Short,GIFT-Eval,short,Timer-4.0,covariate_impulse_response,2,1.001817456,0.5395767512,1.440857744,1,6
GIFT-Short,GIFT-Eval,short,moirai2,covariate_impulse_response,2,0.7471578138,0.3896135732,1.030390225,1,6
GIFT-Short,GIFT-Eval,short,timesfm2.5,covariate_impulse_response,2,0.5822868017,0.5226928585,1.066281479,1,6
GIFT-Short,GIFT-Eval,short,tirex2,covariate_impulse_response,2,1.049688481,0.5749073113,1.566290693,1,6
GIFT-Short,GIFT-Eval,short,toto2.0,covariate_impulse_response,2,0.7538918822,0.7037042186,1.337279585,1,6
GIFT-Short,GIFT-Eval,short,Chronos-2,covariate_impulse_response,3,0.5853828979,0.746962068,1.133464944,1,6
GIFT-Short,GIFT-Eval,short,Timer-3.5,covariate_impulse_response,3,0.5406287754,0.4921108117,0.9988868785,1,6
GIFT-Short,GIFT-Eval,short,Timer-4.0,covariate_impulse_response,3,0.7150463186,0.6203707201,1.232435119,1,6
GIFT-Short,GIFT-Eval,short,moirai2,covariate_impulse_response,3,0.6632276561,0.4137344972,0.9924146208,1,6
GIFT-Short,GIFT-Eval,short,timesfm2.5,covariate_impulse_response,3,0.475071424,0.5849975996,1.025700641,1,6
GIFT-Short,GIFT-Eval,short,tirex2,covariate_impulse_response,3,0.7387963839,0.6786485035,1.320083006,1,6
GIFT-Short,GIFT-Eval,short,toto2.0,covariate_impulse_response,3,0.5564357717,0.7920449876,1.220465481,1,6
GIFT-Short,GIFT-Eval,short,Chronos-2,covariate_impulse_response,4,0.5570141827,0.8169566794,1.157770584,1,6
GIFT-Short,GIFT-Eval,short,Timer-3.5,covariate_impulse_response,4,0.4300175578,0.5889184499,0.9719466479,1,6
GIFT-Short,GIFT-Eval,short,Timer-4.0,covariate_impulse_response,4,0.4768683316,0.7013118268,1.08613636,1,6
GIFT-Short,GIFT-Eval,short,moirai2,covariate_impulse_response,4,0.6131798159,0.4530999299,0.9676592382,1,6
GIFT-Short,GIFT-Eval,short,timesfm2.5,covariate_impulse_response,4,0.3819945529,0.6484047388,1.00970536,1,6
GIFT-Short,GIFT-Eval,short,tirex2,covariate_impulse_response,4,0.5334674327,0.7413860879,1.1717446,1,6
GIFT-Short,GIFT-Eval,short,toto2.0,covariate_impulse_response,4,0.4083925245,0.8477887681,1.127701133,1,6
GIFT-Short,GIFT-Eval,short,Chronos-2,covariate_impulse_response,5,0.4900158219,0.8725005883,1.137288787,1,6
GIFT-Short,GIFT-Eval,short,Timer-3.5,covariate_impulse_response,5,0.3368840774,0.6870202038,0.9608035557,1,6
GIFT-Short,GIFT-Eval,short,Timer-4.0,covariate_impulse_response,5,0.338448272,0.783262111,1.044296913,1,6
GIFT-Short,GIFT-Eval,short,moirai2,covariate_impulse_response,5,0.5523725332,0.5035241626,0.9351781193,1,6
GIFT-Short,GIFT-Eval,short,timesfm2.5,covariate_impulse_response,5,0.2838421511,0.7403471368,0.9942397878,1,6
GIFT-Short,GIFT-Eval,short,tirex2,covariate_impulse_response,5,0.3993588525,0.7912909622,1.086163044,1,6
GIFT-Short,GIFT-Eval,short,toto2.0,covariate_impulse_response,5,0.3109365238,0.8908024394,1.067870949,1,6
GIFT-Short,GIFT-Eval,short,Chronos-2,cross_series_dependence,1,0.8652064517,0.1985691127,1.134595041,0.8482222813,8
GIFT-Short,GIFT-Eval,short,Timer-3.5,cross_series_dependence,1,0.9286628027,0.1475153777,1.187452791,0.8482222813,8
GIFT-Short,GIFT-Eval,short,Timer-4.0,cross_series_dependence,1,0.8903682326,0.1662357919,1.162236637,0.8482222813,8
GIFT-Short,GIFT-Eval,short,moirai2,cross_series_dependence,1,0.8638277252,0.2171189453,1.164797502,0.8482222813,8
GIFT-Short,GIFT-Eval,short,timesfm2.5,cross_series_dependence,1,1.28164772,0.167802248,1.535397655,0.8482222813,8
GIFT-Short,GIFT-Eval,short,tirex2,cross_series_dependence,1,0.8757879851,0.1806569275,1.148126388,0.8482222813,8
GIFT-Short,GIFT-Eval,short,toto2.0,cross_series_dependence,1,1.442268513,0.1967310284,1.669953157,0.8482222813,8
GIFT-Short,GIFT-Eval,short,Chronos-2,cross_series_dependence,2,0.9550077199,0.1522899297,1.194572948,0.917311757,8
GIFT-Short,GIFT-Eval,short,Timer-3.5,cross_series_dependence,2,1.014161049,0.1320819261,1.253519006,0.917311757,8
GIFT-Short,GIFT-Eval,short,Timer-4.0,cross_series_dependence,2,1.002532617,0.1237993262,1.244000284,0.917311757,8
GIFT-Short,GIFT-Eval,short,moirai2,cross_series_dependence,2,0.9847249241,0.1450100038,1.241915418,0.917311757,8
GIFT-Short,GIFT-Eval,short,timesfm2.5,cross_series_dependence,2,1.22767315,0.1385220167,1.462590868,0.917311757,8
GIFT-Short,GIFT-Eval,short,tirex2,cross_series_dependence,2,0.9411833894,0.162740645,1.194127481,0.917311757,8
GIFT-Short,GIFT-Eval,short,toto2.0,cross_series_dependence,2,1.505362774,0.1692718333,1.700246479,0.917311757,8
GIFT-Short,GIFT-Eval,short,Chronos-2,cross_series_dependence,3,1.040336236,0.1629950265,1.254787655,0.9675164583,8
GIFT-Short,GIFT-Eval,short,Timer-3.5,cross_series_dependence,3,1.086506908,0.143096708,1.299936928,0.9675164583,8
GIFT-Short,GIFT-Eval,short,Timer-4.0,cross_series_dependence,3,1.123682226,0.1306199003,1.334355676,0.9675164583,8
GIFT-Short,GIFT-Eval,short,moirai2,cross_series_dependence,3,1.119986401,0.148216929,1.345243736,0.9675164583,8
GIFT-Short,GIFT-Eval,short,timesfm2.5,cross_series_dependence,3,1.192232297,0.1394920402,1.402568638,0.9675164583,8
GIFT-Short,GIFT-Eval,short,tirex2,cross_series_dependence,3,1.052941957,0.1631477747,1.270375642,0.9675164583,8
GIFT-Short,GIFT-Eval,short,toto2.0,cross_series_dependence,3,1.535749572,0.1918945137,1.71620441,0.9675164583,8
GIFT-Short,GIFT-Eval,short,Chronos-2,cross_series_dependence,4,1.038832489,0.151494443,1.252232165,0.9918172228,8
GIFT-Short,GIFT-Eval,short,Timer-3.5,cross_series_dependence,4,1.09812781,0.1379438143,1.307511445,0.9918172228,8
GIFT-Short,GIFT-Eval,short,Timer-4.0,cross_series_dependence,4,1.099506765,0.123174136,1.306363705,0.9918172228,8
GIFT-Short,GIFT-Eval,short,moirai2,cross_series_dependence,4,1.124281192,0.1353199396,1.338930794,0.9918172228,8
GIFT-Short,GIFT-Eval,short,timesfm2.5,cross_series_dependence,4,1.130294558,0.1402839476,1.348953964,0.9918172228,8
GIFT-Short,GIFT-Eval,short,tirex2,cross_series_dependence,4,1.08269106,0.1537698046,1.29212899,0.9918172228,8
GIFT-Short,GIFT-Eval,short,toto2.0,cross_series_dependence,4,1.449404018,0.1787773753,1.634358533,0.9918172228,8
GIFT-Short,GIFT-Eval,short,Chronos-2,cross_series_dependence,5,1.047006879,0.1428690071,1.269881267,0.9991695229,8
GIFT-Short,GIFT-Eval,short,Timer-3.5,cross_series_dependence,5,1.085808841,0.1299721943,1.300433461,0.9991695229,8
GIFT-Short,GIFT-Eval,short,Timer-4.0,cross_series_dependence,5,1.090057028,0.1242771193,1.301010765,0.9991695229,8
GIFT-Short,GIFT-Eval,short,moirai2,cross_series_dependence,5,1.126964685,0.1270726405,1.333044401,0.9991695229,8
GIFT-Short,GIFT-Eval,short,timesfm2.5,cross_series_dependence,5,1.101616394,0.142334719,1.322359939,0.9991695229,8
GIFT-Short,GIFT-Eval,short,tirex2,cross_series_dependence,5,1.070272703,0.1546345529,1.289083699,0.9991695229,8
GIFT-Short,GIFT-Eval,short,toto2.0,cross_series_dependence,5,1.366122192,0.1816316755,1.562388105,0.9991695229,8
GIFT-Short,GIFT-Eval,short,Chronos-2,multi_seasonal,1,0.7875317539,0.8149351938,1.158134838,0.9998821094,20
GIFT-Short,GIFT-Eval,short,Timer-3.5,multi_seasonal,1,0.8090733208,0.6535181224,0.9908069017,0.9998821094,20
GIFT-Short,GIFT-Eval,short,Timer-4.0,multi_seasonal,1,0.7745019733,0.7667045359,1.099373726,0.9998821094,20
GIFT-Short,GIFT-Eval,short,moirai2,multi_seasonal,1,0.920932175,0.5598316877,0.8899207338,0.9998821094,20
GIFT-Short,GIFT-Eval,short,timesfm2.5,multi_seasonal,1,0.6720402706,0.7132968184,0.8837288967,0.9998821094,20
GIFT-Short,GIFT-Eval,short,tirex2,multi_seasonal,1,0.7278803604,0.8342710398,1.146864224,0.9998821094,20
GIFT-Short,GIFT-Eval,short,toto2.0,multi_seasonal,1,0.548169047,0.9089345322,1.130194755,0.9998821094,20
GIFT-Short,GIFT-Eval,short,Chronos-2,multi_seasonal,2,0.700149349,0.7357105654,0.9676877414,0.9999984361,20
GIFT-Short,GIFT-Eval,short,Timer-3.5,multi_seasonal,2,0.9073662863,0.5481134492,0.9356501953,0.9999984361,20
GIFT-Short,GIFT-Eval,short,Timer-4.0,multi_seasonal,2,0.8635850981,0.6762242906,1.059881427,0.9999984361,20
GIFT-Short,GIFT-Eval,short,moirai2,multi_seasonal,2,0.9877003852,0.4362862974,0.7830087482,0.9999984361,20
GIFT-Short,GIFT-Eval,short,timesfm2.5,multi_seasonal,2,0.7603879008,0.6167121955,0.8124242666,0.9999984361,20
GIFT-Short,GIFT-Eval,short,tirex2,multi_seasonal,2,0.7912404593,0.7699014593,1.091406764,0.9999984361,20
GIFT-Short,GIFT-Eval,short,toto2.0,multi_seasonal,2,0.6060243457,0.8733160011,1.117802414,0.9999984361,20
GIFT-Short,GIFT-Eval,short,Chronos-2,multi_seasonal,3,0.7547083256,0.6646940558,0.9193321149,0.9999927016,20
GIFT-Short,GIFT-Eval,short,Timer-3.5,multi_seasonal,3,0.9589245116,0.4713693271,0.8826919662,0.9999927016,20
GIFT-Short,GIFT-Eval,short,Timer-4.0,multi_seasonal,3,0.9099605493,0.6049348094,1.015417893,0.9999927016,20
GIFT-Short,GIFT-Eval,short,moirai2,multi_seasonal,3,1.03478783,0.3572895952,0.7453182409,0.9999927016,20
GIFT-Short,GIFT-Eval,short,timesfm2.5,multi_seasonal,3,0.819356315,0.5399381445,0.7652225248,0.9999927016,20
GIFT-Short,GIFT-Eval,short,tirex2,multi_seasonal,3,0.8495302149,0.7078334979,1.057299016,0.9999927016,20
GIFT-Short,GIFT-Eval,short,toto2.0,multi_seasonal,3,0.6429048744,0.839936668,1.103403686,0.9999927016,20
GIFT-Short,GIFT-Eval,short,Chronos-2,multi_seasonal,4,0.8068871114,0.6091578095,0.8862828865,0.9999979148,20
GIFT-Short,GIFT-Eval,short,Timer-3.5,multi_seasonal,4,1.00956337,0.4201748071,0.8624591063,0.9999979148,20
GIFT-Short,GIFT-Eval,short,Timer-4.0,multi_seasonal,4,0.9819780274,0.5484279062,1.011780937,0.9999979148,20
GIFT-Short,GIFT-Eval,short,moirai2,multi_seasonal,4,1.044054964,0.3077189407,0.6916416117,0.9999979148,20
GIFT-Short,GIFT-Eval,short,timesfm2.5,multi_seasonal,4,0.8656417772,0.4839133654,0.7347501604,0.9999979148,20
GIFT-Short,GIFT-Eval,short,tirex2,multi_seasonal,4,0.906101717,0.6576893187,1.038788017,0.9999979148,20
GIFT-Short,GIFT-Eval,short,toto2.0,multi_seasonal,4,0.6769950719,0.8104625549,1.092668128,0.9999979148,20
GIFT-Short,GIFT-Eval,short,Chronos-2,multi_seasonal,5,0.8479802412,0.5592848757,0.8530314137,0.9999973934,20
GIFT-Short,GIFT-Eval,short,Timer-3.5,multi_seasonal,5,1.043540908,0.3772171095,0.8428704821,0.9999973934,20
GIFT-Short,GIFT-Eval,short,Timer-4.0,multi_seasonal,5,1.018863698,0.5009601977,0.9848605078,0.9999973934,20
GIFT-Short,GIFT-Eval,short,moirai2,multi_seasonal,5,1.063304965,0.273115258,0.6688355787,0.9999973934,20
GIFT-Short,GIFT-Eval,short,timesfm2.5,multi_seasonal,5,0.8908691687,0.4380945378,0.7004401855,0.9999973934,20
GIFT-Short,GIFT-Eval,short,tirex2,multi_seasonal,5,0.9457636996,0.6076729899,1.014656823,0.9999973934,20
GIFT-Short,GIFT-Eval,short,toto2.0,multi_seasonal,5,0.7098780183,0.7836564999,1.080397453,0.9999973934,20
GIFT-Short,GIFT-Eval,short,Chronos-2,predictable_intermittency,1,0.5990934213,0.7975776715,1.095212762,1,20
GIFT-Short,GIFT-Eval,short,Timer-3.5,predictable_intermittency,1,0.5988192733,0.7060647296,1.012970746,1,20
GIFT-Short,GIFT-Eval,short,Timer-4.0,predictable_intermittency,1,0.5737458843,0.7456352751,1.015959798,1,20
GIFT-Short,GIFT-Eval,short,moirai2,predictable_intermittency,1,0.7106344562,0.6458352642,1.03812689,1,20
GIFT-Short,GIFT-Eval,short,timesfm2.5,predictable_intermittency,1,0.5174759605,0.7680911,0.9660032865,1,20
GIFT-Short,GIFT-Eval,short,tirex2,predictable_intermittency,1,0.5710162609,0.7959069638,1.068010201,1,20
GIFT-Short,GIFT-Eval,short,toto2.0,predictable_intermittency,1,0.5302245498,0.809364072,1.051195637,1,20
GIFT-Short,GIFT-Eval,short,Chronos-2,predictable_intermittency,2,0.9184459592,0.6238094238,1.12712305,1,20
GIFT-Short,GIFT-Eval,short,Timer-3.5,predictable_intermittency,2,0.8370651591,0.4945629478,0.9470440557,1,20
GIFT-Short,GIFT-Eval,short,Timer-4.0,predictable_intermittency,2,0.8205879726,0.5635619619,0.9918923825,1,20
GIFT-Short,GIFT-Eval,short,moirai2,predictable_intermittency,2,0.9328843448,0.4136875661,0.9157310943,1,20
GIFT-Short,GIFT-Eval,short,timesfm2.5,predictable_intermittency,2,0.7637902641,0.5628539833,0.8971320806,1,20
GIFT-Short,GIFT-Eval,short,tirex2,predictable_intermittency,2,0.8627924763,0.6160291544,1.055165373,1,20
GIFT-Short,GIFT-Eval,short,toto2.0,predictable_intermittency,2,0.8283502283,0.6429120032,1.074800485,1,20
GIFT-Short,GIFT-Eval,short,Chronos-2,predictable_intermittency,3,0.905546998,0.4605457011,0.9487586125,1,20
GIFT-Short,GIFT-Eval,short,Timer-3.5,predictable_intermittency,3,0.9767842174,0.3011852416,0.8579148996,1,20
GIFT-Short,GIFT-Eval,short,Timer-4.0,predictable_intermittency,3,0.9814518268,0.3872640925,0.9626371745,1,20
GIFT-Short,GIFT-Eval,short,moirai2,predictable_intermittency,3,1.041280193,0.1981215526,0.7160332895,1,20
GIFT-Short,GIFT-Eval,short,timesfm2.5,predictable_intermittency,3,0.9049504446,0.3680641093,0.8167757633,1,20
GIFT-Short,GIFT-Eval,short,tirex2,predictable_intermittency,3,1.025082491,0.4803310559,1.076899443,1,20
GIFT-Short,GIFT-Eval,short,toto2.0,predictable_intermittency,3,1.044950893,0.5327065086,1.162307519,1,20
GIFT-Short,GIFT-Eval,short,Chronos-2,predictable_intermittency,4,1.004917662,0.3592781984,0.9567282635,1,20
GIFT-Short,GIFT-Eval,short,Timer-3.5,predictable_intermittency,4,1.035793618,0.1874870533,0.768691489,1,20
GIFT-Short,GIFT-Eval,short,Timer-4.0,predictable_intermittency,4,1.081630547,0.2674509677,0.9417067793,1,20
GIFT-Short,GIFT-Eval,short,moirai2,predictable_intermittency,4,1.053719725,0.111021832,0.5864399713,1,20
GIFT-Short,GIFT-Eval,short,timesfm2.5,predictable_intermittency,4,0.9396910362,0.2645267876,0.7290523142,1,20
GIFT-Short,GIFT-Eval,short,tirex2,predictable_intermittency,4,1.095889066,0.3503756972,1.024067934,1,20
GIFT-Short,GIFT-Eval,short,toto2.0,predictable_intermittency,4,1.08129753,0.4572318867,1.140310523,1,20
GIFT-Short,GIFT-Eval,short,Chronos-2,predictable_intermittency,5,1.097702885,0.1742801303,0.8055511465,1,20
GIFT-Short,GIFT-Eval,short,Timer-3.5,predictable_intermittency,5,1.123578715,0.1025164246,0.698487463,1,20
GIFT-Short,GIFT-Eval,short,Timer-4.0,predictable_intermittency,5,1.180276426,0.1396660134,0.8476137262,1,20
GIFT-Short,GIFT-Eval,short,moirai2,predictable_intermittency,5,1.088106489,0.0625807592,0.5156470747,1,20
GIFT-Short,GIFT-Eval,short,timesfm2.5,predictable_intermittency,5,1.060857617,0.1267120652,0.6577461079,1,20
GIFT-Short,GIFT-Eval,short,tirex2,predictable_intermittency,5,1.307664895,0.1921020287,1.037836226,1,20
GIFT-Short,GIFT-Eval,short,toto2.0,predictable_intermittency,5,1.292600243,0.2359717833,1.114478986,1,20
GIFT-Short,GIFT-Eval,short,Chronos-2,regime_switching,1,0.06689295493,0.8736006623,1.005411482,1,20
GIFT-Short,GIFT-Eval,short,Timer-3.5,regime_switching,1,0.07625196161,0.8672165595,0.9911898987,1,20
GIFT-Short,GIFT-Eval,short,Timer-4.0,regime_switching,1,0.09034056885,0.8719890917,1.01066546,1,20
GIFT-Short,GIFT-Eval,short,moirai2,regime_switching,1,0.09757207373,0.8596481251,1.010566854,1,20
GIFT-Short,GIFT-Eval,short,timesfm2.5,regime_switching,1,0.06273708887,0.8708462116,0.9995403053,1,20
GIFT-Short,GIFT-Eval,short,tirex2,regime_switching,1,0.0370835565,0.8743640283,1.001614505,1,20
GIFT-Short,GIFT-Eval,short,toto2.0,regime_switching,1,0.1079583489,0.8702940232,1.030708214,1,20
GIFT-Short,GIFT-Eval,short,Chronos-2,regime_switching,2,0.08000265935,0.8733565307,1.011031257,1,20
GIFT-Short,GIFT-Eval,short,Timer-3.5,regime_switching,2,0.1028232261,0.8598172231,0.9874246988,1,20
GIFT-Short,GIFT-Eval,short,Timer-4.0,regime_switching,2,0.1006509044,0.8708645405,1.007524132,1,20
GIFT-Short,GIFT-Eval,short,moirai2,regime_switching,2,0.1160139933,0.8505245198,1.007477921,1,20
GIFT-Short,GIFT-Eval,short,timesfm2.5,regime_switching,2,0.07191599344,0.8672525701,1.000776554,1,20
GIFT-Short,GIFT-Eval,short,tirex2,regime_switching,2,0.0431019204,0.8735559145,0.9987396946,1,20
GIFT-Short,GIFT-Eval,short,toto2.0,regime_switching,2,0.1235819177,0.8696854782,1.036667013,1,20
GIFT-Short,GIFT-Eval,short,Chronos-2,regime_switching,3,0.08372877615,0.8710154424,1.006122995,1,20
GIFT-Short,GIFT-Eval,short,Timer-3.5,regime_switching,3,0.1237062868,0.8546092099,0.9871875413,1,20
GIFT-Short,GIFT-Eval,short,Timer-4.0,regime_switching,3,0.1086090121,0.8678612957,1.003416276,1,20
GIFT-Short,GIFT-Eval,short,moirai2,regime_switching,3,0.1339291925,0.8462377527,1.002885774,1,20
GIFT-Short,GIFT-Eval,short,timesfm2.5,regime_switching,3,0.08083969426,0.8675391034,0.9931354372,1,20
GIFT-Short,GIFT-Eval,short,tirex2,regime_switching,3,0.05590881258,0.8735662779,0.996241675,1,20
GIFT-Short,GIFT-Eval,short,toto2.0,regime_switching,3,0.1389725702,0.8689600029,1.0377535,1,20
GIFT-Short,GIFT-Eval,short,Chronos-2,regime_switching,4,0.1051279314,0.8697437546,1.007113496,1,20
GIFT-Short,GIFT-Eval,short,Timer-3.5,regime_switching,4,0.1554270015,0.8487823294,0.9764298067,1,20
GIFT-Short,GIFT-Eval,short,Timer-4.0,regime_switching,4,0.1167573788,0.8642128305,0.9946866142,1,20
GIFT-Short,GIFT-Eval,short,moirai2,regime_switching,4,0.1459307454,0.8383945922,0.9947165824,1,20
GIFT-Short,GIFT-Eval,short,timesfm2.5,regime_switching,4,0.09255400617,0.8616116304,0.9953431545,1,20
GIFT-Short,GIFT-Eval,short,tirex2,regime_switching,4,0.08059312696,0.8713872285,0.9934638445,1,20
GIFT-Short,GIFT-Eval,short,toto2.0,regime_switching,4,0.1548116677,0.8675429239,1.039063703,1,20
GIFT-Short,GIFT-Eval,short,Chronos-2,regime_switching,5,0.1461731121,0.5067722111,0.9960745366,1,20
GIFT-Short,GIFT-Eval,short,Timer-3.5,regime_switching,5,0.2064771895,0.3638144311,0.9496625818,1,20
GIFT-Short,GIFT-Eval,short,Timer-4.0,regime_switching,5,0.1763738567,0.4199852123,0.9701313233,1,20
GIFT-Short,GIFT-Eval,short,moirai2,regime_switching,5,0.1773539251,0.3920832756,0.9693126863,1,20
GIFT-Short,GIFT-Eval,short,timesfm2.5,regime_switching,5,0.1467269852,0.3865453441,0.9742005723,1,20
GIFT-Short,GIFT-Eval,short,tirex2,regime_switching,5,0.137471239,0.4615773234,0.9733520782,1,20
GIFT-Short,GIFT-Eval,short,toto2.0,regime_switching,5,0.1966146557,0.5018030476,1.037560894,1,20
GIFT-Short,GIFT-Eval,short,Chronos-2,time_varying_seasonality,1,0.7356409148,0.6434607651,1.164400295,0.9585974539,19
GIFT-Short,GIFT-Eval,short,Timer-3.5,time_varying_seasonality,1,0.8356867776,0.5624378463,1.133399905,0.9585974539,19
GIFT-Short,GIFT-Eval,short,Timer-4.0,time_varying_seasonality,1,0.7709546276,0.5811049926,1.113193096,0.9585974539,19
GIFT-Short,GIFT-Eval,short,moirai2,time_varying_seasonality,1,0.8514649996,0.4211708923,0.9756882612,0.9585974539,19
GIFT-Short,GIFT-Eval,short,timesfm2.5,time_varying_seasonality,1,0.9138657645,0.5664117062,1.199761977,0.9585974539,19
GIFT-Short,GIFT-Eval,short,tirex2,time_varying_seasonality,1,0.7858061521,0.6444301485,1.200315445,0.9585974539,19
GIFT-Short,GIFT-Eval,short,toto2.0,time_varying_seasonality,1,0.9293212645,0.6865901774,1.386444752,0.9585974539,19
GIFT-Short,GIFT-Eval,short,Chronos-2,time_varying_seasonality,2,0.6046903519,0.7064464219,1.108583896,0.9631884037,19
GIFT-Short,GIFT-Eval,short,Timer-3.5,time_varying_seasonality,2,0.7260926199,0.6133983711,1.098530036,0.9631884037,19
GIFT-Short,GIFT-Eval,short,Timer-4.0,time_varying_seasonality,2,0.7131169331,0.6416412436,1.132980796,0.9631884037,19
GIFT-Short,GIFT-Eval,short,moirai2,time_varying_seasonality,2,0.7555531311,0.4607530721,0.9660481519,0.9631884037,19
GIFT-Short,GIFT-Eval,short,timesfm2.5,time_varying_seasonality,2,0.7657694717,0.6334800465,1.144983293,0.9631884037,19
GIFT-Short,GIFT-Eval,short,tirex2,time_varying_seasonality,2,0.6522567194,0.7013575015,1.137282447,0.9631884037,19
GIFT-Short,GIFT-Eval,short,toto2.0,time_varying_seasonality,2,0.687418823,0.7537242055,1.235055577,0.9631884037,19
GIFT-Short,GIFT-Eval,short,Chronos-2,time_varying_seasonality,3,0.5244674708,0.759039768,1.085677683,0.9991585547,19
GIFT-Short,GIFT-Eval,short,Timer-3.5,time_varying_seasonality,3,0.6816658566,0.6433727232,1.102066577,0.9991585547,19
GIFT-Short,GIFT-Eval,short,Timer-4.0,time_varying_seasonality,3,0.6438663047,0.6940442643,1.11117285,0.9991585547,19
GIFT-Short,GIFT-Eval,short,moirai2,time_varying_seasonality,3,0.7787413873,0.5234169548,1.101762194,0.9991585547,19
GIFT-Short,GIFT-Eval,short,timesfm2.5,time_varying_seasonality,3,0.6899000026,0.6603058586,1.136428085,0.9991585547,19
GIFT-Short,GIFT-Eval,short,tirex2,time_varying_seasonality,3,0.5635433244,0.7436203817,1.109968398,0.9991585547,19
GIFT-Short,GIFT-Eval,short,toto2.0,time_varying_seasonality,3,0.5291905382,0.8037215388,1.14317212,0.9991585547,19
GIFT-Short,GIFT-Eval,short,Chronos-2,time_varying_seasonality,4,0.4310514567,0.8063919655,1.06052868,0.9996189495,19
GIFT-Short,GIFT-Eval,short,Timer-3.5,time_varying_seasonality,4,0.6037638964,0.6982449513,1.089176244,0.9996189495,19
GIFT-Short,GIFT-Eval,short,Timer-4.0,time_varying_seasonality,4,0.5417847962,0.7541140452,1.08579183,0.9996189495,19
GIFT-Short,GIFT-Eval,short,moirai2,time_varying_seasonality,4,0.6955853061,0.5740486573,1.100131167,0.9996189495,19
GIFT-Short,GIFT-Eval,short,timesfm2.5,time_varying_seasonality,4,0.5740748955,0.72283396,1.109910089,0.9996189495,19
GIFT-Short,GIFT-Eval,short,tirex2,time_varying_seasonality,4,0.4829072685,0.7825985449,1.092661444,0.9996189495,19
GIFT-Short,GIFT-Eval,short,toto2.0,time_varying_seasonality,4,0.4009987202,0.8441524754,1.087120666,0.9996189495,19
GIFT-Short,GIFT-Eval,short,Chronos-2,time_varying_seasonality,5,0.3515406793,0.8464406076,1.048343454,0.9999677917,19
GIFT-Short,GIFT-Eval,short,Timer-3.5,time_varying_seasonality,5,0.5244511983,0.7419943707,1.069283922,0.9999677917,19
GIFT-Short,GIFT-Eval,short,Timer-4.0,time_varying_seasonality,5,0.444937896,0.8017993195,1.056489878,0.9999677917,19
GIFT-Short,GIFT-Eval,short,moirai2,time_varying_seasonality,5,0.6210750182,0.6226747073,1.096324685,0.9999677917,19
GIFT-Short,GIFT-Eval,short,timesfm2.5,time_varying_seasonality,5,0.4534758722,0.7841993316,1.069076365,0.9999677917,19
GIFT-Short,GIFT-Eval,short,tirex2,time_varying_seasonality,5,0.4169528792,0.8160908629,1.078714289,0.9999677917,19
GIFT-Short,GIFT-Eval,short,toto2.0,time_varying_seasonality,5,0.3090582329,0.8772176769,1.053180302,0.9999677917,19
GIFT-Short,GIFT-Eval,short,Chronos-2,trend,1,0.1000231546,0.1014805859,0.9920077713,1,18
GIFT-Short,GIFT-Eval,short,Timer-3.5,trend,1,0.3169726495,-0.1569292784,1.039003808,1,18
GIFT-Short,GIFT-Eval,short,Timer-4.0,trend,1,0.4432351876,-0.1044955707,1.206392492,1,18
GIFT-Short,GIFT-Eval,short,moirai2,trend,1,0.2690506675,-0.23449803,0.987299708,1,18
GIFT-Short,GIFT-Eval,short,timesfm2.5,trend,1,0.3478260294,-0.04506423595,1.112122333,1,18
GIFT-Short,GIFT-Eval,short,tirex2,trend,1,0.2830419966,0.1586216935,1.10887929,1,18
GIFT-Short,GIFT-Eval,short,toto2.0,trend,1,0.3884657121,0.02643743925,1.183262493,1,18
GIFT-Short,GIFT-Eval,short,Chronos-2,trend,2,0.08919600512,0.1391734835,0.9922604467,1,18
GIFT-Short,GIFT-Eval,short,Timer-3.5,trend,2,0.2676918263,-0.1273075149,1.021533612,1,18
GIFT-Short,GIFT-Eval,short,Timer-4.0,trend,2,0.3712584113,-0.1039880615,1.152922319,1,18
GIFT-Short,GIFT-Eval,short,moirai2,trend,2,0.2405324217,-0.1969219934,0.9774142851,1,18
GIFT-Short,GIFT-Eval,short,timesfm2.5,trend,2,0.2525558559,-0.008726365119,1.045026421,1,18
GIFT-Short,GIFT-Eval,short,tirex2,trend,2,0.3153531492,0.1882629571,1.146904907,1,18
GIFT-Short,GIFT-Eval,short,toto2.0,trend,2,0.274447022,0.06389614674,1.098368101,1,18
GIFT-Short,GIFT-Eval,short,Chronos-2,trend,3,0.07915376117,0.1679454917,0.9940962598,1,18
GIFT-Short,GIFT-Eval,short,Timer-3.5,trend,3,0.2393316006,-0.05223916432,1.010664893,1,18
GIFT-Short,GIFT-Eval,short,Timer-4.0,trend,3,0.2891897381,-0.08218353976,1.09102958,1,18
GIFT-Short,GIFT-Eval,short,moirai2,trend,3,0.2112304356,-0.1366146372,0.9661462519,1,18
GIFT-Short,GIFT-Eval,short,timesfm2.5,trend,3,0.1976465936,0.02982656295,1.014129815,1,18
GIFT-Short,GIFT-Eval,short,tirex2,trend,3,0.2951328343,0.2294619647,1.138439198,1,18
GIFT-Short,GIFT-Eval,short,toto2.0,trend,3,0.2159469379,0.1166275059,1.061923932,1,18
GIFT-Short,GIFT-Eval,short,Chronos-2,trend,4,0.07271102724,0.2253177226,0.9953617967,1,18
GIFT-Short,GIFT-Eval,short,Timer-3.5,trend,4,0.2151139462,0.02408721475,1.004665878,1,18
GIFT-Short,GIFT-Eval,short,Timer-4.0,trend,4,0.2237267401,-0.05177976048,1.047014176,1,18
GIFT-Short,GIFT-Eval,short,moirai2,trend,4,0.1869480211,-0.09823504254,0.9648407543,1,18
GIFT-Short,GIFT-Eval,short,timesfm2.5,trend,4,0.1548848986,0.0706091118,0.9986455018,1,18
GIFT-Short,GIFT-Eval,short,tirex2,trend,4,0.2217043265,0.2631330029,1.07923267,1,18
GIFT-Short,GIFT-Eval,short,toto2.0,trend,4,0.1717393161,0.1685197038,1.037009775,1,18
GIFT-Short,GIFT-Eval,short,Chronos-2,trend,5,0.0693285987,0.2937510557,0.9967415135,1,18
GIFT-Short,GIFT-Eval,short,Timer-3.5,trend,5,0.1761905785,0.0470154287,0.9926057396,1,18
GIFT-Short,GIFT-Eval,short,Timer-4.0,trend,5,0.1790594177,-0.02100569605,1.023172033,1,18
GIFT-Short,GIFT-Eval,short,moirai2,trend,5,0.1670329659,-0.08033712367,0.9653501006,1,18
GIFT-Short,GIFT-Eval,short,timesfm2.5,trend,5,0.1250125793,0.1071716229,0.9929517827,1,18
GIFT-Short,GIFT-Eval,short,tirex2,trend,5,0.1659501431,0.3110547155,1.039103612,1,18
GIFT-Short,GIFT-Eval,short,toto2.0,trend,5,0.1653490336,0.2227266704,1.038788329,1,18
