experiment_id,suite,benchmark,horizon_group,suite_order,capability_id,capability_level,left_model_id,metric,paired_task_bootstrap_95_ci_lower,paired_task_bootstrap_95_ci_upper,paired_task_count,right_model_id,task_equal_mean_difference_left_minus_right,significant_uncorrected,better_model_id
gift-v15-short-qualified-feasible-seed2026082701,GIFT-Short,GIFT-Eval,short,0,common_factor,1,Chronos-2,capability_effect_nrmse,-0.1354931897,-0.02652671369,4,Timer-3.5,-0.09013709204,True,Chronos-2
gift-v15-short-qualified-feasible-seed2026082701,GIFT-Short,GIFT-Eval,short,0,common_factor,1,Chronos-2,capability_effect_nrmse,-0.2559060009,-0.03282000845,4,moirai2,-0.1322556461,True,Chronos-2
gift-v15-short-qualified-feasible-seed2026082701,GIFT-Short,GIFT-Eval,short,0,common_factor,1,Chronos-2,capability_effect_nrmse,-0.2927804461,-0.01859153083,4,timesfm2.5,-0.1312647816,True,Chronos-2
gift-v15-short-qualified-feasible-seed2026082701,GIFT-Short,GIFT-Eval,short,0,common_factor,1,Chronos-2,capability_effect_nrmse,-0.09651886904,0.04864398487,4,tirex2,-0.01513633461,False,
gift-v15-short-qualified-feasible-seed2026082701,GIFT-Short,GIFT-Eval,short,0,common_factor,1,Chronos-2,capability_effect_nrmse,-0.5069076873,0.03109436551,4,toto2.0,-0.1603824585,False,
gift-v15-short-qualified-feasible-seed2026082701,GIFT-Short,GIFT-Eval,short,0,common_factor,1,Timer-3.5,capability_effect_nrmse,-0.2293792872,0.09628326024,4,moirai2,-0.04211855401,False,
gift-v15-short-qualified-feasible-seed2026082701,GIFT-Short,GIFT-Eval,short,0,common_factor,1,Timer-3.5,capability_effect_nrmse,-0.2682367459,0.08979984193,4,timesfm2.5,-0.04112768958,False,
gift-v15-short-qualified-feasible-seed2026082701,GIFT-Short,GIFT-Eval,short,0,common_factor,1,Timer-3.5,capability_effect_nrmse,0.0262488271,0.1235131767,4,tirex2,0.07500075743,True,tirex2
gift-v15-short-qualified-feasible-seed2026082701,GIFT-Short,GIFT-Eval,short,0,common_factor,1,Timer-3.5,capability_effect_nrmse,-0.3924916618,0.1478113157,4,toto2.0,-0.07024536644,False,
gift-v15-short-qualified-feasible-seed2026082701,GIFT-Short,GIFT-Eval,short,0,common_factor,1,moirai2,capability_effect_nrmse,-0.06464347593,0.06662520479,4,timesfm2.5,0.0009908644288,False,
gift-v15-short-qualified-feasible-seed2026082701,GIFT-Short,GIFT-Eval,short,0,common_factor,1,moirai2,capability_effect_nrmse,-0.04609664563,0.2918940622,4,tirex2,0.1171193114,False,
gift-v15-short-qualified-feasible-seed2026082701,GIFT-Short,GIFT-Eval,short,0,common_factor,1,moirai2,capability_effect_nrmse,-0.3992320267,0.2492501303,4,toto2.0,-0.02812681243,False,
gift-v15-short-qualified-feasible-seed2026082701,GIFT-Short,GIFT-Eval,short,0,common_factor,1,timesfm2.5,capability_effect_nrmse,-0.02175794766,0.3227884337,4,tirex2,0.116128447,False,
gift-v15-short-qualified-feasible-seed2026082701,GIFT-Short,GIFT-Eval,short,0,common_factor,1,timesfm2.5,capability_effect_nrmse,-0.4574376895,0.2942179055,4,toto2.0,-0.02911767686,False,
gift-v15-short-qualified-feasible-seed2026082701,GIFT-Short,GIFT-Eval,short,0,common_factor,1,tirex2,capability_effect_nrmse,-0.524716948,0.09762470109,4,toto2.0,-0.1452461239,False,
gift-v15-short-qualified-feasible-seed2026082701,GIFT-Short,GIFT-Eval,short,0,common_factor,2,Chronos-2,capability_effect_nrmse,-0.1282068186,0.04513634236,4,Timer-3.5,-0.04654360523,False,
gift-v15-short-qualified-feasible-seed2026082701,GIFT-Short,GIFT-Eval,short,0,common_factor,2,Chronos-2,capability_effect_nrmse,-0.1976536517,-0.03863830301,4,moirai2,-0.1024839824,True,Chronos-2
gift-v15-short-qualified-feasible-seed2026082701,GIFT-Short,GIFT-Eval,short,0,common_factor,2,Chronos-2,capability_effect_nrmse,-0.1757369253,-0.005727972184,4,timesfm2.5,-0.09073244874,True,Chronos-2
gift-v15-short-qualified-feasible-seed2026082701,GIFT-Short,GIFT-Eval,short,0,common_factor,2,Chronos-2,capability_effect_nrmse,-0.08912992195,0.07029113483,4,tirex2,-0.0009869841681,False,
gift-v15-short-qualified-feasible-seed2026082701,GIFT-Short,GIFT-Eval,short,0,common_factor,2,Chronos-2,capability_effect_nrmse,-0.2318438791,0.1072525541,4,toto2.0,-0.04996513179,False,
gift-v15-short-qualified-feasible-seed2026082701,GIFT-Short,GIFT-Eval,short,0,common_factor,2,Timer-3.5,capability_effect_nrmse,-0.2351094499,0.06445250241,4,moirai2,-0.05594037716,False,
gift-v15-short-qualified-feasible-seed2026082701,GIFT-Short,GIFT-Eval,short,0,common_factor,2,Timer-3.5,capability_effect_nrmse,-0.2119519318,0.05083236729,4,timesfm2.5,-0.0441888435,False,
gift-v15-short-qualified-feasible-seed2026082701,GIFT-Short,GIFT-Eval,short,0,common_factor,2,Timer-3.5,capability_effect_nrmse,0.005369140045,0.09449009355,4,tirex2,0.04555662106,True,tirex2
gift-v15-short-qualified-feasible-seed2026082701,GIFT-Short,GIFT-Eval,short,0,common_factor,2,Timer-3.5,capability_effect_nrmse,-0.2032154343,0.1106074697,4,toto2.0,-0.003421526564,False,
gift-v15-short-qualified-feasible-seed2026082701,GIFT-Short,GIFT-Eval,short,0,common_factor,2,moirai2,capability_effect_nrmse,-0.04922928477,0.05163775032,4,timesfm2.5,0.01175153366,False,
gift-v15-short-qualified-feasible-seed2026082701,GIFT-Short,GIFT-Eval,short,0,common_factor,2,moirai2,capability_effect_nrmse,-0.03127755167,0.245921124,4,tirex2,0.1014969982,False,
gift-v15-short-qualified-feasible-seed2026082701,GIFT-Short,GIFT-Eval,short,0,common_factor,2,moirai2,capability_effect_nrmse,-0.19200222,0.3049062058,4,toto2.0,0.0525188506,False,
gift-v15-short-qualified-feasible-seed2026082701,GIFT-Short,GIFT-Eval,short,0,common_factor,2,timesfm2.5,capability_effect_nrmse,-0.005304558746,0.222763606,4,tirex2,0.08974546457,False,
gift-v15-short-qualified-feasible-seed2026082701,GIFT-Short,GIFT-Eval,short,0,common_factor,2,timesfm2.5,capability_effect_nrmse,-0.2401965361,0.2897112379,4,toto2.0,0.04076731694,False,
gift-v15-short-qualified-feasible-seed2026082701,GIFT-Short,GIFT-Eval,short,0,common_factor,2,tirex2,capability_effect_nrmse,-0.2985111349,0.09304445898,4,toto2.0,-0.04897814763,False,
gift-v15-short-qualified-feasible-seed2026082701,GIFT-Short,GIFT-Eval,short,0,common_factor,3,Chronos-2,capability_effect_nrmse,-0.1113614552,0.08483168776,4,Timer-3.5,-0.01957770489,False,
gift-v15-short-qualified-feasible-seed2026082701,GIFT-Short,GIFT-Eval,short,0,common_factor,3,Chronos-2,capability_effect_nrmse,-0.1434347524,-0.02091479025,4,moirai2,-0.07520249749,True,Chronos-2
gift-v15-short-qualified-feasible-seed2026082701,GIFT-Short,GIFT-Eval,short,0,common_factor,3,Chronos-2,capability_effect_nrmse,-0.1163203109,-0.0009208463764,4,timesfm2.5,-0.05864115702,True,Chronos-2
gift-v15-short-qualified-feasible-seed2026082701,GIFT-Short,GIFT-Eval,short,0,common_factor,3,Chronos-2,capability_effect_nrmse,-0.06079634665,0.10744766,4,tirex2,0.02159708076,False,
gift-v15-short-qualified-feasible-seed2026082701,GIFT-Short,GIFT-Eval,short,0,common_factor,3,Chronos-2,capability_effect_nrmse,-0.1120694831,0.1567692261,4,toto2.0,0.01518346079,False,
gift-v15-short-qualified-feasible-seed2026082701,GIFT-Short,GIFT-Eval,short,0,common_factor,3,Timer-3.5,capability_effect_nrmse,-0.2160958094,0.05134946472,4,moirai2,-0.0556247926,False,
gift-v15-short-qualified-feasible-seed2026082701,GIFT-Short,GIFT-Eval,short,0,common_factor,3,Timer-3.5,capability_effect_nrmse,-0.1833250019,0.03489330138,4,timesfm2.5,-0.03906345213,False,
gift-v15-short-qualified-feasible-seed2026082701,GIFT-Short,GIFT-Eval,short,0,common_factor,3,Timer-3.5,capability_effect_nrmse,0.007741070383,0.08066407034,4,tirex2,0.04117478565,True,tirex2
gift-v15-short-qualified-feasible-seed2026082701,GIFT-Short,GIFT-Eval,short,0,common_factor,3,Timer-3.5,capability_effect_nrmse,-0.06999313617,0.1021872405,4,toto2.0,0.03476116568,False,
gift-v15-short-qualified-feasible-seed2026082701,GIFT-Short,GIFT-Eval,short,0,common_factor,3,moirai2,capability_effect_nrmse,-0.02058690897,0.0486952203,4,timesfm2.5,0.01656134047,False,
gift-v15-short-qualified-feasible-seed2026082701,GIFT-Short,GIFT-Eval,short,0,common_factor,3,moirai2,capability_effect_nrmse,-0.01463192362,0.2229167312,4,tirex2,0.09679957825,False,
gift-v15-short-qualified-feasible-seed2026082701,GIFT-Short,GIFT-Eval,short,0,common_factor,3,moirai2,capability_effect_nrmse,-0.06429816533,0.3002273258,4,toto2.0,0.09038595828,False,
gift-v15-short-qualified-feasible-seed2026082701,GIFT-Short,GIFT-Eval,short,0,common_factor,3,timesfm2.5,capability_effect_nrmse,0.0009406157329,0.1901459237,4,tirex2,0.08023823778,True,tirex2
gift-v15-short-qualified-feasible-seed2026082701,GIFT-Short,GIFT-Eval,short,0,common_factor,3,timesfm2.5,capability_effect_nrmse,-0.0976624127,0.2683350124,4,toto2.0,0.07382461781,False,
gift-v15-short-qualified-feasible-seed2026082701,GIFT-Short,GIFT-Eval,short,0,common_factor,3,tirex2,capability_effect_nrmse,-0.1472905866,0.08470668919,4,toto2.0,-0.006413619971,False,
gift-v15-short-qualified-feasible-seed2026082701,GIFT-Short,GIFT-Eval,short,0,common_factor,4,Chronos-2,capability_effect_nrmse,-0.09885793164,0.05911008157,4,Timer-3.5,-0.02399345717,False,
gift-v15-short-qualified-feasible-seed2026082701,GIFT-Short,GIFT-Eval,short,0,common_factor,4,Chronos-2,capability_effect_nrmse,-0.138587654,-0.02256379074,4,moirai2,-0.0809318366,True,Chronos-2
gift-v15-short-qualified-feasible-seed2026082701,GIFT-Short,GIFT-Eval,short,0,common_factor,4,Chronos-2,capability_effect_nrmse,-0.1009353047,0.002414760043,4,timesfm2.5,-0.05379171147,False,
gift-v15-short-qualified-feasible-seed2026082701,GIFT-Short,GIFT-Eval,short,0,common_factor,4,Chronos-2,capability_effect_nrmse,-0.06377041432,0.05806395334,4,tirex2,0.003042888678,False,
gift-v15-short-qualified-feasible-seed2026082701,GIFT-Short,GIFT-Eval,short,0,common_factor,4,Chronos-2,capability_effect_nrmse,-0.06446635065,0.1206605833,4,toto2.0,0.01739840296,False,
gift-v15-short-qualified-feasible-seed2026082701,GIFT-Short,GIFT-Eval,short,0,common_factor,4,Timer-3.5,capability_effect_nrmse,-0.1937686293,0.03511121676,4,moirai2,-0.05693837943,False,
gift-v15-short-qualified-feasible-seed2026082701,GIFT-Short,GIFT-Eval,short,0,common_factor,4,Timer-3.5,capability_effect_nrmse,-0.1444618724,0.03511763063,4,timesfm2.5,-0.02979825429,False,
gift-v15-short-qualified-feasible-seed2026082701,GIFT-Short,GIFT-Eval,short,0,common_factor,4,Timer-3.5,capability_effect_nrmse,-0.01058146125,0.07072973372,4,tirex2,0.02703634585,False,
gift-v15-short-qualified-feasible-seed2026082701,GIFT-Short,GIFT-Eval,short,0,common_factor,4,Timer-3.5,capability_effect_nrmse,-0.005774743954,0.08637446788,4,toto2.0,0.04139186013,False,
gift-v15-short-qualified-feasible-seed2026082701,GIFT-Short,GIFT-Eval,short,0,common_factor,4,moirai2,capability_effect_nrmse,-0.005011992416,0.05929224268,4,timesfm2.5,0.02714012513,False,
gift-v15-short-qualified-feasible-seed2026082701,GIFT-Short,GIFT-Eval,short,0,common_factor,4,moirai2,capability_effect_nrmse,-0.01152979194,0.1794792425,4,tirex2,0.08397472528,False,
gift-v15-short-qualified-feasible-seed2026082701,GIFT-Short,GIFT-Eval,short,0,common_factor,4,moirai2,capability_effect_nrmse,0.007646303086,0.2533522873,4,toto2.0,0.09833023956,True,toto2.0
gift-v15-short-qualified-feasible-seed2026082701,GIFT-Short,GIFT-Eval,short,0,common_factor,4,timesfm2.5,capability_effect_nrmse,-0.00651779952,0.1375111938,4,tirex2,0.05683460015,False,
gift-v15-short-qualified-feasible-seed2026082701,GIFT-Short,GIFT-Eval,short,0,common_factor,4,timesfm2.5,capability_effect_nrmse,-0.03424592157,0.2088121441,4,toto2.0,0.07119011442,False,
gift-v15-short-qualified-feasible-seed2026082701,GIFT-Short,GIFT-Eval,short,0,common_factor,4,tirex2,capability_effect_nrmse,-0.07778296629,0.07936942465,4,toto2.0,0.01435551428,False,
gift-v15-short-qualified-feasible-seed2026082701,GIFT-Short,GIFT-Eval,short,0,common_factor,5,Chronos-2,capability_effect_nrmse,-0.09127986712,0.01109830468,4,Timer-3.5,-0.04009078122,False,
gift-v15-short-qualified-feasible-seed2026082701,GIFT-Short,GIFT-Eval,short,0,common_factor,5,Chronos-2,capability_effect_nrmse,-0.1632073866,-0.02716967904,4,moirai2,-0.09112394475,True,Chronos-2
gift-v15-short-qualified-feasible-seed2026082701,GIFT-Short,GIFT-Eval,short,0,common_factor,5,Chronos-2,capability_effect_nrmse,-0.09840197775,0.002739004803,4,timesfm2.5,-0.04783148647,False,
gift-v15-short-qualified-feasible-seed2026082701,GIFT-Short,GIFT-Eval,short,0,common_factor,5,Chronos-2,capability_effect_nrmse,-0.06320007966,0.01429918575,4,tirex2,-0.01773022746,False,
gift-v15-short-qualified-feasible-seed2026082701,GIFT-Short,GIFT-Eval,short,0,common_factor,5,Chronos-2,capability_effect_nrmse,-0.0296589724,0.05339778894,4,toto2.0,0.008773398907,False,
gift-v15-short-qualified-feasible-seed2026082701,GIFT-Short,GIFT-Eval,short,0,common_factor,5,Timer-3.5,capability_effect_nrmse,-0.1675527532,0.02176044815,4,moirai2,-0.05103316352,False,
gift-v15-short-qualified-feasible-seed2026082701,GIFT-Short,GIFT-Eval,short,0,common_factor,5,Timer-3.5,capability_effect_nrmse,-0.1080373816,0.05599108612,4,timesfm2.5,-0.00774070525,False,
gift-v15-short-qualified-feasible-seed2026082701,GIFT-Short,GIFT-Eval,short,0,common_factor,5,Timer-3.5,capability_effect_nrmse,-0.01999688973,0.07452053025,4,tirex2,0.02236055376,False,
gift-v15-short-qualified-feasible-seed2026082701,GIFT-Short,GIFT-Eval,short,0,common_factor,5,Timer-3.5,capability_effect_nrmse,0.02997461081,0.0719478135,4,toto2.0,0.04886418013,True,toto2.0
gift-v15-short-qualified-feasible-seed2026082701,GIFT-Short,GIFT-Eval,short,0,common_factor,5,moirai2,capability_effect_nrmse,0.009180665948,0.0774042506,4,timesfm2.5,0.04329245827,True,timesfm2.5
gift-v15-short-qualified-feasible-seed2026082701,GIFT-Short,GIFT-Eval,short,0,common_factor,5,moirai2,capability_effect_nrmse,-0.007085493025,0.1538729276,4,tirex2,0.07339371729,False,
gift-v15-short-qualified-feasible-seed2026082701,GIFT-Short,GIFT-Eval,short,0,common_factor,5,moirai2,capability_effect_nrmse,0.02975105922,0.2166051755,4,toto2.0,0.09989734365,True,toto2.0
gift-v15-short-qualified-feasible-seed2026082701,GIFT-Short,GIFT-Eval,short,0,common_factor,5,timesfm2.5,capability_effect_nrmse,-0.01626615897,0.08804049188,4,tirex2,0.03010125901,False,
gift-v15-short-qualified-feasible-seed2026082701,GIFT-Short,GIFT-Eval,short,0,common_factor,5,timesfm2.5,capability_effect_nrmse,-0.01321612101,0.1522500864,4,toto2.0,0.05660488538,False,
gift-v15-short-qualified-feasible-seed2026082701,GIFT-Short,GIFT-Eval,short,0,common_factor,5,tirex2,capability_effect_nrmse,-0.02790868449,0.0713477864,4,toto2.0,0.02650362636,False,
gift-v15-short-qualified-feasible-seed2026082701,GIFT-Short,GIFT-Eval,short,0,covariate_impulse_response,1,Chronos-2,capability_effect_nrmse,-0.1835159613,0.1561068825,6,Timer-3.5,-0.01630654504,False,
gift-v15-short-qualified-feasible-seed2026082701,GIFT-Short,GIFT-Eval,short,0,covariate_impulse_response,1,Chronos-2,capability_effect_nrmse,-0.2893120862,0.1703732266,6,moirai2,-0.0770675368,False,
gift-v15-short-qualified-feasible-seed2026082701,GIFT-Short,GIFT-Eval,short,0,covariate_impulse_response,1,Chronos-2,capability_effect_nrmse,-0.1158121068,0.155674186,6,timesfm2.5,0.01763202901,False,
gift-v15-short-qualified-feasible-seed2026082701,GIFT-Short,GIFT-Eval,short,0,covariate_impulse_response,1,Chronos-2,capability_effect_nrmse,-2.604111191,0.2216489328,6,tirex2,-0.7611888182,False,
gift-v15-short-qualified-feasible-seed2026082701,GIFT-Short,GIFT-Eval,short,0,covariate_impulse_response,1,Chronos-2,capability_effect_nrmse,-1.241797636,0.184280147,6,toto2.0,-0.3608674265,False,
gift-v15-short-qualified-feasible-seed2026082701,GIFT-Short,GIFT-Eval,short,0,covariate_impulse_response,1,Timer-3.5,capability_effect_nrmse,-0.2718173685,0.1305541173,6,moirai2,-0.06076099176,False,
gift-v15-short-qualified-feasible-seed2026082701,GIFT-Short,GIFT-Eval,short,0,covariate_impulse_response,1,Timer-3.5,capability_effect_nrmse,-0.2156990658,0.229021108,6,timesfm2.5,0.03393857405,False,
gift-v15-short-qualified-feasible-seed2026082701,GIFT-Short,GIFT-Eval,short,0,covariate_impulse_response,1,Timer-3.5,capability_effect_nrmse,-2.708778271,0.2994485669,6,tirex2,-0.7448822732,False,
gift-v15-short-qualified-feasible-seed2026082701,GIFT-Short,GIFT-Eval,short,0,covariate_impulse_response,1,Timer-3.5,capability_effect_nrmse,-1.363666435,0.2207543715,6,toto2.0,-0.3445608814,False,
gift-v15-short-qualified-feasible-seed2026082701,GIFT-Short,GIFT-Eval,short,0,covariate_impulse_response,1,moirai2,capability_effect_nrmse,-0.2363825897,0.4335705643,6,timesfm2.5,0.09469956581,False,
gift-v15-short-qualified-feasible-seed2026082701,GIFT-Short,GIFT-Eval,short,0,covariate_impulse_response,1,moirai2,capability_effect_nrmse,-2.704693391,0.5111156153,6,tirex2,-0.6841212814,False,
gift-v15-short-qualified-feasible-seed2026082701,GIFT-Short,GIFT-Eval,short,0,covariate_impulse_response,1,moirai2,capability_effect_nrmse,-1.401177864,0.384490603,6,toto2.0,-0.2837998897,False,
gift-v15-short-qualified-feasible-seed2026082701,GIFT-Short,GIFT-Eval,short,0,covariate_impulse_response,1,timesfm2.5,capability_effect_nrmse,-2.496633333,0.1030616214,6,tirex2,-0.7788208472,False,
gift-v15-short-qualified-feasible-seed2026082701,GIFT-Short,GIFT-Eval,short,0,covariate_impulse_response,1,timesfm2.5,capability_effect_nrmse,-1.171651922,0.1100619307,6,toto2.0,-0.3784994555,False,
gift-v15-short-qualified-feasible-seed2026082701,GIFT-Short,GIFT-Eval,short,0,covariate_impulse_response,1,tirex2,capability_effect_nrmse,-0.1648338744,1.349200343,6,toto2.0,0.4003213918,False,
gift-v15-short-qualified-feasible-seed2026082701,GIFT-Short,GIFT-Eval,short,0,covariate_impulse_response,2,Chronos-2,capability_effect_nrmse,-0.1714155741,0.2810440236,6,Timer-3.5,0.05159107765,False,
gift-v15-short-qualified-feasible-seed2026082701,GIFT-Short,GIFT-Eval,short,0,covariate_impulse_response,2,Chronos-2,capability_effect_nrmse,-0.2419756129,0.3037066962,6,moirai2,-0.01813169279,False,
gift-v15-short-qualified-feasible-seed2026082701,GIFT-Short,GIFT-Eval,short,0,covariate_impulse_response,2,Chronos-2,capability_effect_nrmse,-0.08381410157,0.398751929,6,timesfm2.5,0.1467393193,False,
gift-v15-short-qualified-feasible-seed2026082701,GIFT-Short,GIFT-Eval,short,0,covariate_impulse_response,2,Chronos-2,capability_effect_nrmse,-1.325741624,0.3094179196,6,tirex2,-0.32066236,False,
gift-v15-short-qualified-feasible-seed2026082701,GIFT-Short,GIFT-Eval,short,0,covariate_impulse_response,2,Chronos-2,capability_effect_nrmse,-0.4134219355,0.3170614759,6,toto2.0,-0.02486576118,False,
gift-v15-short-qualified-feasible-seed2026082701,GIFT-Short,GIFT-Eval,short,0,covariate_impulse_response,2,Timer-3.5,capability_effect_nrmse,-0.2569470184,0.1163705639,6,moirai2,-0.06972277044,False,
gift-v15-short-qualified-feasible-seed2026082701,GIFT-Short,GIFT-Eval,short,0,covariate_impulse_response,2,Timer-3.5,capability_effect_nrmse,-0.01973743265,0.2237576504,6,timesfm2.5,0.09514824167,False,
gift-v15-short-qualified-feasible-seed2026082701,GIFT-Short,GIFT-Eval,short,0,covariate_impulse_response,2,Timer-3.5,capability_effect_nrmse,-1.527094463,0.2593072584,6,tirex2,-0.3722534377,False,
gift-v15-short-qualified-feasible-seed2026082701,GIFT-Short,GIFT-Eval,short,0,covariate_impulse_response,2,Timer-3.5,capability_effect_nrmse,-0.6553347105,0.2623070123,6,toto2.0,-0.07645683883,False,
gift-v15-short-qualified-feasible-seed2026082701,GIFT-Short,GIFT-Eval,short,0,covariate_impulse_response,2,moirai2,capability_effect_nrmse,-0.1046900002,0.4538621006,6,timesfm2.5,0.1648710121,False,
gift-v15-short-qualified-feasible-seed2026082701,GIFT-Short,GIFT-Eval,short,0,covariate_impulse_response,2,moirai2,capability_effect_nrmse,-1.589190736,0.4695612137,6,tirex2,-0.3025306672,False,
gift-v15-short-qualified-feasible-seed2026082701,GIFT-Short,GIFT-Eval,short,0,covariate_impulse_response,2,moirai2,capability_effect_nrmse,-0.7337342187,0.4513766445,6,toto2.0,-0.006734068391,False,
gift-v15-short-qualified-feasible-seed2026082701,GIFT-Short,GIFT-Eval,short,0,covariate_impulse_response,2,timesfm2.5,capability_effect_nrmse,-1.578011165,0.1529731043,6,tirex2,-0.4674016793,False,
gift-v15-short-qualified-feasible-seed2026082701,GIFT-Short,GIFT-Eval,short,0,covariate_impulse_response,2,timesfm2.5,capability_effect_nrmse,-0.7014781905,0.1859012304,6,toto2.0,-0.1716050805,False,
gift-v15-short-qualified-feasible-seed2026082701,GIFT-Short,GIFT-Eval,short,0,covariate_impulse_response,2,tirex2,capability_effect_nrmse,-0.06152711753,0.8949538072,6,toto2.0,0.2957965988,False,
gift-v15-short-qualified-feasible-seed2026082701,GIFT-Short,GIFT-Eval,short,0,covariate_impulse_response,3,Chronos-2,capability_effect_nrmse,-0.1737144186,0.2776802203,6,Timer-3.5,0.04475412247,False,
gift-v15-short-qualified-feasible-seed2026082701,GIFT-Short,GIFT-Eval,short,0,covariate_impulse_response,3,Chronos-2,capability_effect_nrmse,-0.2876783254,0.1503493192,6,moirai2,-0.0778447582,False,
gift-v15-short-qualified-feasible-seed2026082701,GIFT-Short,GIFT-Eval,short,0,covariate_impulse_response,3,Chronos-2,capability_effect_nrmse,-0.1778382519,0.401374839,6,timesfm2.5,0.1103114739,False,
gift-v15-short-qualified-feasible-seed2026082701,GIFT-Short,GIFT-Eval,short,0,covariate_impulse_response,3,Chronos-2,capability_effect_nrmse,-0.8181348068,0.3483332185,6,tirex2,-0.153413486,False,
gift-v15-short-qualified-feasible-seed2026082701,GIFT-Short,GIFT-Eval,short,0,covariate_impulse_response,3,Chronos-2,capability_effect_nrmse,-0.2650855285,0.3136514243,6,toto2.0,0.02894712617,False,
gift-v15-short-qualified-feasible-seed2026082701,GIFT-Short,GIFT-Eval,short,0,covariate_impulse_response,3,Timer-3.5,capability_effect_nrmse,-0.2570916806,0.005945130402,6,moirai2,-0.1225988807,False,
gift-v15-short-qualified-feasible-seed2026082701,GIFT-Short,GIFT-Eval,short,0,covariate_impulse_response,3,Timer-3.5,capability_effect_nrmse,-0.05894194198,0.1811088147,6,timesfm2.5,0.06555735141,False,
gift-v15-short-qualified-feasible-seed2026082701,GIFT-Short,GIFT-Eval,short,0,covariate_impulse_response,3,Timer-3.5,capability_effect_nrmse,-0.9638822205,0.2246032809,6,tirex2,-0.1981676085,False,
gift-v15-short-qualified-feasible-seed2026082701,GIFT-Short,GIFT-Eval,short,0,covariate_impulse_response,3,Timer-3.5,capability_effect_nrmse,-0.4385527271,0.239066487,6,toto2.0,-0.0158069963,False,
gift-v15-short-qualified-feasible-seed2026082701,GIFT-Short,GIFT-Eval,short,0,covariate_impulse_response,3,moirai2,capability_effect_nrmse,-0.0135619841,0.3910618494,6,timesfm2.5,0.1881562321,False,
gift-v15-short-qualified-feasible-seed2026082701,GIFT-Short,GIFT-Eval,short,0,covariate_impulse_response,3,moirai2,capability_effect_nrmse,-0.9336513955,0.4164976829,6,tirex2,-0.07556872784,False,
gift-v15-short-qualified-feasible-seed2026082701,GIFT-Short,GIFT-Eval,short,0,covariate_impulse_response,3,moirai2,capability_effect_nrmse,-0.3861149751,0.4254459411,6,toto2.0,0.1067918844,False,
gift-v15-short-qualified-feasible-seed2026082701,GIFT-Short,GIFT-Eval,short,0,covariate_impulse_response,3,timesfm2.5,capability_effect_nrmse,-1.021040995,0.2081759092,6,tirex2,-0.2637249599,False,
gift-v15-short-qualified-feasible-seed2026082701,GIFT-Short,GIFT-Eval,short,0,covariate_impulse_response,3,timesfm2.5,capability_effect_nrmse,-0.4954674334,0.2546086905,6,toto2.0,-0.08136434771,False,
gift-v15-short-qualified-feasible-seed2026082701,GIFT-Short,GIFT-Eval,short,0,covariate_impulse_response,3,tirex2,capability_effect_nrmse,-0.04503573364,0.5438873263,6,toto2.0,0.1823606122,False,
gift-v15-short-qualified-feasible-seed2026082701,GIFT-Short,GIFT-Eval,short,0,covariate_impulse_response,4,Chronos-2,capability_effect_nrmse,-0.1771463131,0.4794201122,6,Timer-3.5,0.1269966249,False,
gift-v15-short-qualified-feasible-seed2026082701,GIFT-Short,GIFT-Eval,short,0,covariate_impulse_response,4,Chronos-2,capability_effect_nrmse,-0.376774215,0.3462271955,6,moirai2,-0.05616563322,False,
gift-v15-short-qualified-feasible-seed2026082701,GIFT-Short,GIFT-Eval,short,0,covariate_impulse_response,4,Chronos-2,capability_effect_nrmse,-0.1622301961,0.5446603247,6,timesfm2.5,0.1750196298,False,
gift-v15-short-qualified-feasible-seed2026082701,GIFT-Short,GIFT-Eval,short,0,covariate_impulse_response,4,Chronos-2,capability_effect_nrmse,-0.2354109246,0.3331453546,6,tirex2,0.02354674999,False,
gift-v15-short-qualified-feasible-seed2026082701,GIFT-Short,GIFT-Eval,short,0,covariate_impulse_response,4,Chronos-2,capability_effect_nrmse,-0.02059984937,0.3659871182,6,toto2.0,0.1486216582,False,
gift-v15-short-qualified-feasible-seed2026082701,GIFT-Short,GIFT-Eval,short,0,covariate_impulse_response,4,Timer-3.5,capability_effect_nrmse,-0.2974532918,-0.07306427704,6,moirai2,-0.1831622581,True,Timer-3.5
gift-v15-short-qualified-feasible-seed2026082701,GIFT-Short,GIFT-Eval,short,0,covariate_impulse_response,4,Timer-3.5,capability_effect_nrmse,-0.06312214999,0.1424981593,6,timesfm2.5,0.04802300487,False,
gift-v15-short-qualified-feasible-seed2026082701,GIFT-Short,GIFT-Eval,short,0,covariate_impulse_response,4,Timer-3.5,capability_effect_nrmse,-0.6166732333,0.1854082439,6,tirex2,-0.1034498749,False,
gift-v15-short-qualified-feasible-seed2026082701,GIFT-Short,GIFT-Eval,short,0,covariate_impulse_response,4,Timer-3.5,capability_effect_nrmse,-0.2748062663,0.2074213486,6,toto2.0,0.02162503327,False,
gift-v15-short-qualified-feasible-seed2026082701,GIFT-Short,GIFT-Eval,short,0,covariate_impulse_response,4,moirai2,capability_effect_nrmse,0.06720767525,0.3732046599,6,timesfm2.5,0.231185263,True,timesfm2.5
gift-v15-short-qualified-feasible-seed2026082701,GIFT-Short,GIFT-Eval,short,0,covariate_impulse_response,4,moirai2,capability_effect_nrmse,-0.476156442,0.4125959069,6,tirex2,0.07971238322,False,
gift-v15-short-qualified-feasible-seed2026082701,GIFT-Short,GIFT-Eval,short,0,covariate_impulse_response,4,moirai2,capability_effect_nrmse,-0.1538396534,0.440956637,6,toto2.0,0.2047872914,False,
gift-v15-short-qualified-feasible-seed2026082701,GIFT-Short,GIFT-Eval,short,0,covariate_impulse_response,4,timesfm2.5,capability_effect_nrmse,-0.6627245443,0.1785156253,6,tirex2,-0.1514728798,False,
gift-v15-short-qualified-feasible-seed2026082701,GIFT-Short,GIFT-Eval,short,0,covariate_impulse_response,4,timesfm2.5,capability_effect_nrmse,-0.3329857301,0.2394903898,6,toto2.0,-0.0263979716,False,
gift-v15-short-qualified-feasible-seed2026082701,GIFT-Short,GIFT-Eval,short,0,covariate_impulse_response,4,tirex2,capability_effect_nrmse,-0.03025313429,0.3618361483,6,toto2.0,0.1250749082,False,
gift-v15-short-qualified-feasible-seed2026082701,GIFT-Short,GIFT-Eval,short,0,covariate_impulse_response,5,Chronos-2,capability_effect_nrmse,-0.1684515899,0.5170129384,6,Timer-3.5,0.1531317445,False,
gift-v15-short-qualified-feasible-seed2026082701,GIFT-Short,GIFT-Eval,short,0,covariate_impulse_response,5,Chronos-2,capability_effect_nrmse,-0.4091834099,0.3747357349,6,moirai2,-0.06235671126,False,
gift-v15-short-qualified-feasible-seed2026082701,GIFT-Short,GIFT-Eval,short,0,covariate_impulse_response,5,Chronos-2,capability_effect_nrmse,-0.1104829875,0.5780075964,6,timesfm2.5,0.2061736708,False,
gift-v15-short-qualified-feasible-seed2026082701,GIFT-Short,GIFT-Eval,short,0,covariate_impulse_response,5,Chronos-2,capability_effect_nrmse,-0.0745285551,0.3510907065,6,tirex2,0.0906569694,False,
gift-v15-short-qualified-feasible-seed2026082701,GIFT-Short,GIFT-Eval,short,0,covariate_impulse_response,5,Chronos-2,capability_effect_nrmse,-0.02050788631,0.3927086993,6,toto2.0,0.1790792981,False,
gift-v15-short-qualified-feasible-seed2026082701,GIFT-Short,GIFT-Eval,short,0,covariate_impulse_response,5,Timer-3.5,capability_effect_nrmse,-0.3201541356,-0.1216452741,6,moirai2,-0.2154884557,True,Timer-3.5
gift-v15-short-qualified-feasible-seed2026082701,GIFT-Short,GIFT-Eval,short,0,covariate_impulse_response,5,Timer-3.5,capability_effect_nrmse,-0.001735363328,0.111656264,6,timesfm2.5,0.05304192629,False,
gift-v15-short-qualified-feasible-seed2026082701,GIFT-Short,GIFT-Eval,short,0,covariate_impulse_response,5,Timer-3.5,capability_effect_nrmse,-0.4074911922,0.1409756908,6,tirex2,-0.06247477507,False,
gift-v15-short-qualified-feasible-seed2026082701,GIFT-Short,GIFT-Eval,short,0,covariate_impulse_response,5,Timer-3.5,capability_effect_nrmse,-0.1681519726,0.1558863892,6,toto2.0,0.02594755363,False,
gift-v15-short-qualified-feasible-seed2026082701,GIFT-Short,GIFT-Eval,short,0,covariate_impulse_response,5,moirai2,capability_effect_nrmse,0.176537418,0.3653439917,6,timesfm2.5,0.268530382,True,timesfm2.5
gift-v15-short-qualified-feasible-seed2026082701,GIFT-Short,GIFT-Eval,short,0,covariate_impulse_response,5,moirai2,capability_effect_nrmse,-0.2395734403,0.3946125981,6,tirex2,0.1530136807,False,
gift-v15-short-qualified-feasible-seed2026082701,GIFT-Short,GIFT-Eval,short,0,covariate_impulse_response,5,moirai2,capability_effect_nrmse,-0.01426247853,0.4264306798,6,toto2.0,0.2414360093,False,
gift-v15-short-qualified-feasible-seed2026082701,GIFT-Short,GIFT-Eval,short,0,covariate_impulse_response,5,timesfm2.5,capability_effect_nrmse,-0.4465886893,0.06831288394,6,tirex2,-0.1155167014,False,
gift-v15-short-qualified-feasible-seed2026082701,GIFT-Short,GIFT-Eval,short,0,covariate_impulse_response,5,timesfm2.5,capability_effect_nrmse,-0.2167811875,0.1356532662,6,toto2.0,-0.02709437266,False,
gift-v15-short-qualified-feasible-seed2026082701,GIFT-Short,GIFT-Eval,short,0,covariate_impulse_response,5,tirex2,capability_effect_nrmse,-0.0344306267,0.2490209557,6,toto2.0,0.0884223287,False,
gift-v15-short-qualified-feasible-seed2026082701,GIFT-Short,GIFT-Eval,short,0,cross_series_dependence,1,Chronos-2,capability_effect_nrmse,-0.1794923207,0.04035351425,8,Timer-3.5,-0.06345635098,False,
gift-v15-short-qualified-feasible-seed2026082701,GIFT-Short,GIFT-Eval,short,0,cross_series_dependence,1,Chronos-2,capability_effect_nrmse,-0.07371912834,0.06732555477,8,moirai2,0.001378726484,False,
gift-v15-short-qualified-feasible-seed2026082701,GIFT-Short,GIFT-Eval,short,0,cross_series_dependence,1,Chronos-2,capability_effect_nrmse,-1.031112417,0.02927066868,8,timesfm2.5,-0.4164412688,False,
gift-v15-short-qualified-feasible-seed2026082701,GIFT-Short,GIFT-Eval,short,0,cross_series_dependence,1,Chronos-2,capability_effect_nrmse,-0.1190907102,0.07903423673,8,tirex2,-0.01058153337,False,
gift-v15-short-qualified-feasible-seed2026082701,GIFT-Short,GIFT-Eval,short,0,cross_series_dependence,1,Chronos-2,capability_effect_nrmse,-1.627229746,0.03996348591,8,toto2.0,-0.5770620615,False,
gift-v15-short-qualified-feasible-seed2026082701,GIFT-Short,GIFT-Eval,short,0,cross_series_dependence,1,Timer-3.5,capability_effect_nrmse,-0.0380971642,0.137255452,8,moirai2,0.06483507746,False,
gift-v15-short-qualified-feasible-seed2026082701,GIFT-Short,GIFT-Eval,short,0,cross_series_dependence,1,Timer-3.5,capability_effect_nrmse,-0.8244097136,0.07724697718,8,timesfm2.5,-0.3529849178,False,
gift-v15-short-qualified-feasible-seed2026082701,GIFT-Short,GIFT-Eval,short,0,cross_series_dependence,1,Timer-3.5,capability_effect_nrmse,-0.04237648913,0.1365836911,8,tirex2,0.05287481761,False,
gift-v15-short-qualified-feasible-seed2026082701,GIFT-Short,GIFT-Eval,short,0,cross_series_dependence,1,Timer-3.5,capability_effect_nrmse,-1.492568856,0.06555449883,8,toto2.0,-0.5136057105,False,
gift-v15-short-qualified-feasible-seed2026082701,GIFT-Short,GIFT-Eval,short,0,cross_series_dependence,1,moirai2,capability_effect_nrmse,-0.933656781,-0.01944452585,8,timesfm2.5,-0.4178199952,True,moirai2
gift-v15-short-qualified-feasible-seed2026082701,GIFT-Short,GIFT-Eval,short,0,cross_series_dependence,1,moirai2,capability_effect_nrmse,-0.06895517103,0.05346281668,8,tirex2,-0.01196025985,False,
gift-v15-short-qualified-feasible-seed2026082701,GIFT-Short,GIFT-Eval,short,0,cross_series_dependence,1,moirai2,capability_effect_nrmse,-1.588896807,-0.02278766503,8,toto2.0,-0.578440788,True,moirai2
gift-v15-short-qualified-feasible-seed2026082701,GIFT-Short,GIFT-Eval,short,0,cross_series_dependence,1,timesfm2.5,capability_effect_nrmse,0.008717808639,0.9473041428,8,tirex2,0.4058597354,True,tirex2
gift-v15-short-qualified-feasible-seed2026082701,GIFT-Short,GIFT-Eval,short,0,cross_series_dependence,1,timesfm2.5,capability_effect_nrmse,-0.8367057031,0.3625166016,8,toto2.0,-0.1606207927,False,
gift-v15-short-qualified-feasible-seed2026082701,GIFT-Short,GIFT-Eval,short,0,cross_series_dependence,1,tirex2,capability_effect_nrmse,-1.554792922,-0.001159500101,8,toto2.0,-0.5664805281,True,tirex2
gift-v15-short-qualified-feasible-seed2026082701,GIFT-Short,GIFT-Eval,short,0,cross_series_dependence,2,Chronos-2,capability_effect_nrmse,-0.1442319861,0.01323409839,8,Timer-3.5,-0.05915332897,False,
gift-v15-short-qualified-feasible-seed2026082701,GIFT-Short,GIFT-Eval,short,0,cross_series_dependence,2,Chronos-2,capability_effect_nrmse,-0.1060216195,0.04022096872,8,moirai2,-0.02971720411,False,
gift-v15-short-qualified-feasible-seed2026082701,GIFT-Short,GIFT-Eval,short,0,cross_series_dependence,2,Chronos-2,capability_effect_nrmse,-0.6214074687,-0.0004344214213,8,timesfm2.5,-0.2726654296,True,Chronos-2
gift-v15-short-qualified-feasible-seed2026082701,GIFT-Short,GIFT-Eval,short,0,cross_series_dependence,2,Chronos-2,capability_effect_nrmse,-0.06574998112,0.09107228701,8,tirex2,0.01382433058,False,
gift-v15-short-qualified-feasible-seed2026082701,GIFT-Short,GIFT-Eval,short,0,cross_series_dependence,2,Chronos-2,capability_effect_nrmse,-1.535929713,-0.01082476803,8,toto2.0,-0.5503550544,True,Chronos-2
gift-v15-short-qualified-feasible-seed2026082701,GIFT-Short,GIFT-Eval,short,0,cross_series_dependence,2,Timer-3.5,capability_effect_nrmse,-0.03874837884,0.08470032076,8,moirai2,0.02943612485,False,
gift-v15-short-qualified-feasible-seed2026082701,GIFT-Short,GIFT-Eval,short,0,cross_series_dependence,2,Timer-3.5,capability_effect_nrmse,-0.5443181977,0.03962228224,8,timesfm2.5,-0.2135121007,False,
gift-v15-short-qualified-feasible-seed2026082701,GIFT-Short,GIFT-Eval,short,0,cross_series_dependence,2,Timer-3.5,capability_effect_nrmse,-0.01456934341,0.1433254756,8,tirex2,0.07297765955,False,
gift-v15-short-qualified-feasible-seed2026082701,GIFT-Short,GIFT-Eval,short,0,cross_series_dependence,2,Timer-3.5,capability_effect_nrmse,-1.404029113,0.01678914254,8,toto2.0,-0.4912017254,False,
gift-v15-short-qualified-feasible-seed2026082701,GIFT-Short,GIFT-Eval,short,0,cross_series_dependence,2,moirai2,capability_effect_nrmse,-0.5536051319,-0.01672895554,8,timesfm2.5,-0.2429482255,True,moirai2
gift-v15-short-qualified-feasible-seed2026082701,GIFT-Short,GIFT-Eval,short,0,cross_series_dependence,2,moirai2,capability_effect_nrmse,-0.01832308364,0.1033874657,8,tirex2,0.04354153469,False,
gift-v15-short-qualified-feasible-seed2026082701,GIFT-Short,GIFT-Eval,short,0,cross_series_dependence,2,moirai2,capability_effect_nrmse,-1.434164007,-0.03084683681,8,toto2.0,-0.5206378503,True,moirai2
gift-v15-short-qualified-feasible-seed2026082701,GIFT-Short,GIFT-Eval,short,0,cross_series_dependence,2,timesfm2.5,capability_effect_nrmse,0.06278259443,0.5746391064,8,tirex2,0.2864897602,True,tirex2
gift-v15-short-qualified-feasible-seed2026082701,GIFT-Short,GIFT-Eval,short,0,cross_series_dependence,2,timesfm2.5,capability_effect_nrmse,-1.119411921,0.2950994413,8,toto2.0,-0.2776896248,False,
gift-v15-short-qualified-feasible-seed2026082701,GIFT-Short,GIFT-Eval,short,0,cross_series_dependence,2,tirex2,capability_effect_nrmse,-1.499820453,-0.04982091088,8,toto2.0,-0.564179385,True,tirex2
gift-v15-short-qualified-feasible-seed2026082701,GIFT-Short,GIFT-Eval,short,0,cross_series_dependence,3,Chronos-2,capability_effect_nrmse,-0.1198255109,0.02445782594,8,Timer-3.5,-0.04617067213,False,
gift-v15-short-qualified-feasible-seed2026082701,GIFT-Short,GIFT-Eval,short,0,cross_series_dependence,3,Chronos-2,capability_effect_nrmse,-0.2016715655,0.01598916263,8,moirai2,-0.07965016498,False,
gift-v15-short-qualified-feasible-seed2026082701,GIFT-Short,GIFT-Eval,short,0,cross_series_dependence,3,Chronos-2,capability_effect_nrmse,-0.3081669083,-0.02269793551,8,timesfm2.5,-0.1518960615,True,Chronos-2
gift-v15-short-qualified-feasible-seed2026082701,GIFT-Short,GIFT-Eval,short,0,cross_series_dependence,3,Chronos-2,capability_effect_nrmse,-0.07600629937,0.05881553534,8,tirex2,-0.01260572121,False,
gift-v15-short-qualified-feasible-seed2026082701,GIFT-Short,GIFT-Eval,short,0,cross_series_dependence,3,Chronos-2,capability_effect_nrmse,-1.456550931,0.01255170026,8,toto2.0,-0.4954133364,False,
gift-v15-short-qualified-feasible-seed2026082701,GIFT-Short,GIFT-Eval,short,0,cross_series_dependence,3,Timer-3.5,capability_effect_nrmse,-0.1122244307,0.04150971629,8,moirai2,-0.03347949285,False,
gift-v15-short-qualified-feasible-seed2026082701,GIFT-Short,GIFT-Eval,short,0,cross_series_dependence,3,Timer-3.5,capability_effect_nrmse,-0.2785283359,0.01586171023,8,timesfm2.5,-0.1057253894,False,
gift-v15-short-qualified-feasible-seed2026082701,GIFT-Short,GIFT-Eval,short,0,cross_series_dependence,3,Timer-3.5,capability_effect_nrmse,-0.05362916067,0.1049124473,8,tirex2,0.03356495092,False,
gift-v15-short-qualified-feasible-seed2026082701,GIFT-Short,GIFT-Eval,short,0,cross_series_dependence,3,Timer-3.5,capability_effect_nrmse,-1.386584132,0.05221652054,8,toto2.0,-0.4492426643,False,
gift-v15-short-qualified-feasible-seed2026082701,GIFT-Short,GIFT-Eval,short,0,cross_series_dependence,3,moirai2,capability_effect_nrmse,-0.2262698686,0.04242979001,8,timesfm2.5,-0.07224589653,False,
gift-v15-short-qualified-feasible-seed2026082701,GIFT-Short,GIFT-Eval,short,0,cross_series_dependence,3,moirai2,capability_effect_nrmse,-0.01244061706,0.1525658604,8,tirex2,0.06704444377,False,
gift-v15-short-qualified-feasible-seed2026082701,GIFT-Short,GIFT-Eval,short,0,cross_series_dependence,3,moirai2,capability_effect_nrmse,-1.335329599,0.116670307,8,toto2.0,-0.4157631715,False,
gift-v15-short-qualified-feasible-seed2026082701,GIFT-Short,GIFT-Eval,short,0,cross_series_dependence,3,timesfm2.5,capability_effect_nrmse,0.05264872087,0.2412494249,8,tirex2,0.1392903403,True,tirex2
gift-v15-short-qualified-feasible-seed2026082701,GIFT-Short,GIFT-Eval,short,0,cross_series_dependence,3,timesfm2.5,capability_effect_nrmse,-1.291719214,0.2026240196,8,toto2.0,-0.3435172749,False,
gift-v15-short-qualified-feasible-seed2026082701,GIFT-Short,GIFT-Eval,short,0,cross_series_dependence,3,tirex2,capability_effect_nrmse,-1.420777844,0.02405561137,8,toto2.0,-0.4828076152,False,
gift-v15-short-qualified-feasible-seed2026082701,GIFT-Short,GIFT-Eval,short,0,cross_series_dependence,4,Chronos-2,capability_effect_nrmse,-0.1913893713,0.03797773255,8,Timer-3.5,-0.05929532055,False,
gift-v15-short-qualified-feasible-seed2026082701,GIFT-Short,GIFT-Eval,short,0,cross_series_dependence,4,Chronos-2,capability_effect_nrmse,-0.2333302755,0.01563180812,8,moirai2,-0.08544870266,False,
gift-v15-short-qualified-feasible-seed2026082701,GIFT-Short,GIFT-Eval,short,0,cross_series_dependence,4,Chronos-2,capability_effect_nrmse,-0.1828324201,-0.01080917921,8,timesfm2.5,-0.09146206939,True,Chronos-2
gift-v15-short-qualified-feasible-seed2026082701,GIFT-Short,GIFT-Eval,short,0,cross_series_dependence,4,Chronos-2,capability_effect_nrmse,-0.1393030593,0.03483911334,8,tirex2,-0.04385857144,False,
gift-v15-short-qualified-feasible-seed2026082701,GIFT-Short,GIFT-Eval,short,0,cross_series_dependence,4,Chronos-2,capability_effect_nrmse,-1.2332551,0.01601796432,8,toto2.0,-0.4105715294,False,
gift-v15-short-qualified-feasible-seed2026082701,GIFT-Short,GIFT-Eval,short,0,cross_series_dependence,4,Timer-3.5,capability_effect_nrmse,-0.07530967349,0.02557254366,8,moirai2,-0.02615338211,False,
gift-v15-short-qualified-feasible-seed2026082701,GIFT-Short,GIFT-Eval,short,0,cross_series_dependence,4,Timer-3.5,capability_effect_nrmse,-0.1758977388,0.0880314803,8,timesfm2.5,-0.03216674884,False,
gift-v15-short-qualified-feasible-seed2026082701,GIFT-Short,GIFT-Eval,short,0,cross_series_dependence,4,Timer-3.5,capability_effect_nrmse,-0.08416572543,0.08724225568,8,tirex2,0.01543674911,False,
gift-v15-short-qualified-feasible-seed2026082701,GIFT-Short,GIFT-Eval,short,0,cross_series_dependence,4,Timer-3.5,capability_effect_nrmse,-1.17929308,0.1431165688,8,toto2.0,-0.3512762088,False,
gift-v15-short-qualified-feasible-seed2026082701,GIFT-Short,GIFT-Eval,short,0,cross_series_dependence,4,moirai2,capability_effect_nrmse,-0.1428277224,0.1195915108,8,timesfm2.5,-0.006013366731,False,
gift-v15-short-qualified-feasible-seed2026082701,GIFT-Short,GIFT-Eval,short,0,cross_series_dependence,4,moirai2,capability_effect_nrmse,-0.03197948251,0.109828113,8,tirex2,0.04159013122,False,
gift-v15-short-qualified-feasible-seed2026082701,GIFT-Short,GIFT-Eval,short,0,cross_series_dependence,4,moirai2,capability_effect_nrmse,-1.156260735,0.1936152705,8,toto2.0,-0.3251228267,False,
gift-v15-short-qualified-feasible-seed2026082701,GIFT-Short,GIFT-Eval,short,0,cross_series_dependence,4,timesfm2.5,capability_effect_nrmse,-0.01968569135,0.1114545289,8,tirex2,0.04760349795,False,
gift-v15-short-qualified-feasible-seed2026082701,GIFT-Short,GIFT-Eval,short,0,cross_series_dependence,4,timesfm2.5,capability_effect_nrmse,-1.139824877,0.1388521418,8,toto2.0,-0.31910946,False,
gift-v15-short-qualified-feasible-seed2026082701,GIFT-Short,GIFT-Eval,short,0,cross_series_dependence,4,tirex2,capability_effect_nrmse,-1.20038474,0.1091187716,8,toto2.0,-0.3667129579,False,
gift-v15-short-qualified-feasible-seed2026082701,GIFT-Short,GIFT-Eval,short,0,cross_series_dependence,5,Chronos-2,capability_effect_nrmse,-0.1727372106,0.06742089739,8,Timer-3.5,-0.0388019618,False,
gift-v15-short-qualified-feasible-seed2026082701,GIFT-Short,GIFT-Eval,short,0,cross_series_dependence,5,Chronos-2,capability_effect_nrmse,-0.2417156996,0.03030060721,8,moirai2,-0.07995780635,False,
gift-v15-short-qualified-feasible-seed2026082701,GIFT-Short,GIFT-Eval,short,0,cross_series_dependence,5,Chronos-2,capability_effect_nrmse,-0.09956582497,-0.01118922187,8,timesfm2.5,-0.05460951507,True,Chronos-2
gift-v15-short-qualified-feasible-seed2026082701,GIFT-Short,GIFT-Eval,short,0,cross_series_dependence,5,Chronos-2,capability_effect_nrmse,-0.1028797654,0.03363075498,8,tirex2,-0.02326582359,False,
gift-v15-short-qualified-feasible-seed2026082701,GIFT-Short,GIFT-Eval,short,0,cross_series_dependence,5,Chronos-2,capability_effect_nrmse,-0.9665232384,0.01428121134,8,toto2.0,-0.3191153127,False,
gift-v15-short-qualified-feasible-seed2026082701,GIFT-Short,GIFT-Eval,short,0,cross_series_dependence,5,Timer-3.5,capability_effect_nrmse,-0.08925959217,0.003758311634,8,moirai2,-0.04115584455,False,
gift-v15-short-qualified-feasible-seed2026082701,GIFT-Short,GIFT-Eval,short,0,cross_series_dependence,5,Timer-3.5,capability_effect_nrmse,-0.129769018,0.0953481089,8,timesfm2.5,-0.01580755327,False,
gift-v15-short-qualified-feasible-seed2026082701,GIFT-Short,GIFT-Eval,short,0,cross_series_dependence,5,Timer-3.5,capability_effect_nrmse,-0.05893640363,0.08051525133,8,tirex2,0.01553613821,False,
gift-v15-short-qualified-feasible-seed2026082701,GIFT-Short,GIFT-Eval,short,0,cross_series_dependence,5,Timer-3.5,capability_effect_nrmse,-0.9589933274,0.1388881104,8,toto2.0,-0.2803133509,False,
gift-v15-short-qualified-feasible-seed2026082701,GIFT-Short,GIFT-Eval,short,0,cross_series_dependence,5,moirai2,capability_effect_nrmse,-0.08394856463,0.1692175602,8,timesfm2.5,0.02534829127,False,
gift-v15-short-qualified-feasible-seed2026082701,GIFT-Short,GIFT-Eval,short,0,cross_series_dependence,5,moirai2,capability_effect_nrmse,-0.0161102538,0.1512016465,8,tirex2,0.05669198276,False,
gift-v15-short-qualified-feasible-seed2026082701,GIFT-Short,GIFT-Eval,short,0,cross_series_dependence,5,moirai2,capability_effect_nrmse,-0.9195684365,0.2128983352,8,toto2.0,-0.2391575064,False,
gift-v15-short-qualified-feasible-seed2026082701,GIFT-Short,GIFT-Eval,short,0,cross_series_dependence,5,timesfm2.5,capability_effect_nrmse,-0.02032692895,0.07610352425,8,tirex2,0.03134369148,False,
gift-v15-short-qualified-feasible-seed2026082701,GIFT-Short,GIFT-Eval,short,0,cross_series_dependence,5,timesfm2.5,capability_effect_nrmse,-0.9057370361,0.08543487691,8,toto2.0,-0.2645057977,False,
gift-v15-short-qualified-feasible-seed2026082701,GIFT-Short,GIFT-Eval,short,0,cross_series_dependence,5,tirex2,capability_effect_nrmse,-0.959635125,0.08776383357,8,toto2.0,-0.2958494891,False,
gift-v15-short-qualified-feasible-seed2026082701,GIFT-Short,GIFT-Eval,short,0,multi_seasonal,1,Chronos-2,capability_effect_nrmse,-0.3082089333,0.3384285499,20,Timer-3.5,-0.02154156683,False,
gift-v15-short-qualified-feasible-seed2026082701,GIFT-Short,GIFT-Eval,short,0,multi_seasonal,1,Chronos-2,capability_effect_nrmse,-0.3882863727,0.1904671209,20,moirai2,-0.133400421,False,
gift-v15-short-qualified-feasible-seed2026082701,GIFT-Short,GIFT-Eval,short,0,multi_seasonal,1,Chronos-2,capability_effect_nrmse,-0.1318725178,0.4504695594,20,timesfm2.5,0.1154914834,False,
gift-v15-short-qualified-feasible-seed2026082701,GIFT-Short,GIFT-Eval,short,0,multi_seasonal,1,Chronos-2,capability_effect_nrmse,-0.1111149242,0.2918955585,20,tirex2,0.05965139353,False,
gift-v15-short-qualified-feasible-seed2026082701,GIFT-Short,GIFT-Eval,short,0,multi_seasonal,1,Chronos-2,capability_effect_nrmse,0.09481345067,0.4478226286,20,toto2.0,0.2393627069,True,toto2.0
gift-v15-short-qualified-feasible-seed2026082701,GIFT-Short,GIFT-Eval,short,0,multi_seasonal,1,Timer-3.5,capability_effect_nrmse,-0.2623903936,0.0538986237,20,moirai2,-0.1118588542,False,
gift-v15-short-qualified-feasible-seed2026082701,GIFT-Short,GIFT-Eval,short,0,multi_seasonal,1,Timer-3.5,capability_effect_nrmse,0.05810664657,0.2635427263,20,timesfm2.5,0.1370330502,True,timesfm2.5
gift-v15-short-qualified-feasible-seed2026082701,GIFT-Short,GIFT-Eval,short,0,multi_seasonal,1,Timer-3.5,capability_effect_nrmse,-0.2646688906,0.3167741312,20,tirex2,0.08119296036,False,
gift-v15-short-qualified-feasible-seed2026082701,GIFT-Short,GIFT-Eval,short,0,multi_seasonal,1,Timer-3.5,capability_effect_nrmse,0.04313877585,0.470010867,20,toto2.0,0.2609042738,True,toto2.0
gift-v15-short-qualified-feasible-seed2026082701,GIFT-Short,GIFT-Eval,short,0,multi_seasonal,1,moirai2,capability_effect_nrmse,0.1625954136,0.3446631533,20,timesfm2.5,0.2488919044,True,timesfm2.5
gift-v15-short-qualified-feasible-seed2026082701,GIFT-Short,GIFT-Eval,short,0,multi_seasonal,1,moirai2,capability_effect_nrmse,-0.1670402484,0.4213745424,20,tirex2,0.1930518146,False,
gift-v15-short-qualified-feasible-seed2026082701,GIFT-Short,GIFT-Eval,short,0,multi_seasonal,1,moirai2,capability_effect_nrmse,0.1663673813,0.5452648361,20,toto2.0,0.372763128,True,toto2.0
gift-v15-short-qualified-feasible-seed2026082701,GIFT-Short,GIFT-Eval,short,0,multi_seasonal,1,timesfm2.5,capability_effect_nrmse,-0.4205868953,0.160453159,20,tirex2,-0.05584008983,False,
gift-v15-short-qualified-feasible-seed2026082701,GIFT-Short,GIFT-Eval,short,0,multi_seasonal,1,timesfm2.5,capability_effect_nrmse,-0.06124900837,0.2529773435,20,toto2.0,0.1238712236,False,
gift-v15-short-qualified-feasible-seed2026082701,GIFT-Short,GIFT-Eval,short,0,multi_seasonal,1,tirex2,capability_effect_nrmse,0.04180654605,0.3534037088,20,toto2.0,0.1797113134,True,toto2.0
gift-v15-short-qualified-feasible-seed2026082701,GIFT-Short,GIFT-Eval,short,0,multi_seasonal,2,Chronos-2,capability_effect_nrmse,-0.3688224917,-0.06642336705,20,Timer-3.5,-0.2072169373,True,Chronos-2
gift-v15-short-qualified-feasible-seed2026082701,GIFT-Short,GIFT-Eval,short,0,multi_seasonal,2,Chronos-2,capability_effect_nrmse,-0.4102463642,-0.1645118808,20,moirai2,-0.2875510362,True,Chronos-2
gift-v15-short-qualified-feasible-seed2026082701,GIFT-Short,GIFT-Eval,short,0,multi_seasonal,2,Chronos-2,capability_effect_nrmse,-0.1463085583,0.0458023242,20,timesfm2.5,-0.06023855179,False,
gift-v15-short-qualified-feasible-seed2026082701,GIFT-Short,GIFT-Eval,short,0,multi_seasonal,2,Chronos-2,capability_effect_nrmse,-0.3745990307,0.1224506694,20,tirex2,-0.09109111029,False,
gift-v15-short-qualified-feasible-seed2026082701,GIFT-Short,GIFT-Eval,short,0,multi_seasonal,2,Chronos-2,capability_effect_nrmse,-0.05359473299,0.1982352273,20,toto2.0,0.09412500326,False,
gift-v15-short-qualified-feasible-seed2026082701,GIFT-Short,GIFT-Eval,short,0,multi_seasonal,2,Timer-3.5,capability_effect_nrmse,-0.209685783,0.07271825605,20,moirai2,-0.08033409885,False,
gift-v15-short-qualified-feasible-seed2026082701,GIFT-Short,GIFT-Eval,short,0,multi_seasonal,2,Timer-3.5,capability_effect_nrmse,0.06527049174,0.2710736764,20,timesfm2.5,0.1469783855,True,timesfm2.5
gift-v15-short-qualified-feasible-seed2026082701,GIFT-Short,GIFT-Eval,short,0,multi_seasonal,2,Timer-3.5,capability_effect_nrmse,-0.1855733899,0.3284685739,20,tirex2,0.116125827,False,
gift-v15-short-qualified-feasible-seed2026082701,GIFT-Short,GIFT-Eval,short,0,multi_seasonal,2,Timer-3.5,capability_effect_nrmse,0.09052787025,0.5083281381,20,toto2.0,0.3013419406,True,toto2.0
gift-v15-short-qualified-feasible-seed2026082701,GIFT-Short,GIFT-Eval,short,0,multi_seasonal,2,moirai2,capability_effect_nrmse,0.1479583453,0.3144511034,20,timesfm2.5,0.2273124844,True,timesfm2.5
gift-v15-short-qualified-feasible-seed2026082701,GIFT-Short,GIFT-Eval,short,0,multi_seasonal,2,moirai2,capability_effect_nrmse,-0.1133392916,0.403590612,20,tirex2,0.1964599259,False,
gift-v15-short-qualified-feasible-seed2026082701,GIFT-Short,GIFT-Eval,short,0,multi_seasonal,2,moirai2,capability_effect_nrmse,0.1964984423,0.5405269709,20,toto2.0,0.3816760394,True,toto2.0
gift-v15-short-qualified-feasible-seed2026082701,GIFT-Short,GIFT-Eval,short,0,multi_seasonal,2,timesfm2.5,capability_effect_nrmse,-0.3253636619,0.1530711631,20,tirex2,-0.0308525585,False,
gift-v15-short-qualified-feasible-seed2026082701,GIFT-Short,GIFT-Eval,short,0,multi_seasonal,2,timesfm2.5,capability_effect_nrmse,-0.02503651191,0.2850857259,20,toto2.0,0.1543635551,False,
gift-v15-short-qualified-feasible-seed2026082701,GIFT-Short,GIFT-Eval,short,0,multi_seasonal,2,tirex2,capability_effect_nrmse,0.04110971095,0.3504212972,20,toto2.0,0.1852161136,True,toto2.0
gift-v15-short-qualified-feasible-seed2026082701,GIFT-Short,GIFT-Eval,short,0,multi_seasonal,3,Chronos-2,capability_effect_nrmse,-0.3354959599,-0.1022386201,20,Timer-3.5,-0.204216186,True,Chronos-2
gift-v15-short-qualified-feasible-seed2026082701,GIFT-Short,GIFT-Eval,short,0,multi_seasonal,3,Chronos-2,capability_effect_nrmse,-0.3832430231,-0.180054625,20,moirai2,-0.2800795043,True,Chronos-2
gift-v15-short-qualified-feasible-seed2026082701,GIFT-Short,GIFT-Eval,short,0,multi_seasonal,3,Chronos-2,capability_effect_nrmse,-0.1220456868,-0.001125833383,20,timesfm2.5,-0.06464798941,True,Chronos-2
gift-v15-short-qualified-feasible-seed2026082701,GIFT-Short,GIFT-Eval,short,0,multi_seasonal,3,Chronos-2,capability_effect_nrmse,-0.3706071257,0.09178961497,20,tirex2,-0.09482188929,False,
gift-v15-short-qualified-feasible-seed2026082701,GIFT-Short,GIFT-Eval,short,0,multi_seasonal,3,Chronos-2,capability_effect_nrmse,-0.04171240899,0.2152618073,20,toto2.0,0.1118034512,False,
gift-v15-short-qualified-feasible-seed2026082701,GIFT-Short,GIFT-Eval,short,0,multi_seasonal,3,Timer-3.5,capability_effect_nrmse,-0.1894439316,0.06926941199,20,moirai2,-0.07586331827,False,
gift-v15-short-qualified-feasible-seed2026082701,GIFT-Short,GIFT-Eval,short,0,multi_seasonal,3,Timer-3.5,capability_effect_nrmse,0.06158594238,0.2584253283,20,timesfm2.5,0.1395681966,True,timesfm2.5
gift-v15-short-qualified-feasible-seed2026082701,GIFT-Short,GIFT-Eval,short,0,multi_seasonal,3,Timer-3.5,capability_effect_nrmse,-0.1899603614,0.319059854,20,tirex2,0.1093942967,False,
gift-v15-short-qualified-feasible-seed2026082701,GIFT-Short,GIFT-Eval,short,0,multi_seasonal,3,Timer-3.5,capability_effect_nrmse,0.1129004651,0.499610411,20,toto2.0,0.3160196372,True,toto2.0
gift-v15-short-qualified-feasible-seed2026082701,GIFT-Short,GIFT-Eval,short,0,multi_seasonal,3,moirai2,capability_effect_nrmse,0.1342593288,0.3047942166,20,timesfm2.5,0.2154315149,True,timesfm2.5
gift-v15-short-qualified-feasible-seed2026082701,GIFT-Short,GIFT-Eval,short,0,multi_seasonal,3,moirai2,capability_effect_nrmse,-0.1315732799,0.3880553749,20,tirex2,0.185257615,False,
gift-v15-short-qualified-feasible-seed2026082701,GIFT-Short,GIFT-Eval,short,0,multi_seasonal,3,moirai2,capability_effect_nrmse,0.1826020448,0.558079602,20,toto2.0,0.3918829555,True,toto2.0
gift-v15-short-qualified-feasible-seed2026082701,GIFT-Short,GIFT-Eval,short,0,multi_seasonal,3,timesfm2.5,capability_effect_nrmse,-0.3201948347,0.1499528975,20,tirex2,-0.03017389988,False,
gift-v15-short-qualified-feasible-seed2026082701,GIFT-Short,GIFT-Eval,short,0,multi_seasonal,3,timesfm2.5,capability_effect_nrmse,0.006774051179,0.3040218097,20,toto2.0,0.1764514406,True,toto2.0
gift-v15-short-qualified-feasible-seed2026082701,GIFT-Short,GIFT-Eval,short,0,multi_seasonal,3,tirex2,capability_effect_nrmse,0.08236898182,0.3604620346,20,toto2.0,0.2066253405,True,toto2.0
gift-v15-short-qualified-feasible-seed2026082701,GIFT-Short,GIFT-Eval,short,0,multi_seasonal,4,Chronos-2,capability_effect_nrmse,-0.3111187945,-0.1064710899,20,Timer-3.5,-0.2026762591,True,Chronos-2
gift-v15-short-qualified-feasible-seed2026082701,GIFT-Short,GIFT-Eval,short,0,multi_seasonal,4,Chronos-2,capability_effect_nrmse,-0.3504706208,-0.129728767,20,moirai2,-0.2371678524,True,Chronos-2
gift-v15-short-qualified-feasible-seed2026082701,GIFT-Short,GIFT-Eval,short,0,multi_seasonal,4,Chronos-2,capability_effect_nrmse,-0.1137505488,0.005760881797,20,timesfm2.5,-0.05875466583,False,
gift-v15-short-qualified-feasible-seed2026082701,GIFT-Short,GIFT-Eval,short,0,multi_seasonal,4,Chronos-2,capability_effect_nrmse,-0.3436460609,0.06603514583,20,tirex2,-0.09921460567,False,
gift-v15-short-qualified-feasible-seed2026082701,GIFT-Short,GIFT-Eval,short,0,multi_seasonal,4,Chronos-2,capability_effect_nrmse,0.01840506536,0.2106085873,20,toto2.0,0.1298920395,True,toto2.0
gift-v15-short-qualified-feasible-seed2026082701,GIFT-Short,GIFT-Eval,short,0,multi_seasonal,4,Timer-3.5,capability_effect_nrmse,-0.145021906,0.1089228134,20,moirai2,-0.03449159339,False,
gift-v15-short-qualified-feasible-seed2026082701,GIFT-Short,GIFT-Eval,short,0,multi_seasonal,4,Timer-3.5,capability_effect_nrmse,0.0687408892,0.2566414842,20,timesfm2.5,0.1439215932,True,timesfm2.5
gift-v15-short-qualified-feasible-seed2026082701,GIFT-Short,GIFT-Eval,short,0,multi_seasonal,4,Timer-3.5,capability_effect_nrmse,-0.1984420367,0.3071487045,20,tirex2,0.1034616534,False,
gift-v15-short-qualified-feasible-seed2026082701,GIFT-Short,GIFT-Eval,short,0,multi_seasonal,4,Timer-3.5,capability_effect_nrmse,0.1470969537,0.5097717839,20,toto2.0,0.3325682985,True,toto2.0
gift-v15-short-qualified-feasible-seed2026082701,GIFT-Short,GIFT-Eval,short,0,multi_seasonal,4,moirai2,capability_effect_nrmse,0.1024951789,0.2594880535,20,timesfm2.5,0.1784131866,True,timesfm2.5
gift-v15-short-qualified-feasible-seed2026082701,GIFT-Short,GIFT-Eval,short,0,multi_seasonal,4,moirai2,capability_effect_nrmse,-0.1876993292,0.3482455735,20,tirex2,0.1379532468,False,
gift-v15-short-qualified-feasible-seed2026082701,GIFT-Short,GIFT-Eval,short,0,multi_seasonal,4,moirai2,capability_effect_nrmse,0.1662759867,0.5307689057,20,toto2.0,0.3670598919,True,toto2.0
gift-v15-short-qualified-feasible-seed2026082701,GIFT-Short,GIFT-Eval,short,0,multi_seasonal,4,timesfm2.5,capability_effect_nrmse,-0.3363565,0.1442058142,20,tirex2,-0.04045993984,False,
gift-v15-short-qualified-feasible-seed2026082701,GIFT-Short,GIFT-Eval,short,0,multi_seasonal,4,timesfm2.5,capability_effect_nrmse,0.02163908422,0.3099898512,20,toto2.0,0.1886467053,True,toto2.0
gift-v15-short-qualified-feasible-seed2026082701,GIFT-Short,GIFT-Eval,short,0,multi_seasonal,4,tirex2,capability_effect_nrmse,0.08433651978,0.4073514519,20,toto2.0,0.2291066452,True,toto2.0
gift-v15-short-qualified-feasible-seed2026082701,GIFT-Short,GIFT-Eval,short,0,multi_seasonal,5,Chronos-2,capability_effect_nrmse,-0.3137193759,-0.1058510603,20,Timer-3.5,-0.1955606668,True,Chronos-2
gift-v15-short-qualified-feasible-seed2026082701,GIFT-Short,GIFT-Eval,short,0,multi_seasonal,5,Chronos-2,capability_effect_nrmse,-0.326854192,-0.1073165462,20,moirai2,-0.2153247242,True,Chronos-2
gift-v15-short-qualified-feasible-seed2026082701,GIFT-Short,GIFT-Eval,short,0,multi_seasonal,5,Chronos-2,capability_effect_nrmse,-0.103234965,0.02834168694,20,timesfm2.5,-0.04288892757,False,
gift-v15-short-qualified-feasible-seed2026082701,GIFT-Short,GIFT-Eval,short,0,multi_seasonal,5,Chronos-2,capability_effect_nrmse,-0.3531703433,0.06789233924,20,tirex2,-0.09778345847,False,
gift-v15-short-qualified-feasible-seed2026082701,GIFT-Short,GIFT-Eval,short,0,multi_seasonal,5,Chronos-2,capability_effect_nrmse,0.03169841187,0.2159648652,20,toto2.0,0.1381022228,True,toto2.0
gift-v15-short-qualified-feasible-seed2026082701,GIFT-Short,GIFT-Eval,short,0,multi_seasonal,5,Timer-3.5,capability_effect_nrmse,-0.1343388248,0.1122811717,20,moirai2,-0.0197640574,False,
gift-v15-short-qualified-feasible-seed2026082701,GIFT-Short,GIFT-Eval,short,0,multi_seasonal,5,Timer-3.5,capability_effect_nrmse,0.07690229477,0.264857105,20,timesfm2.5,0.1526717392,True,timesfm2.5
gift-v15-short-qualified-feasible-seed2026082701,GIFT-Short,GIFT-Eval,short,0,multi_seasonal,5,Timer-3.5,capability_effect_nrmse,-0.2031292466,0.2990625701,20,tirex2,0.09777720833,False,
gift-v15-short-qualified-feasible-seed2026082701,GIFT-Short,GIFT-Eval,short,0,multi_seasonal,5,Timer-3.5,capability_effect_nrmse,0.1613623874,0.4911311868,20,toto2.0,0.3336628896,True,toto2.0
gift-v15-short-qualified-feasible-seed2026082701,GIFT-Short,GIFT-Eval,short,0,multi_seasonal,5,moirai2,capability_effect_nrmse,0.09715203655,0.2491680332,20,timesfm2.5,0.1724357966,True,timesfm2.5
gift-v15-short-qualified-feasible-seed2026082701,GIFT-Short,GIFT-Eval,short,0,multi_seasonal,5,moirai2,capability_effect_nrmse,-0.1879358307,0.3248869735,20,tirex2,0.1175412657,False,
gift-v15-short-qualified-feasible-seed2026082701,GIFT-Short,GIFT-Eval,short,0,multi_seasonal,5,moirai2,capability_effect_nrmse,0.1697487809,0.5134576903,20,toto2.0,0.353426947,True,toto2.0
gift-v15-short-qualified-feasible-seed2026082701,GIFT-Short,GIFT-Eval,short,0,multi_seasonal,5,timesfm2.5,capability_effect_nrmse,-0.3692482688,0.1279727381,20,tirex2,-0.05489453091,False,
gift-v15-short-qualified-feasible-seed2026082701,GIFT-Short,GIFT-Eval,short,0,multi_seasonal,5,timesfm2.5,capability_effect_nrmse,0.006395970674,0.299771557,20,toto2.0,0.1809911504,True,toto2.0
gift-v15-short-qualified-feasible-seed2026082701,GIFT-Short,GIFT-Eval,short,0,multi_seasonal,5,tirex2,capability_effect_nrmse,0.08533340555,0.4187606546,20,toto2.0,0.2358856813,True,toto2.0
gift-v15-short-qualified-feasible-seed2026082701,GIFT-Short,GIFT-Eval,short,0,predictable_intermittency,1,Chronos-2,capability_effect_nrmse,-0.1587768448,0.1939549283,20,Timer-3.5,0.0002741479406,False,
gift-v15-short-qualified-feasible-seed2026082701,GIFT-Short,GIFT-Eval,short,0,predictable_intermittency,1,Chronos-2,capability_effect_nrmse,-0.2582203498,0.08642051259,20,moirai2,-0.1115410349,False,
gift-v15-short-qualified-feasible-seed2026082701,GIFT-Short,GIFT-Eval,short,0,predictable_intermittency,1,Chronos-2,capability_effect_nrmse,-0.02548953346,0.2559827753,20,timesfm2.5,0.08161746076,False,
gift-v15-short-qualified-feasible-seed2026082701,GIFT-Short,GIFT-Eval,short,0,predictable_intermittency,1,Chronos-2,capability_effect_nrmse,-0.005445750838,0.06486399786,20,tirex2,0.02807716032,False,
gift-v15-short-qualified-feasible-seed2026082701,GIFT-Short,GIFT-Eval,short,0,predictable_intermittency,1,Chronos-2,capability_effect_nrmse,0.008016778271,0.1597548295,20,toto2.0,0.06886887143,True,toto2.0
gift-v15-short-qualified-feasible-seed2026082701,GIFT-Short,GIFT-Eval,short,0,predictable_intermittency,1,Timer-3.5,capability_effect_nrmse,-0.2393133715,0.01406119718,20,moirai2,-0.1118151829,False,
gift-v15-short-qualified-feasible-seed2026082701,GIFT-Short,GIFT-Eval,short,0,predictable_intermittency,1,Timer-3.5,capability_effect_nrmse,0.02716817656,0.1676329901,20,timesfm2.5,0.08134331281,True,timesfm2.5
gift-v15-short-qualified-feasible-seed2026082701,GIFT-Short,GIFT-Eval,short,0,predictable_intermittency,1,Timer-3.5,capability_effect_nrmse,-0.1801819515,0.1672487819,20,tirex2,0.02780301238,False,
gift-v15-short-qualified-feasible-seed2026082701,GIFT-Short,GIFT-Eval,short,0,predictable_intermittency,1,Timer-3.5,capability_effect_nrmse,-0.05906303269,0.1892067796,20,toto2.0,0.06859472348,False,
gift-v15-short-qualified-feasible-seed2026082701,GIFT-Short,GIFT-Eval,short,0,predictable_intermittency,1,moirai2,capability_effect_nrmse,0.1130111468,0.292992262,20,timesfm2.5,0.1931584957,True,timesfm2.5
gift-v15-short-qualified-feasible-seed2026082701,GIFT-Short,GIFT-Eval,short,0,predictable_intermittency,1,moirai2,capability_effect_nrmse,-0.07961459552,0.2997736683,20,tirex2,0.1396181952,False,
gift-v15-short-qualified-feasible-seed2026082701,GIFT-Short,GIFT-Eval,short,0,predictable_intermittency,1,moirai2,capability_effect_nrmse,0.04754413515,0.3031437316,20,toto2.0,0.1804099063,True,toto2.0
gift-v15-short-qualified-feasible-seed2026082701,GIFT-Short,GIFT-Eval,short,0,predictable_intermittency,1,timesfm2.5,capability_effect_nrmse,-0.2288862061,0.04421414793,20,tirex2,-0.05354030044,False,
gift-v15-short-qualified-feasible-seed2026082701,GIFT-Short,GIFT-Eval,short,0,predictable_intermittency,1,timesfm2.5,capability_effect_nrmse,-0.1055422816,0.04574281824,20,toto2.0,-0.01274858933,False,
gift-v15-short-qualified-feasible-seed2026082701,GIFT-Short,GIFT-Eval,short,0,predictable_intermittency,1,tirex2,capability_effect_nrmse,-0.01716536198,0.132035155,20,toto2.0,0.04079171111,False,
gift-v15-short-qualified-feasible-seed2026082701,GIFT-Short,GIFT-Eval,short,0,predictable_intermittency,2,Chronos-2,capability_effect_nrmse,-0.1009874933,0.3075060144,20,Timer-3.5,0.08138080005,False,
gift-v15-short-qualified-feasible-seed2026082701,GIFT-Short,GIFT-Eval,short,0,predictable_intermittency,2,Chronos-2,capability_effect_nrmse,-0.1933472099,0.1954061399,20,moirai2,-0.01443838559,False,
gift-v15-short-qualified-feasible-seed2026082701,GIFT-Short,GIFT-Eval,short,0,predictable_intermittency,2,Chronos-2,capability_effect_nrmse,0.002887639379,0.3712440397,20,timesfm2.5,0.1546556951,True,timesfm2.5
gift-v15-short-qualified-feasible-seed2026082701,GIFT-Short,GIFT-Eval,short,0,predictable_intermittency,2,Chronos-2,capability_effect_nrmse,-0.02043996828,0.1778420452,20,tirex2,0.05565348288,False,
gift-v15-short-qualified-feasible-seed2026082701,GIFT-Short,GIFT-Eval,short,0,predictable_intermittency,2,Chronos-2,capability_effect_nrmse,-0.003216703865,0.2185926531,20,toto2.0,0.09009573087,False,
gift-v15-short-qualified-feasible-seed2026082701,GIFT-Short,GIFT-Eval,short,0,predictable_intermittency,2,Timer-3.5,capability_effect_nrmse,-0.2366913286,0.03451545303,20,moirai2,-0.09581918565,False,
gift-v15-short-qualified-feasible-seed2026082701,GIFT-Short,GIFT-Eval,short,0,predictable_intermittency,2,Timer-3.5,capability_effect_nrmse,0.02028474289,0.1647119107,20,timesfm2.5,0.07327489501,True,timesfm2.5
gift-v15-short-qualified-feasible-seed2026082701,GIFT-Short,GIFT-Eval,short,0,predictable_intermittency,2,Timer-3.5,capability_effect_nrmse,-0.2621483961,0.1385705765,20,tirex2,-0.02572731717,False,
gift-v15-short-qualified-feasible-seed2026082701,GIFT-Short,GIFT-Eval,short,0,predictable_intermittency,2,Timer-3.5,capability_effect_nrmse,-0.1292510785,0.1458715794,20,toto2.0,0.008714930815,False,
gift-v15-short-qualified-feasible-seed2026082701,GIFT-Short,GIFT-Eval,short,0,predictable_intermittency,2,moirai2,capability_effect_nrmse,0.07431651844,0.2937400373,20,timesfm2.5,0.1690940807,True,timesfm2.5
gift-v15-short-qualified-feasible-seed2026082701,GIFT-Short,GIFT-Eval,short,0,predictable_intermittency,2,moirai2,capability_effect_nrmse,-0.1817344073,0.2692286902,20,tirex2,0.07009186848,False,
gift-v15-short-qualified-feasible-seed2026082701,GIFT-Short,GIFT-Eval,short,0,predictable_intermittency,2,moirai2,capability_effect_nrmse,-0.04798244271,0.2508863085,20,toto2.0,0.1045341165,False,
gift-v15-short-qualified-feasible-seed2026082701,GIFT-Short,GIFT-Eval,short,0,predictable_intermittency,2,timesfm2.5,capability_effect_nrmse,-0.3300548115,0.0304528245,20,tirex2,-0.09900221218,False,
gift-v15-short-qualified-feasible-seed2026082701,GIFT-Short,GIFT-Eval,short,0,predictable_intermittency,2,timesfm2.5,capability_effect_nrmse,-0.1847186182,0.005783879136,20,toto2.0,-0.06455996419,False,
gift-v15-short-qualified-feasible-seed2026082701,GIFT-Short,GIFT-Eval,short,0,predictable_intermittency,2,tirex2,capability_effect_nrmse,-0.04631276772,0.1625181775,20,toto2.0,0.03444224798,False,
gift-v15-short-qualified-feasible-seed2026082701,GIFT-Short,GIFT-Eval,short,0,predictable_intermittency,3,Chronos-2,capability_effect_nrmse,-0.1771695716,0.003514105006,20,Timer-3.5,-0.07123721944,False,
gift-v15-short-qualified-feasible-seed2026082701,GIFT-Short,GIFT-Eval,short,0,predictable_intermittency,3,Chronos-2,capability_effect_nrmse,-0.2080281533,-0.07105731422,20,moirai2,-0.1357331946,True,Chronos-2
gift-v15-short-qualified-feasible-seed2026082701,GIFT-Short,GIFT-Eval,short,0,predictable_intermittency,3,Chronos-2,capability_effect_nrmse,-0.03040311246,0.0362612266,20,timesfm2.5,0.0005965533782,False,
gift-v15-short-qualified-feasible-seed2026082701,GIFT-Short,GIFT-Eval,short,0,predictable_intermittency,3,Chronos-2,capability_effect_nrmse,-0.3888854602,0.0349828257,20,tirex2,-0.1195354934,False,
gift-v15-short-qualified-feasible-seed2026082701,GIFT-Short,GIFT-Eval,short,0,predictable_intermittency,3,Chronos-2,capability_effect_nrmse,-0.3162028226,-0.005040897767,20,toto2.0,-0.1394038947,True,Chronos-2
gift-v15-short-qualified-feasible-seed2026082701,GIFT-Short,GIFT-Eval,short,0,predictable_intermittency,3,Timer-3.5,capability_effect_nrmse,-0.1639964455,0.05088703589,20,moirai2,-0.06449597519,False,
gift-v15-short-qualified-feasible-seed2026082701,GIFT-Short,GIFT-Eval,short,0,predictable_intermittency,3,Timer-3.5,capability_effect_nrmse,-0.004836890829,0.1815844462,20,timesfm2.5,0.07183377282,False,
gift-v15-short-qualified-feasible-seed2026082701,GIFT-Short,GIFT-Eval,short,0,predictable_intermittency,3,Timer-3.5,capability_effect_nrmse,-0.3148832022,0.1240585414,20,tirex2,-0.04829827401,False,
gift-v15-short-qualified-feasible-seed2026082701,GIFT-Short,GIFT-Eval,short,0,predictable_intermittency,3,Timer-3.5,capability_effect_nrmse,-0.2378814595,0.08625137815,20,toto2.0,-0.06816667529,False,
gift-v15-short-qualified-feasible-seed2026082701,GIFT-Short,GIFT-Eval,short,0,predictable_intermittency,3,moirai2,capability_effect_nrmse,0.09069732881,0.1880935906,20,timesfm2.5,0.136329748,True,timesfm2.5
gift-v15-short-qualified-feasible-seed2026082701,GIFT-Short,GIFT-Eval,short,0,predictable_intermittency,3,moirai2,capability_effect_nrmse,-0.2744746168,0.1876278378,20,tirex2,0.01619770117,False,
gift-v15-short-qualified-feasible-seed2026082701,GIFT-Short,GIFT-Eval,short,0,predictable_intermittency,3,moirai2,capability_effect_nrmse,-0.1777415087,0.1282905943,20,toto2.0,-0.003670700107,False,
gift-v15-short-qualified-feasible-seed2026082701,GIFT-Short,GIFT-Eval,short,0,predictable_intermittency,3,timesfm2.5,capability_effect_nrmse,-0.4038707308,0.0306130674,20,tirex2,-0.1201320468,False,
gift-v15-short-qualified-feasible-seed2026082701,GIFT-Short,GIFT-Eval,short,0,predictable_intermittency,3,timesfm2.5,capability_effect_nrmse,-0.3441091912,-0.001996760758,20,toto2.0,-0.1400004481,True,timesfm2.5
gift-v15-short-qualified-feasible-seed2026082701,GIFT-Short,GIFT-Eval,short,0,predictable_intermittency,3,tirex2,capability_effect_nrmse,-0.2050206002,0.1696665511,20,toto2.0,-0.01986840128,False,
gift-v15-short-qualified-feasible-seed2026082701,GIFT-Short,GIFT-Eval,short,0,predictable_intermittency,4,Chronos-2,capability_effect_nrmse,-0.1261361912,0.07115481381,20,Timer-3.5,-0.03087595616,False,
gift-v15-short-qualified-feasible-seed2026082701,GIFT-Short,GIFT-Eval,short,0,predictable_intermittency,4,Chronos-2,capability_effect_nrmse,-0.1299203033,0.06736723146,20,moirai2,-0.04880206347,False,
gift-v15-short-qualified-feasible-seed2026082701,GIFT-Short,GIFT-Eval,short,0,predictable_intermittency,4,Chronos-2,capability_effect_nrmse,-0.002893517001,0.1692938436,20,timesfm2.5,0.06522662552,False,
gift-v15-short-qualified-feasible-seed2026082701,GIFT-Short,GIFT-Eval,short,0,predictable_intermittency,4,Chronos-2,capability_effect_nrmse,-0.3812050979,0.1035553619,20,tirex2,-0.0909714043,False,
gift-v15-short-qualified-feasible-seed2026082701,GIFT-Short,GIFT-Eval,short,0,predictable_intermittency,4,Chronos-2,capability_effect_nrmse,-0.2923608243,0.08319908011,20,toto2.0,-0.07637986868,False,
gift-v15-short-qualified-feasible-seed2026082701,GIFT-Short,GIFT-Eval,short,0,predictable_intermittency,4,Timer-3.5,capability_effect_nrmse,-0.09605989381,0.06491410381,20,moirai2,-0.01792610731,False,
gift-v15-short-qualified-feasible-seed2026082701,GIFT-Short,GIFT-Eval,short,0,predictable_intermittency,4,Timer-3.5,capability_effect_nrmse,0.029427273,0.183091428,20,timesfm2.5,0.09610258167,True,timesfm2.5
gift-v15-short-qualified-feasible-seed2026082701,GIFT-Short,GIFT-Eval,short,0,predictable_intermittency,4,Timer-3.5,capability_effect_nrmse,-0.2965118947,0.09381543345,20,tirex2,-0.06009544814,False,
gift-v15-short-qualified-feasible-seed2026082701,GIFT-Short,GIFT-Eval,short,0,predictable_intermittency,4,Timer-3.5,capability_effect_nrmse,-0.2281835595,0.09302368501,20,toto2.0,-0.04550391252,False,
gift-v15-short-qualified-feasible-seed2026082701,GIFT-Short,GIFT-Eval,short,0,predictable_intermittency,4,moirai2,capability_effect_nrmse,0.07366384911,0.1591312115,20,timesfm2.5,0.114028689,True,timesfm2.5
gift-v15-short-qualified-feasible-seed2026082701,GIFT-Short,GIFT-Eval,short,0,predictable_intermittency,4,moirai2,capability_effect_nrmse,-0.3110042766,0.1210111789,20,tirex2,-0.04216934083,False,
gift-v15-short-qualified-feasible-seed2026082701,GIFT-Short,GIFT-Eval,short,0,predictable_intermittency,4,moirai2,capability_effect_nrmse,-0.2473917804,0.1106850107,20,toto2.0,-0.02757780521,False,
gift-v15-short-qualified-feasible-seed2026082701,GIFT-Short,GIFT-Eval,short,0,predictable_intermittency,4,timesfm2.5,capability_effect_nrmse,-0.443974595,0.008799691503,20,tirex2,-0.1561980298,False,
gift-v15-short-qualified-feasible-seed2026082701,GIFT-Short,GIFT-Eval,short,0,predictable_intermittency,4,timesfm2.5,capability_effect_nrmse,-0.3647482746,-0.01171705241,20,toto2.0,-0.1416064942,True,timesfm2.5
gift-v15-short-qualified-feasible-seed2026082701,GIFT-Short,GIFT-Eval,short,0,predictable_intermittency,4,tirex2,capability_effect_nrmse,-0.06699790912,0.106538871,20,toto2.0,0.01459153562,False,
gift-v15-short-qualified-feasible-seed2026082701,GIFT-Short,GIFT-Eval,short,0,predictable_intermittency,5,Chronos-2,capability_effect_nrmse,-0.1199938197,0.05173756234,20,Timer-3.5,-0.02587582943,False,
gift-v15-short-qualified-feasible-seed2026082701,GIFT-Short,GIFT-Eval,short,0,predictable_intermittency,5,Chronos-2,capability_effect_nrmse,-0.03483397257,0.050845501,20,moirai2,0.009596396289,False,
gift-v15-short-qualified-feasible-seed2026082701,GIFT-Short,GIFT-Eval,short,0,predictable_intermittency,5,Chronos-2,capability_effect_nrmse,-0.00772968671,0.08306648568,20,timesfm2.5,0.0368452684,False,
gift-v15-short-qualified-feasible-seed2026082701,GIFT-Short,GIFT-Eval,short,0,predictable_intermittency,5,Chronos-2,capability_effect_nrmse,-0.665793448,0.04076866117,20,tirex2,-0.2099620094,False,
gift-v15-short-qualified-feasible-seed2026082701,GIFT-Short,GIFT-Eval,short,0,predictable_intermittency,5,Chronos-2,capability_effect_nrmse,-0.4436205883,-0.05089955253,20,toto2.0,-0.1948973579,True,Chronos-2
gift-v15-short-qualified-feasible-seed2026082701,GIFT-Short,GIFT-Eval,short,0,predictable_intermittency,5,Timer-3.5,capability_effect_nrmse,-0.05853302311,0.1466148329,20,moirai2,0.03547222572,False,
gift-v15-short-qualified-feasible-seed2026082701,GIFT-Short,GIFT-Eval,short,0,predictable_intermittency,5,Timer-3.5,capability_effect_nrmse,-0.03325119278,0.1790013042,20,timesfm2.5,0.06272109783,False,
gift-v15-short-qualified-feasible-seed2026082701,GIFT-Short,GIFT-Eval,short,0,predictable_intermittency,5,Timer-3.5,capability_effect_nrmse,-0.5918798454,0.0529768583,20,tirex2,-0.18408618,False,
gift-v15-short-qualified-feasible-seed2026082701,GIFT-Short,GIFT-Eval,short,0,predictable_intermittency,5,Timer-3.5,capability_effect_nrmse,-0.3775184219,-0.01687553471,20,toto2.0,-0.1690215285,True,Timer-3.5
gift-v15-short-qualified-feasible-seed2026082701,GIFT-Short,GIFT-Eval,short,0,predictable_intermittency,5,moirai2,capability_effect_nrmse,-0.002705382083,0.06499645236,20,timesfm2.5,0.02724887211,False,
gift-v15-short-qualified-feasible-seed2026082701,GIFT-Short,GIFT-Eval,short,0,predictable_intermittency,5,moirai2,capability_effect_nrmse,-0.6836319406,0.03097232794,20,tirex2,-0.2195584057,False,
gift-v15-short-qualified-feasible-seed2026082701,GIFT-Short,GIFT-Eval,short,0,predictable_intermittency,5,moirai2,capability_effect_nrmse,-0.4737700064,-0.04513760298,20,toto2.0,-0.2044937542,True,moirai2
gift-v15-short-qualified-feasible-seed2026082701,GIFT-Short,GIFT-Eval,short,0,predictable_intermittency,5,timesfm2.5,capability_effect_nrmse,-0.7214418477,0.006483861352,20,tirex2,-0.2468072778,False,
gift-v15-short-qualified-feasible-seed2026082701,GIFT-Short,GIFT-Eval,short,0,predictable_intermittency,5,timesfm2.5,capability_effect_nrmse,-0.5169383948,-0.06859080681,20,toto2.0,-0.2317426263,True,timesfm2.5
gift-v15-short-qualified-feasible-seed2026082701,GIFT-Short,GIFT-Eval,short,0,predictable_intermittency,5,tirex2,capability_effect_nrmse,-0.1242192434,0.2354838542,20,toto2.0,0.01506465145,False,
gift-v15-short-qualified-feasible-seed2026082701,GIFT-Short,GIFT-Eval,short,0,regime_switching,1,Chronos-2,capability_effect_nrmse,-0.04346379512,0.02698250144,20,Timer-3.5,-0.009359006686,False,
gift-v15-short-qualified-feasible-seed2026082701,GIFT-Short,GIFT-Eval,short,0,regime_switching,1,Chronos-2,capability_effect_nrmse,-0.07218288686,0.009426535094,20,moirai2,-0.0306791188,False,
gift-v15-short-qualified-feasible-seed2026082701,GIFT-Short,GIFT-Eval,short,0,regime_switching,1,Chronos-2,capability_effect_nrmse,-0.01823455704,0.03052978288,20,timesfm2.5,0.004155866052,False,
gift-v15-short-qualified-feasible-seed2026082701,GIFT-Short,GIFT-Eval,short,0,regime_switching,1,Chronos-2,capability_effect_nrmse,0.005215438668,0.06102724511,20,tirex2,0.02980939843,True,tirex2
gift-v15-short-qualified-feasible-seed2026082701,GIFT-Short,GIFT-Eval,short,0,regime_switching,1,Chronos-2,capability_effect_nrmse,-0.120982994,0.0194789248,20,toto2.0,-0.04106539399,False,
gift-v15-short-qualified-feasible-seed2026082701,GIFT-Short,GIFT-Eval,short,0,regime_switching,1,Timer-3.5,capability_effect_nrmse,-0.07775131676,0.01324347756,20,moirai2,-0.02132011212,False,
gift-v15-short-qualified-feasible-seed2026082701,GIFT-Short,GIFT-Eval,short,0,regime_switching,1,Timer-3.5,capability_effect_nrmse,-0.004507690043,0.03226961287,20,timesfm2.5,0.01351487274,False,
gift-v15-short-qualified-feasible-seed2026082701,GIFT-Short,GIFT-Eval,short,0,regime_switching,1,Timer-3.5,capability_effect_nrmse,0.02203898468,0.06023079709,20,tirex2,0.03916840512,True,tirex2
gift-v15-short-qualified-feasible-seed2026082701,GIFT-Short,GIFT-Eval,short,0,regime_switching,1,Timer-3.5,capability_effect_nrmse,-0.1200772701,0.03358723013,20,toto2.0,-0.03170638731,False,
gift-v15-short-qualified-feasible-seed2026082701,GIFT-Short,GIFT-Eval,short,0,regime_switching,1,moirai2,capability_effect_nrmse,0.004417862543,0.07930416134,20,timesfm2.5,0.03483498486,True,timesfm2.5
gift-v15-short-qualified-feasible-seed2026082701,GIFT-Short,GIFT-Eval,short,0,regime_switching,1,moirai2,capability_effect_nrmse,0.02225046777,0.1138460583,20,tirex2,0.06048851723,True,tirex2
gift-v15-short-qualified-feasible-seed2026082701,GIFT-Short,GIFT-Eval,short,0,regime_switching,1,moirai2,capability_effect_nrmse,-0.06975812287,0.03593293249,20,toto2.0,-0.01038627519,False,
gift-v15-short-qualified-feasible-seed2026082701,GIFT-Short,GIFT-Eval,short,0,regime_switching,1,timesfm2.5,capability_effect_nrmse,0.01337874691,0.04006755288,20,tirex2,0.02565353238,True,tirex2
gift-v15-short-qualified-feasible-seed2026082701,GIFT-Short,GIFT-Eval,short,0,regime_switching,1,timesfm2.5,capability_effect_nrmse,-0.1239117565,0.01014226679,20,toto2.0,-0.04522126005,False,
gift-v15-short-qualified-feasible-seed2026082701,GIFT-Short,GIFT-Eval,short,0,regime_switching,1,tirex2,capability_effect_nrmse,-0.1535024602,-0.01050311103,20,toto2.0,-0.07087479242,True,tirex2
gift-v15-short-qualified-feasible-seed2026082701,GIFT-Short,GIFT-Eval,short,0,regime_switching,2,Chronos-2,capability_effect_nrmse,-0.06203187393,0.0282236426,20,Timer-3.5,-0.02282056678,False,
gift-v15-short-qualified-feasible-seed2026082701,GIFT-Short,GIFT-Eval,short,0,regime_switching,2,Chronos-2,capability_effect_nrmse,-0.06330819344,-0.008015540952,20,moirai2,-0.03601133392,True,Chronos-2
gift-v15-short-qualified-feasible-seed2026082701,GIFT-Short,GIFT-Eval,short,0,regime_switching,2,Chronos-2,capability_effect_nrmse,-0.02126995934,0.04883544122,20,timesfm2.5,0.008086665914,False,
gift-v15-short-qualified-feasible-seed2026082701,GIFT-Short,GIFT-Eval,short,0,regime_switching,2,Chronos-2,capability_effect_nrmse,0.006881127897,0.08770506088,20,tirex2,0.03690073895,True,tirex2
gift-v15-short-qualified-feasible-seed2026082701,GIFT-Short,GIFT-Eval,short,0,regime_switching,2,Chronos-2,capability_effect_nrmse,-0.1072413884,0.003078665725,20,toto2.0,-0.04357925832,False,
gift-v15-short-qualified-feasible-seed2026082701,GIFT-Short,GIFT-Eval,short,0,regime_switching,2,Timer-3.5,capability_effect_nrmse,-0.06738109395,0.02379892828,20,moirai2,-0.01319076714,False,
gift-v15-short-qualified-feasible-seed2026082701,GIFT-Short,GIFT-Eval,short,0,regime_switching,2,Timer-3.5,capability_effect_nrmse,0.01106268057,0.05615862132,20,timesfm2.5,0.03090723269,True,timesfm2.5
gift-v15-short-qualified-feasible-seed2026082701,GIFT-Short,GIFT-Eval,short,0,regime_switching,2,Timer-3.5,capability_effect_nrmse,0.03513897388,0.09059576587,20,tirex2,0.05972130572,True,tirex2
gift-v15-short-qualified-feasible-seed2026082701,GIFT-Short,GIFT-Eval,short,0,regime_switching,2,Timer-3.5,capability_effect_nrmse,-0.1193218916,0.05305161518,20,toto2.0,-0.02075869154,False,
gift-v15-short-qualified-feasible-seed2026082701,GIFT-Short,GIFT-Eval,short,0,regime_switching,2,moirai2,capability_effect_nrmse,0.01042404548,0.09200441004,20,timesfm2.5,0.04409799983,True,timesfm2.5
gift-v15-short-qualified-feasible-seed2026082701,GIFT-Short,GIFT-Eval,short,0,regime_switching,2,moirai2,capability_effect_nrmse,0.02673701763,0.1360534237,20,tirex2,0.07291207286,True,tirex2
gift-v15-short-qualified-feasible-seed2026082701,GIFT-Short,GIFT-Eval,short,0,regime_switching,2,moirai2,capability_effect_nrmse,-0.08453788845,0.04913382288,20,toto2.0,-0.007567924404,False,
gift-v15-short-qualified-feasible-seed2026082701,GIFT-Short,GIFT-Eval,short,0,regime_switching,2,timesfm2.5,capability_effect_nrmse,0.008470353105,0.04827647157,20,tirex2,0.02881407303,True,tirex2
gift-v15-short-qualified-feasible-seed2026082701,GIFT-Short,GIFT-Eval,short,0,regime_switching,2,timesfm2.5,capability_effect_nrmse,-0.1535719298,0.02338927883,20,toto2.0,-0.05166592423,False,
gift-v15-short-qualified-feasible-seed2026082701,GIFT-Short,GIFT-Eval,short,0,regime_switching,2,tirex2,capability_effect_nrmse,-0.1803473592,-0.01024724012,20,toto2.0,-0.08047999726,True,tirex2
gift-v15-short-qualified-feasible-seed2026082701,GIFT-Short,GIFT-Eval,short,0,regime_switching,3,Chronos-2,capability_effect_nrmse,-0.08464775933,0.01330360464,20,Timer-3.5,-0.03997751067,False,
gift-v15-short-qualified-feasible-seed2026082701,GIFT-Short,GIFT-Eval,short,0,regime_switching,3,Chronos-2,capability_effect_nrmse,-0.07635802214,-0.02739677869,20,moirai2,-0.05020041636,True,Chronos-2
gift-v15-short-qualified-feasible-seed2026082701,GIFT-Short,GIFT-Eval,short,0,regime_switching,3,Chronos-2,capability_effect_nrmse,-0.02503659639,0.0428820801,20,timesfm2.5,0.002889081883,False,
gift-v15-short-qualified-feasible-seed2026082701,GIFT-Short,GIFT-Eval,short,0,regime_switching,3,Chronos-2,capability_effect_nrmse,-0.012593926,0.07810281316,20,tirex2,0.02781996357,False,
gift-v15-short-qualified-feasible-seed2026082701,GIFT-Short,GIFT-Eval,short,0,regime_switching,3,Chronos-2,capability_effect_nrmse,-0.141746598,0.004585872492,20,toto2.0,-0.05524379406,False,
gift-v15-short-qualified-feasible-seed2026082701,GIFT-Short,GIFT-Eval,short,0,regime_switching,3,Timer-3.5,capability_effect_nrmse,-0.06507705227,0.03007635117,20,moirai2,-0.01022290569,False,
gift-v15-short-qualified-feasible-seed2026082701,GIFT-Short,GIFT-Eval,short,0,regime_switching,3,Timer-3.5,capability_effect_nrmse,0.01758595987,0.07228008163,20,timesfm2.5,0.04286659255,True,timesfm2.5
gift-v15-short-qualified-feasible-seed2026082701,GIFT-Short,GIFT-Eval,short,0,regime_switching,3,Timer-3.5,capability_effect_nrmse,0.03286942724,0.1078303433,20,tirex2,0.06779747424,True,tirex2
gift-v15-short-qualified-feasible-seed2026082701,GIFT-Short,GIFT-Eval,short,0,regime_switching,3,Timer-3.5,capability_effect_nrmse,-0.128056804,0.07170672458,20,toto2.0,-0.01526628339,False,
gift-v15-short-qualified-feasible-seed2026082701,GIFT-Short,GIFT-Eval,short,0,regime_switching,3,moirai2,capability_effect_nrmse,0.0192363533,0.1018661772,20,timesfm2.5,0.05308949824,True,timesfm2.5
gift-v15-short-qualified-feasible-seed2026082701,GIFT-Short,GIFT-Eval,short,0,regime_switching,3,moirai2,capability_effect_nrmse,0.02249594602,0.1400348497,20,tirex2,0.07802037993,True,tirex2
gift-v15-short-qualified-feasible-seed2026082701,GIFT-Short,GIFT-Eval,short,0,regime_switching,3,moirai2,capability_effect_nrmse,-0.09339202942,0.06097884901,20,toto2.0,-0.005043377698,False,
gift-v15-short-qualified-feasible-seed2026082701,GIFT-Short,GIFT-Eval,short,0,regime_switching,3,timesfm2.5,capability_effect_nrmse,-0.01067625286,0.0523971744,20,tirex2,0.02493088168,False,
gift-v15-short-qualified-feasible-seed2026082701,GIFT-Short,GIFT-Eval,short,0,regime_switching,3,timesfm2.5,capability_effect_nrmse,-0.1658881658,0.02183899684,20,toto2.0,-0.05813287594,False,
gift-v15-short-qualified-feasible-seed2026082701,GIFT-Short,GIFT-Eval,short,0,regime_switching,3,tirex2,capability_effect_nrmse,-0.187810657,-0.01220332225,20,toto2.0,-0.08306375762,True,tirex2
gift-v15-short-qualified-feasible-seed2026082701,GIFT-Short,GIFT-Eval,short,0,regime_switching,4,Chronos-2,capability_effect_nrmse,-0.1039846812,0.0146837278,20,Timer-3.5,-0.05029907013,False,
gift-v15-short-qualified-feasible-seed2026082701,GIFT-Short,GIFT-Eval,short,0,regime_switching,4,Chronos-2,capability_effect_nrmse,-0.06969136854,-0.01265858875,20,moirai2,-0.04080281403,True,Chronos-2
gift-v15-short-qualified-feasible-seed2026082701,GIFT-Short,GIFT-Eval,short,0,regime_switching,4,Chronos-2,capability_effect_nrmse,-0.02925047731,0.07096335126,20,timesfm2.5,0.01257392522,False,
gift-v15-short-qualified-feasible-seed2026082701,GIFT-Short,GIFT-Eval,short,0,regime_switching,4,Chronos-2,capability_effect_nrmse,-0.02902950728,0.08626811826,20,tirex2,0.02453480443,False,
gift-v15-short-qualified-feasible-seed2026082701,GIFT-Short,GIFT-Eval,short,0,regime_switching,4,Chronos-2,capability_effect_nrmse,-0.1383189131,0.007032139301,20,toto2.0,-0.04968373635,False,
gift-v15-short-qualified-feasible-seed2026082701,GIFT-Short,GIFT-Eval,short,0,regime_switching,4,Timer-3.5,capability_effect_nrmse,-0.04387128465,0.05507794383,20,moirai2,0.009496256091,False,
gift-v15-short-qualified-feasible-seed2026082701,GIFT-Short,GIFT-Eval,short,0,regime_switching,4,Timer-3.5,capability_effect_nrmse,0.03587891153,0.09542384074,20,timesfm2.5,0.06287299534,True,timesfm2.5
gift-v15-short-qualified-feasible-seed2026082701,GIFT-Short,GIFT-Eval,short,0,regime_switching,4,Timer-3.5,capability_effect_nrmse,0.02751056491,0.1213261411,20,tirex2,0.07483387455,True,tirex2
gift-v15-short-qualified-feasible-seed2026082701,GIFT-Short,GIFT-Eval,short,0,regime_switching,4,Timer-3.5,capability_effect_nrmse,-0.1193487357,0.09096202152,20,toto2.0,0.0006153337796,False,
gift-v15-short-qualified-feasible-seed2026082701,GIFT-Short,GIFT-Eval,short,0,regime_switching,4,moirai2,capability_effect_nrmse,0.01726635348,0.1026627377,20,timesfm2.5,0.05337673925,True,timesfm2.5
gift-v15-short-qualified-feasible-seed2026082701,GIFT-Short,GIFT-Eval,short,0,regime_switching,4,moirai2,capability_effect_nrmse,0.000329154497,0.1293953758,20,tirex2,0.06533761846,True,tirex2
gift-v15-short-qualified-feasible-seed2026082701,GIFT-Short,GIFT-Eval,short,0,regime_switching,4,moirai2,capability_effect_nrmse,-0.1200542496,0.07044568007,20,toto2.0,-0.008880922312,False,
gift-v15-short-qualified-feasible-seed2026082701,GIFT-Short,GIFT-Eval,short,0,regime_switching,4,timesfm2.5,capability_effect_nrmse,-0.04075038437,0.04803888243,20,tirex2,0.01196087921,False,
gift-v15-short-qualified-feasible-seed2026082701,GIFT-Short,GIFT-Eval,short,0,regime_switching,4,timesfm2.5,capability_effect_nrmse,-0.1828984279,0.03321247856,20,toto2.0,-0.06225766156,False,
gift-v15-short-qualified-feasible-seed2026082701,GIFT-Short,GIFT-Eval,short,0,regime_switching,4,tirex2,capability_effect_nrmse,-0.1651994174,-0.006566518499,20,toto2.0,-0.07421854077,True,tirex2
gift-v15-short-qualified-feasible-seed2026082701,GIFT-Short,GIFT-Eval,short,0,regime_switching,5,Chronos-2,capability_effect_nrmse,-0.1109309406,-0.004902310055,20,Timer-3.5,-0.06030407742,True,Chronos-2
gift-v15-short-qualified-feasible-seed2026082701,GIFT-Short,GIFT-Eval,short,0,regime_switching,5,Chronos-2,capability_effect_nrmse,-0.07503645651,0.01051110646,20,moirai2,-0.03118081301,False,
gift-v15-short-qualified-feasible-seed2026082701,GIFT-Short,GIFT-Eval,short,0,regime_switching,5,Chronos-2,capability_effect_nrmse,-0.04263054776,0.04758998686,20,timesfm2.5,-0.0005538731226,False,
gift-v15-short-qualified-feasible-seed2026082701,GIFT-Short,GIFT-Eval,short,0,regime_switching,5,Chronos-2,capability_effect_nrmse,-0.03370164205,0.05810461847,20,tirex2,0.00870187317,False,
gift-v15-short-qualified-feasible-seed2026082701,GIFT-Short,GIFT-Eval,short,0,regime_switching,5,Chronos-2,capability_effect_nrmse,-0.1515268481,0.01676280358,20,toto2.0,-0.05044154355,False,
gift-v15-short-qualified-feasible-seed2026082701,GIFT-Short,GIFT-Eval,short,0,regime_switching,5,Timer-3.5,capability_effect_nrmse,-0.0157884481,0.07338328128,20,moirai2,0.02912326441,False,
gift-v15-short-qualified-feasible-seed2026082701,GIFT-Short,GIFT-Eval,short,0,regime_switching,5,Timer-3.5,capability_effect_nrmse,0.02643517018,0.09804244011,20,timesfm2.5,0.0597502043,True,timesfm2.5
gift-v15-short-qualified-feasible-seed2026082701,GIFT-Short,GIFT-Eval,short,0,regime_switching,5,Timer-3.5,capability_effect_nrmse,0.01555567531,0.1138503124,20,tirex2,0.06900595059,True,tirex2
gift-v15-short-qualified-feasible-seed2026082701,GIFT-Short,GIFT-Eval,short,0,regime_switching,5,Timer-3.5,capability_effect_nrmse,-0.115731612,0.1142125874,20,toto2.0,0.009862533875,False,
gift-v15-short-qualified-feasible-seed2026082701,GIFT-Short,GIFT-Eval,short,0,regime_switching,5,moirai2,capability_effect_nrmse,-0.006135918275,0.07053750797,20,timesfm2.5,0.03062693989,False,
gift-v15-short-qualified-feasible-seed2026082701,GIFT-Short,GIFT-Eval,short,0,regime_switching,5,moirai2,capability_effect_nrmse,-0.02181420757,0.09449764888,20,tirex2,0.03988268618,False,
gift-v15-short-qualified-feasible-seed2026082701,GIFT-Short,GIFT-Eval,short,0,regime_switching,5,moirai2,capability_effect_nrmse,-0.1471092372,0.07792691809,20,toto2.0,-0.01926073054,False,
gift-v15-short-qualified-feasible-seed2026082701,GIFT-Short,GIFT-Eval,short,0,regime_switching,5,timesfm2.5,capability_effect_nrmse,-0.02887315391,0.04359720416,20,tirex2,0.009255746292,False,
gift-v15-short-qualified-feasible-seed2026082701,GIFT-Short,GIFT-Eval,short,0,regime_switching,5,timesfm2.5,capability_effect_nrmse,-0.1779798599,0.04422277365,20,toto2.0,-0.04988767042,False,
gift-v15-short-qualified-feasible-seed2026082701,GIFT-Short,GIFT-Eval,short,0,regime_switching,5,tirex2,capability_effect_nrmse,-0.166288472,0.01399696368,20,toto2.0,-0.05914341672,False,
gift-v15-short-qualified-feasible-seed2026082701,GIFT-Short,GIFT-Eval,short,0,time_varying_seasonality,1,Chronos-2,capability_effect_nrmse,-0.1970341403,-0.008524384407,19,Timer-3.5,-0.1000458628,True,Chronos-2
gift-v15-short-qualified-feasible-seed2026082701,GIFT-Short,GIFT-Eval,short,0,time_varying_seasonality,1,Chronos-2,capability_effect_nrmse,-0.268993635,0.02637604096,19,moirai2,-0.1158240848,False,
gift-v15-short-qualified-feasible-seed2026082701,GIFT-Short,GIFT-Eval,short,0,time_varying_seasonality,1,Chronos-2,capability_effect_nrmse,-0.4033133587,-0.01156546342,19,timesfm2.5,-0.1782248497,True,Chronos-2
gift-v15-short-qualified-feasible-seed2026082701,GIFT-Short,GIFT-Eval,short,0,time_varying_seasonality,1,Chronos-2,capability_effect_nrmse,-0.1740364356,0.06089612596,19,tirex2,-0.05016523733,False,
gift-v15-short-qualified-feasible-seed2026082701,GIFT-Short,GIFT-Eval,short,0,time_varying_seasonality,1,Chronos-2,capability_effect_nrmse,-0.4760646111,0.01060450612,19,toto2.0,-0.1936803497,False,
gift-v15-short-qualified-feasible-seed2026082701,GIFT-Short,GIFT-Eval,short,0,time_varying_seasonality,1,Timer-3.5,capability_effect_nrmse,-0.1735535465,0.1275347216,19,moirai2,-0.01577822202,False,
gift-v15-short-qualified-feasible-seed2026082701,GIFT-Short,GIFT-Eval,short,0,time_varying_seasonality,1,Timer-3.5,capability_effect_nrmse,-0.2718493466,0.08305964912,19,timesfm2.5,-0.07817898692,False,
gift-v15-short-qualified-feasible-seed2026082701,GIFT-Short,GIFT-Eval,short,0,time_varying_seasonality,1,Timer-3.5,capability_effect_nrmse,-0.1054042094,0.1880158643,19,tirex2,0.04988062546,False,
gift-v15-short-qualified-feasible-seed2026082701,GIFT-Short,GIFT-Eval,short,0,time_varying_seasonality,1,Timer-3.5,capability_effect_nrmse,-0.4147760296,0.1448361403,19,toto2.0,-0.09363448689,False,
gift-v15-short-qualified-feasible-seed2026082701,GIFT-Short,GIFT-Eval,short,0,time_varying_seasonality,1,moirai2,capability_effect_nrmse,-0.2915698083,0.1463162335,19,timesfm2.5,-0.0624007649,False,
gift-v15-short-qualified-feasible-seed2026082701,GIFT-Short,GIFT-Eval,short,0,time_varying_seasonality,1,moirai2,capability_effect_nrmse,-0.08940359115,0.2135793742,19,tirex2,0.06565884748,False,
gift-v15-short-qualified-feasible-seed2026082701,GIFT-Short,GIFT-Eval,short,0,time_varying_seasonality,1,moirai2,capability_effect_nrmse,-0.4814408695,0.2216718162,19,toto2.0,-0.07785626487,False,
gift-v15-short-qualified-feasible-seed2026082701,GIFT-Short,GIFT-Eval,short,0,time_varying_seasonality,1,timesfm2.5,capability_effect_nrmse,-0.06975445857,0.327414297,19,tirex2,0.1280596124,False,
gift-v15-short-qualified-feasible-seed2026082701,GIFT-Short,GIFT-Eval,short,0,time_varying_seasonality,1,timesfm2.5,capability_effect_nrmse,-0.2515880171,0.2112280468,19,toto2.0,-0.01545549997,False,
gift-v15-short-qualified-feasible-seed2026082701,GIFT-Short,GIFT-Eval,short,0,time_varying_seasonality,1,tirex2,capability_effect_nrmse,-0.4214312219,0.09908044708,19,toto2.0,-0.1435151124,False,
gift-v15-short-qualified-feasible-seed2026082701,GIFT-Short,GIFT-Eval,short,0,time_varying_seasonality,2,Chronos-2,capability_effect_nrmse,-0.2066072153,-0.0477702977,19,Timer-3.5,-0.121402268,True,Chronos-2
gift-v15-short-qualified-feasible-seed2026082701,GIFT-Short,GIFT-Eval,short,0,time_varying_seasonality,2,Chronos-2,capability_effect_nrmse,-0.2770695663,-0.04072332841,19,moirai2,-0.1508627792,True,Chronos-2
gift-v15-short-qualified-feasible-seed2026082701,GIFT-Short,GIFT-Eval,short,0,time_varying_seasonality,2,Chronos-2,capability_effect_nrmse,-0.3190840717,-0.03676097391,19,timesfm2.5,-0.1610791198,True,Chronos-2
gift-v15-short-qualified-feasible-seed2026082701,GIFT-Short,GIFT-Eval,short,0,time_varying_seasonality,2,Chronos-2,capability_effect_nrmse,-0.1599772855,0.05665864427,19,tirex2,-0.0475663675,False,
gift-v15-short-qualified-feasible-seed2026082701,GIFT-Short,GIFT-Eval,short,0,time_varying_seasonality,2,Chronos-2,capability_effect_nrmse,-0.2800862312,0.06012898075,19,toto2.0,-0.08272847104,False,
gift-v15-short-qualified-feasible-seed2026082701,GIFT-Short,GIFT-Eval,short,0,time_varying_seasonality,2,Timer-3.5,capability_effect_nrmse,-0.1551755899,0.08632263828,19,moirai2,-0.02946051118,False,
gift-v15-short-qualified-feasible-seed2026082701,GIFT-Short,GIFT-Eval,short,0,time_varying_seasonality,2,Timer-3.5,capability_effect_nrmse,-0.1827060796,0.0789687902,19,timesfm2.5,-0.03967685183,False,
gift-v15-short-qualified-feasible-seed2026082701,GIFT-Short,GIFT-Eval,short,0,time_varying_seasonality,2,Timer-3.5,capability_effect_nrmse,-0.06577260353,0.1867248316,19,tirex2,0.07383590048,False,
gift-v15-short-qualified-feasible-seed2026082701,GIFT-Short,GIFT-Eval,short,0,time_varying_seasonality,2,Timer-3.5,capability_effect_nrmse,-0.1878746098,0.2200661029,19,toto2.0,0.03867379694,False,
gift-v15-short-qualified-feasible-seed2026082701,GIFT-Short,GIFT-Eval,short,0,time_varying_seasonality,2,moirai2,capability_effect_nrmse,-0.1642616661,0.1345649237,19,timesfm2.5,-0.01021634065,False,
gift-v15-short-qualified-feasible-seed2026082701,GIFT-Short,GIFT-Eval,short,0,time_varying_seasonality,2,moirai2,capability_effect_nrmse,-0.01610583291,0.2238011357,19,tirex2,0.1032964117,False,
gift-v15-short-qualified-feasible-seed2026082701,GIFT-Short,GIFT-Eval,short,0,time_varying_seasonality,2,moirai2,capability_effect_nrmse,-0.2071299722,0.2833945874,19,toto2.0,0.06813430812,False,
gift-v15-short-qualified-feasible-seed2026082701,GIFT-Short,GIFT-Eval,short,0,time_varying_seasonality,2,timesfm2.5,capability_effect_nrmse,-0.058548565,0.2895345703,19,tirex2,0.1135127523,False,
gift-v15-short-qualified-feasible-seed2026082701,GIFT-Short,GIFT-Eval,short,0,time_varying_seasonality,2,timesfm2.5,capability_effect_nrmse,-0.1082052307,0.2506497973,19,toto2.0,0.07835064877,False,
gift-v15-short-qualified-feasible-seed2026082701,GIFT-Short,GIFT-Eval,short,0,time_varying_seasonality,2,tirex2,capability_effect_nrmse,-0.2723486593,0.1593351357,19,toto2.0,-0.03516210354,False,
gift-v15-short-qualified-feasible-seed2026082701,GIFT-Short,GIFT-Eval,short,0,time_varying_seasonality,3,Chronos-2,capability_effect_nrmse,-0.2398474184,-0.08225117015,19,Timer-3.5,-0.1571983858,True,Chronos-2
gift-v15-short-qualified-feasible-seed2026082701,GIFT-Short,GIFT-Eval,short,0,time_varying_seasonality,3,Chronos-2,capability_effect_nrmse,-0.5233476716,-0.07828760299,19,moirai2,-0.2542739165,True,Chronos-2
gift-v15-short-qualified-feasible-seed2026082701,GIFT-Short,GIFT-Eval,short,0,time_varying_seasonality,3,Chronos-2,capability_effect_nrmse,-0.2798164728,-0.0679141813,19,timesfm2.5,-0.1654325318,True,Chronos-2
gift-v15-short-qualified-feasible-seed2026082701,GIFT-Short,GIFT-Eval,short,0,time_varying_seasonality,3,Chronos-2,capability_effect_nrmse,-0.1263150005,0.03548681826,19,tirex2,-0.03907585365,False,
gift-v15-short-qualified-feasible-seed2026082701,GIFT-Short,GIFT-Eval,short,0,time_varying_seasonality,3,Chronos-2,capability_effect_nrmse,-0.1458896184,0.1039283635,19,toto2.0,-0.004723067388,False,
gift-v15-short-qualified-feasible-seed2026082701,GIFT-Short,GIFT-Eval,short,0,time_varying_seasonality,3,Timer-3.5,capability_effect_nrmse,-0.3311522061,0.06633581829,19,moirai2,-0.09707553071,False,
gift-v15-short-qualified-feasible-seed2026082701,GIFT-Short,GIFT-Eval,short,0,time_varying_seasonality,3,Timer-3.5,capability_effect_nrmse,-0.1020788996,0.08142923379,19,timesfm2.5,-0.008234146018,False,
gift-v15-short-qualified-feasible-seed2026082701,GIFT-Short,GIFT-Eval,short,0,time_varying_seasonality,3,Timer-3.5,capability_effect_nrmse,0.02522053184,0.1889423811,19,tirex2,0.1181225321,True,tirex2
gift-v15-short-qualified-feasible-seed2026082701,GIFT-Short,GIFT-Eval,short,0,time_varying_seasonality,3,Timer-3.5,capability_effect_nrmse,-0.01572245159,0.3062680803,19,toto2.0,0.1524753184,False,
gift-v15-short-qualified-feasible-seed2026082701,GIFT-Short,GIFT-Eval,short,0,time_varying_seasonality,3,moirai2,capability_effect_nrmse,-0.07414545185,0.3196734957,19,timesfm2.5,0.08884138469,False,
gift-v15-short-qualified-feasible-seed2026082701,GIFT-Short,GIFT-Eval,short,0,time_varying_seasonality,3,moirai2,capability_effect_nrmse,0.04442792398,0.4438756008,19,tirex2,0.2151980628,True,tirex2
gift-v15-short-qualified-feasible-seed2026082701,GIFT-Short,GIFT-Eval,short,0,time_varying_seasonality,3,moirai2,capability_effect_nrmse,-0.005184809139,0.5715367507,19,toto2.0,0.2495508491,False,
gift-v15-short-qualified-feasible-seed2026082701,GIFT-Short,GIFT-Eval,short,0,time_varying_seasonality,3,timesfm2.5,capability_effect_nrmse,0.008997511435,0.2447268373,19,tirex2,0.1263566781,True,tirex2
gift-v15-short-qualified-feasible-seed2026082701,GIFT-Short,GIFT-Eval,short,0,time_varying_seasonality,3,timesfm2.5,capability_effect_nrmse,-0.00111321352,0.3232070686,19,toto2.0,0.1607094644,False,
gift-v15-short-qualified-feasible-seed2026082701,GIFT-Short,GIFT-Eval,short,0,time_varying_seasonality,3,tirex2,capability_effect_nrmse,-0.1285800079,0.1724979415,19,toto2.0,0.03435278627,False,
gift-v15-short-qualified-feasible-seed2026082701,GIFT-Short,GIFT-Eval,short,0,time_varying_seasonality,4,Chronos-2,capability_effect_nrmse,-0.2619127801,-0.09933786449,19,Timer-3.5,-0.1727124398,True,Chronos-2
gift-v15-short-qualified-feasible-seed2026082701,GIFT-Short,GIFT-Eval,short,0,time_varying_seasonality,4,Chronos-2,capability_effect_nrmse,-0.5197929758,-0.1016416353,19,moirai2,-0.2645338495,True,Chronos-2
gift-v15-short-qualified-feasible-seed2026082701,GIFT-Short,GIFT-Eval,short,0,time_varying_seasonality,4,Chronos-2,capability_effect_nrmse,-0.2383494544,-0.05895538865,19,timesfm2.5,-0.1430234388,True,Chronos-2
gift-v15-short-qualified-feasible-seed2026082701,GIFT-Short,GIFT-Eval,short,0,time_varying_seasonality,4,Chronos-2,capability_effect_nrmse,-0.1215184457,0.008508019879,19,tirex2,-0.05185581181,False,
gift-v15-short-qualified-feasible-seed2026082701,GIFT-Short,GIFT-Eval,short,0,time_varying_seasonality,4,Chronos-2,capability_effect_nrmse,-0.06828938575,0.1114051636,19,toto2.0,0.03005273645,False,
gift-v15-short-qualified-feasible-seed2026082701,GIFT-Short,GIFT-Eval,short,0,time_varying_seasonality,4,Timer-3.5,capability_effect_nrmse,-0.2901553476,0.05097764123,19,moirai2,-0.09182140969,False,
gift-v15-short-qualified-feasible-seed2026082701,GIFT-Short,GIFT-Eval,short,0,time_varying_seasonality,4,Timer-3.5,capability_effect_nrmse,-0.03853960135,0.1046899338,19,timesfm2.5,0.02968900092,False,
gift-v15-short-qualified-feasible-seed2026082701,GIFT-Short,GIFT-Eval,short,0,time_varying_seasonality,4,Timer-3.5,capability_effect_nrmse,0.05879550762,0.1759226155,19,tirex2,0.120856628,True,tirex2
gift-v15-short-qualified-feasible-seed2026082701,GIFT-Short,GIFT-Eval,short,0,time_varying_seasonality,4,Timer-3.5,capability_effect_nrmse,0.07897320541,0.3333453018,19,toto2.0,0.2027651762,True,toto2.0
gift-v15-short-qualified-feasible-seed2026082701,GIFT-Short,GIFT-Eval,short,0,time_varying_seasonality,4,moirai2,capability_effect_nrmse,-0.01115630605,0.3204642566,19,timesfm2.5,0.1215104106,False,
gift-v15-short-qualified-feasible-seed2026082701,GIFT-Short,GIFT-Eval,short,0,time_varying_seasonality,4,moirai2,capability_effect_nrmse,0.06758718357,0.4249765091,19,tirex2,0.2126780376,True,tirex2
gift-v15-short-qualified-feasible-seed2026082701,GIFT-Short,GIFT-Eval,short,0,time_varying_seasonality,4,moirai2,capability_effect_nrmse,0.08840506408,0.5820120703,19,toto2.0,0.2945865859,True,toto2.0
gift-v15-short-qualified-feasible-seed2026082701,GIFT-Short,GIFT-Eval,short,0,time_varying_seasonality,4,timesfm2.5,capability_effect_nrmse,0.009998604632,0.1739135606,19,tirex2,0.09116762703,True,tirex2
gift-v15-short-qualified-feasible-seed2026082701,GIFT-Short,GIFT-Eval,short,0,time_varying_seasonality,4,timesfm2.5,capability_effect_nrmse,0.04027935035,0.3146655663,19,toto2.0,0.1730761753,True,toto2.0
gift-v15-short-qualified-feasible-seed2026082701,GIFT-Short,GIFT-Eval,short,0,time_varying_seasonality,4,tirex2,capability_effect_nrmse,-0.03545654578,0.1934676664,19,toto2.0,0.08190854826,False,
gift-v15-short-qualified-feasible-seed2026082701,GIFT-Short,GIFT-Eval,short,0,time_varying_seasonality,5,Chronos-2,capability_effect_nrmse,-0.2668444699,-0.0978871789,19,Timer-3.5,-0.172910519,True,Chronos-2
gift-v15-short-qualified-feasible-seed2026082701,GIFT-Short,GIFT-Eval,short,0,time_varying_seasonality,5,Chronos-2,capability_effect_nrmse,-0.5050705338,-0.1233423722,19,moirai2,-0.2695343389,True,Chronos-2
gift-v15-short-qualified-feasible-seed2026082701,GIFT-Short,GIFT-Eval,short,0,time_varying_seasonality,5,Chronos-2,capability_effect_nrmse,-0.1736472559,-0.0436219752,19,timesfm2.5,-0.1019351929,True,Chronos-2
gift-v15-short-qualified-feasible-seed2026082701,GIFT-Short,GIFT-Eval,short,0,time_varying_seasonality,5,Chronos-2,capability_effect_nrmse,-0.1198858905,-0.01576095873,19,tirex2,-0.06541219989,True,Chronos-2
gift-v15-short-qualified-feasible-seed2026082701,GIFT-Short,GIFT-Eval,short,0,time_varying_seasonality,5,Chronos-2,capability_effect_nrmse,-0.03136448048,0.1001848118,19,toto2.0,0.04248244639,False,
gift-v15-short-qualified-feasible-seed2026082701,GIFT-Short,GIFT-Eval,short,0,time_varying_seasonality,5,Timer-3.5,capability_effect_nrmse,-0.2508994435,0.02189845347,19,moirai2,-0.09662381991,False,
gift-v15-short-qualified-feasible-seed2026082701,GIFT-Short,GIFT-Eval,short,0,time_varying_seasonality,5,Timer-3.5,capability_effect_nrmse,0.0109171735,0.145304199,19,timesfm2.5,0.07097532605,True,timesfm2.5
gift-v15-short-qualified-feasible-seed2026082701,GIFT-Short,GIFT-Eval,short,0,time_varying_seasonality,5,Timer-3.5,capability_effect_nrmse,0.05243256398,0.1677059223,19,tirex2,0.1074983191,True,tirex2
gift-v15-short-qualified-feasible-seed2026082701,GIFT-Short,GIFT-Eval,short,0,time_varying_seasonality,5,Timer-3.5,capability_effect_nrmse,0.1008610974,0.3385973506,19,toto2.0,0.2153929654,True,toto2.0
gift-v15-short-qualified-feasible-seed2026082701,GIFT-Short,GIFT-Eval,short,0,time_varying_seasonality,5,moirai2,capability_effect_nrmse,0.05554107698,0.3378735276,19,timesfm2.5,0.167599146,True,timesfm2.5
gift-v15-short-qualified-feasible-seed2026082701,GIFT-Short,GIFT-Eval,short,0,time_varying_seasonality,5,moirai2,capability_effect_nrmse,0.06351774583,0.3892401548,19,tirex2,0.204122139,True,tirex2
gift-v15-short-qualified-feasible-seed2026082701,GIFT-Short,GIFT-Eval,short,0,time_varying_seasonality,5,moirai2,capability_effect_nrmse,0.1417934708,0.5647463601,19,toto2.0,0.3120167853,True,toto2.0
gift-v15-short-qualified-feasible-seed2026082701,GIFT-Short,GIFT-Eval,short,0,time_varying_seasonality,5,timesfm2.5,capability_effect_nrmse,-0.02276148601,0.09431793163,19,tirex2,0.03652299305,False,
gift-v15-short-qualified-feasible-seed2026082701,GIFT-Short,GIFT-Eval,short,0,time_varying_seasonality,5,timesfm2.5,capability_effect_nrmse,0.04836397113,0.2504231621,19,toto2.0,0.1444176393,True,toto2.0
gift-v15-short-qualified-feasible-seed2026082701,GIFT-Short,GIFT-Eval,short,0,time_varying_seasonality,5,tirex2,capability_effect_nrmse,0.01277349911,0.200211604,19,toto2.0,0.1078946463,True,toto2.0
gift-v15-short-qualified-feasible-seed2026082701,GIFT-Short,GIFT-Eval,short,0,trend,1,Chronos-2,capability_effect_nrmse,-0.4355755023,-0.06669685146,18,Timer-3.5,-0.2169494949,True,Chronos-2
gift-v15-short-qualified-feasible-seed2026082701,GIFT-Short,GIFT-Eval,short,0,trend,1,Chronos-2,capability_effect_nrmse,-0.4002743039,-0.03780767814,18,moirai2,-0.1690275129,True,Chronos-2
gift-v15-short-qualified-feasible-seed2026082701,GIFT-Short,GIFT-Eval,short,0,trend,1,Chronos-2,capability_effect_nrmse,-0.5754524104,-0.02733408982,18,timesfm2.5,-0.2478028748,True,Chronos-2
gift-v15-short-qualified-feasible-seed2026082701,GIFT-Short,GIFT-Eval,short,0,trend,1,Chronos-2,capability_effect_nrmse,-0.5295090678,0.01267022087,18,tirex2,-0.183018842,False,
gift-v15-short-qualified-feasible-seed2026082701,GIFT-Short,GIFT-Eval,short,0,trend,1,Chronos-2,capability_effect_nrmse,-0.6698198403,-0.02368850878,18,toto2.0,-0.2884425575,True,Chronos-2
gift-v15-short-qualified-feasible-seed2026082701,GIFT-Short,GIFT-Eval,short,0,trend,1,Timer-3.5,capability_effect_nrmse,-0.1924476229,0.324656605,18,moirai2,0.04792198199,False,
gift-v15-short-qualified-feasible-seed2026082701,GIFT-Short,GIFT-Eval,short,0,trend,1,Timer-3.5,capability_effect_nrmse,-0.1518257171,0.05987410802,18,timesfm2.5,-0.03085337995,False,
gift-v15-short-qualified-feasible-seed2026082701,GIFT-Short,GIFT-Eval,short,0,trend,1,Timer-3.5,capability_effect_nrmse,-0.1202388109,0.142601421,18,tirex2,0.0339306529,False,
gift-v15-short-qualified-feasible-seed2026082701,GIFT-Short,GIFT-Eval,short,0,trend,1,Timer-3.5,capability_effect_nrmse,-0.2504740238,0.06291870378,18,toto2.0,-0.07149306261,False,
gift-v15-short-qualified-feasible-seed2026082701,GIFT-Short,GIFT-Eval,short,0,trend,1,moirai2,capability_effect_nrmse,-0.3720901578,0.1032500272,18,timesfm2.5,-0.07877536194,False,
gift-v15-short-qualified-feasible-seed2026082701,GIFT-Short,GIFT-Eval,short,0,trend,1,moirai2,capability_effect_nrmse,-0.442174413,0.3298072898,18,tirex2,-0.01399132908,False,
gift-v15-short-qualified-feasible-seed2026082701,GIFT-Short,GIFT-Eval,short,0,trend,1,moirai2,capability_effect_nrmse,-0.4525211981,0.07733770789,18,toto2.0,-0.1194150446,False,
gift-v15-short-qualified-feasible-seed2026082701,GIFT-Short,GIFT-Eval,short,0,trend,1,timesfm2.5,capability_effect_nrmse,-0.07900756658,0.2318749416,18,tirex2,0.06478403286,False,
gift-v15-short-qualified-feasible-seed2026082701,GIFT-Short,GIFT-Eval,short,0,trend,1,timesfm2.5,capability_effect_nrmse,-0.1151627821,0.02654726132,18,toto2.0,-0.04063968266,False,
gift-v15-short-qualified-feasible-seed2026082701,GIFT-Short,GIFT-Eval,short,0,trend,1,tirex2,capability_effect_nrmse,-0.3070067619,0.01802310654,18,toto2.0,-0.1054237155,False,
gift-v15-short-qualified-feasible-seed2026082701,GIFT-Short,GIFT-Eval,short,0,trend,2,Chronos-2,capability_effect_nrmse,-0.360500449,-0.05294416456,18,Timer-3.5,-0.1784958212,True,Chronos-2
gift-v15-short-qualified-feasible-seed2026082701,GIFT-Short,GIFT-Eval,short,0,trend,2,Chronos-2,capability_effect_nrmse,-0.3314923393,-0.04378535831,18,moirai2,-0.1513364166,True,Chronos-2
gift-v15-short-qualified-feasible-seed2026082701,GIFT-Short,GIFT-Eval,short,0,trend,2,Chronos-2,capability_effect_nrmse,-0.356054745,-0.02561086131,18,timesfm2.5,-0.1633598508,True,Chronos-2
gift-v15-short-qualified-feasible-seed2026082701,GIFT-Short,GIFT-Eval,short,0,trend,2,Chronos-2,capability_effect_nrmse,-0.6596909559,0.009172211192,18,tirex2,-0.2261571441,False,
gift-v15-short-qualified-feasible-seed2026082701,GIFT-Short,GIFT-Eval,short,0,trend,2,Chronos-2,capability_effect_nrmse,-0.4317316029,-0.01415128051,18,toto2.0,-0.1852510168,True,Chronos-2
gift-v15-short-qualified-feasible-seed2026082701,GIFT-Short,GIFT-Eval,short,0,trend,2,Timer-3.5,capability_effect_nrmse,-0.1358891848,0.2240546568,18,moirai2,0.02715940458,False,
gift-v15-short-qualified-feasible-seed2026082701,GIFT-Short,GIFT-Eval,short,0,trend,2,Timer-3.5,capability_effect_nrmse,-0.02240309168,0.05576482367,18,timesfm2.5,0.01513597033,False,
gift-v15-short-qualified-feasible-seed2026082701,GIFT-Short,GIFT-Eval,short,0,trend,2,Timer-3.5,capability_effect_nrmse,-0.3569390265,0.1300266197,18,tirex2,-0.04766132296,False,
gift-v15-short-qualified-feasible-seed2026082701,GIFT-Short,GIFT-Eval,short,0,trend,2,Timer-3.5,capability_effect_nrmse,-0.09491432899,0.06555690888,18,toto2.0,-0.006755195692,False,
gift-v15-short-qualified-feasible-seed2026082701,GIFT-Short,GIFT-Eval,short,0,trend,2,moirai2,capability_effect_nrmse,-0.2170315326,0.1352095903,18,timesfm2.5,-0.01202343425,False,
gift-v15-short-qualified-feasible-seed2026082701,GIFT-Short,GIFT-Eval,short,0,trend,2,moirai2,capability_effect_nrmse,-0.563934941,0.2709219442,18,tirex2,-0.07482072753,False,
gift-v15-short-qualified-feasible-seed2026082701,GIFT-Short,GIFT-Eval,short,0,trend,2,moirai2,capability_effect_nrmse,-0.2527202322,0.1029382642,18,toto2.0,-0.03391460027,False,
gift-v15-short-qualified-feasible-seed2026082701,GIFT-Short,GIFT-Eval,short,0,trend,2,timesfm2.5,capability_effect_nrmse,-0.3477137736,0.1256247451,18,tirex2,-0.06279729329,False,
gift-v15-short-qualified-feasible-seed2026082701,GIFT-Short,GIFT-Eval,short,0,trend,2,timesfm2.5,capability_effect_nrmse,-0.08300546242,0.03434135993,18,toto2.0,-0.02189116602,False,
gift-v15-short-qualified-feasible-seed2026082701,GIFT-Short,GIFT-Eval,short,0,trend,2,tirex2,capability_effect_nrmse,-0.1671285346,0.3140517307,18,toto2.0,0.04090612726,False,
gift-v15-short-qualified-feasible-seed2026082701,GIFT-Short,GIFT-Eval,short,0,trend,3,Chronos-2,capability_effect_nrmse,-0.3085871443,-0.047568927,18,Timer-3.5,-0.1601778394,True,Chronos-2
gift-v15-short-qualified-feasible-seed2026082701,GIFT-Short,GIFT-Eval,short,0,trend,3,Chronos-2,capability_effect_nrmse,-0.2713666656,-0.04408941427,18,moirai2,-0.1320766744,True,Chronos-2
gift-v15-short-qualified-feasible-seed2026082701,GIFT-Short,GIFT-Eval,short,0,trend,3,Chronos-2,capability_effect_nrmse,-0.2475786193,-0.02173620869,18,timesfm2.5,-0.1184928324,True,Chronos-2
gift-v15-short-qualified-feasible-seed2026082701,GIFT-Short,GIFT-Eval,short,0,trend,3,Chronos-2,capability_effect_nrmse,-0.6366047548,0.008800580828,18,tirex2,-0.2159790732,False,
gift-v15-short-qualified-feasible-seed2026082701,GIFT-Short,GIFT-Eval,short,0,trend,3,Chronos-2,capability_effect_nrmse,-0.3260556732,-0.006003685183,18,toto2.0,-0.1367931767,True,Chronos-2
gift-v15-short-qualified-feasible-seed2026082701,GIFT-Short,GIFT-Eval,short,0,trend,3,Timer-3.5,capability_effect_nrmse,-0.07052138371,0.1699491108,18,moirai2,0.02810116501,False,
gift-v15-short-qualified-feasible-seed2026082701,GIFT-Short,GIFT-Eval,short,0,trend,3,Timer-3.5,capability_effect_nrmse,0.00882658499,0.08084878805,18,timesfm2.5,0.04168500703,True,timesfm2.5
gift-v15-short-qualified-feasible-seed2026082701,GIFT-Short,GIFT-Eval,short,0,trend,3,Timer-3.5,capability_effect_nrmse,-0.3790012613,0.1426603557,18,tirex2,-0.05580123371,False,
gift-v15-short-qualified-feasible-seed2026082701,GIFT-Short,GIFT-Eval,short,0,trend,3,Timer-3.5,capability_effect_nrmse,-0.02693190603,0.06805460459,18,toto2.0,0.02338466274,False,
gift-v15-short-qualified-feasible-seed2026082701,GIFT-Short,GIFT-Eval,short,0,trend,3,moirai2,capability_effect_nrmse,-0.1321118479,0.1338898466,18,timesfm2.5,0.01358384203,False,
gift-v15-short-qualified-feasible-seed2026082701,GIFT-Short,GIFT-Eval,short,0,trend,3,moirai2,capability_effect_nrmse,-0.5448169194,0.2141536738,18,tirex2,-0.08390239871,False,
gift-v15-short-qualified-feasible-seed2026082701,GIFT-Short,GIFT-Eval,short,0,trend,3,moirai2,capability_effect_nrmse,-0.1517594819,0.08695844272,18,toto2.0,-0.004716502269,False,
gift-v15-short-qualified-feasible-seed2026082701,GIFT-Short,GIFT-Eval,short,0,trend,3,timesfm2.5,capability_effect_nrmse,-0.4147001708,0.08609623219,18,tirex2,-0.09748624074,False,
gift-v15-short-qualified-feasible-seed2026082701,GIFT-Short,GIFT-Eval,short,0,trend,3,timesfm2.5,capability_effect_nrmse,-0.09006720665,0.0408421298,18,toto2.0,-0.01830034429,False,
gift-v15-short-qualified-feasible-seed2026082701,GIFT-Short,GIFT-Eval,short,0,trend,3,tirex2,capability_effect_nrmse,-0.148570521,0.4091995869,18,toto2.0,0.07918589644,False,
gift-v15-short-qualified-feasible-seed2026082701,GIFT-Short,GIFT-Eval,short,0,trend,4,Chronos-2,capability_effect_nrmse,-0.2690169421,-0.0473967171,18,Timer-3.5,-0.142402919,True,Chronos-2
gift-v15-short-qualified-feasible-seed2026082701,GIFT-Short,GIFT-Eval,short,0,trend,4,Chronos-2,capability_effect_nrmse,-0.2209047902,-0.04349139232,18,moirai2,-0.1142369939,True,Chronos-2
gift-v15-short-qualified-feasible-seed2026082701,GIFT-Short,GIFT-Eval,short,0,trend,4,Chronos-2,capability_effect_nrmse,-0.1681275715,-0.01813521392,18,timesfm2.5,-0.08217387139,True,Chronos-2
gift-v15-short-qualified-feasible-seed2026082701,GIFT-Short,GIFT-Eval,short,0,trend,4,Chronos-2,capability_effect_nrmse,-0.4442247036,0.008894954605,18,tirex2,-0.1489932993,False,
gift-v15-short-qualified-feasible-seed2026082701,GIFT-Short,GIFT-Eval,short,0,trend,4,Chronos-2,capability_effect_nrmse,-0.2358792939,-0.003950275759,18,toto2.0,-0.09902828881,True,Chronos-2
gift-v15-short-qualified-feasible-seed2026082701,GIFT-Short,GIFT-Eval,short,0,trend,4,Timer-3.5,capability_effect_nrmse,-0.03662573727,0.1307274547,18,moirai2,0.02816592512,False,
gift-v15-short-qualified-feasible-seed2026082701,GIFT-Short,GIFT-Eval,short,0,trend,4,Timer-3.5,capability_effect_nrmse,0.01579742243,0.1194273259,18,timesfm2.5,0.0602290476,True,timesfm2.5
gift-v15-short-qualified-feasible-seed2026082701,GIFT-Short,GIFT-Eval,short,0,trend,4,Timer-3.5,capability_effect_nrmse,-0.2524597685,0.1594945231,18,tirex2,-0.006590380305,False,
gift-v15-short-qualified-feasible-seed2026082701,GIFT-Short,GIFT-Eval,short,0,trend,4,Timer-3.5,capability_effect_nrmse,0.01533260848,0.0747235943,18,toto2.0,0.04337463018,True,toto2.0
gift-v15-short-qualified-feasible-seed2026082701,GIFT-Short,GIFT-Eval,short,0,trend,4,moirai2,capability_effect_nrmse,-0.07085310203,0.1259697012,18,timesfm2.5,0.03206312248,False,
gift-v15-short-qualified-feasible-seed2026082701,GIFT-Short,GIFT-Eval,short,0,trend,4,moirai2,capability_effect_nrmse,-0.3696040883,0.1811481545,18,tirex2,-0.03475630543,False,
gift-v15-short-qualified-feasible-seed2026082701,GIFT-Short,GIFT-Eval,short,0,trend,4,moirai2,capability_effect_nrmse,-0.09199236079,0.08758756842,18,toto2.0,0.01520870506,False,
gift-v15-short-qualified-feasible-seed2026082701,GIFT-Short,GIFT-Eval,short,0,trend,4,timesfm2.5,capability_effect_nrmse,-0.2933849778,0.06333180523,18,tirex2,-0.06681942791,False,
gift-v15-short-qualified-feasible-seed2026082701,GIFT-Short,GIFT-Eval,short,0,trend,4,timesfm2.5,capability_effect_nrmse,-0.09095431382,0.03502920664,18,toto2.0,-0.01685441742,False,
gift-v15-short-qualified-feasible-seed2026082701,GIFT-Short,GIFT-Eval,short,0,trend,4,tirex2,capability_effect_nrmse,-0.1245306257,0.2788981101,18,toto2.0,0.04996501049,False,
gift-v15-short-qualified-feasible-seed2026082701,GIFT-Short,GIFT-Eval,short,0,trend,5,Chronos-2,capability_effect_nrmse,-0.1836938879,-0.04148999814,18,Timer-3.5,-0.1068619798,True,Chronos-2
gift-v15-short-qualified-feasible-seed2026082701,GIFT-Short,GIFT-Eval,short,0,trend,5,Chronos-2,capability_effect_nrmse,-0.1826403795,-0.04252952362,18,moirai2,-0.09770436717,True,Chronos-2
gift-v15-short-qualified-feasible-seed2026082701,GIFT-Short,GIFT-Eval,short,0,trend,5,Chronos-2,capability_effect_nrmse,-0.1172719773,-0.01469128833,18,timesfm2.5,-0.05568398059,True,Chronos-2
gift-v15-short-qualified-feasible-seed2026082701,GIFT-Short,GIFT-Eval,short,0,trend,5,Chronos-2,capability_effect_nrmse,-0.3001914902,0.01168063499,18,tirex2,-0.09662154436,False,
gift-v15-short-qualified-feasible-seed2026082701,GIFT-Short,GIFT-Eval,short,0,trend,5,Chronos-2,capability_effect_nrmse,-0.2307520885,-0.001386164624,18,toto2.0,-0.09602043487,True,Chronos-2
gift-v15-short-qualified-feasible-seed2026082701,GIFT-Short,GIFT-Eval,short,0,trend,5,Timer-3.5,capability_effect_nrmse,-0.0391910375,0.07455427574,18,moirai2,0.009157612582,False,
gift-v15-short-qualified-feasible-seed2026082701,GIFT-Short,GIFT-Eval,short,0,trend,5,Timer-3.5,capability_effect_nrmse,0.01482969655,0.1013922821,18,timesfm2.5,0.05117799916,True,timesfm2.5
gift-v15-short-qualified-feasible-seed2026082701,GIFT-Short,GIFT-Eval,short,0,trend,5,Timer-3.5,capability_effect_nrmse,-0.162331482,0.1292845221,18,tirex2,0.01024043539,False,
gift-v15-short-qualified-feasible-seed2026082701,GIFT-Short,GIFT-Eval,short,0,trend,5,Timer-3.5,capability_effect_nrmse,-0.04867289727,0.06020678951,18,toto2.0,0.01084154489,False,
gift-v15-short-qualified-feasible-seed2026082701,GIFT-Short,GIFT-Eval,short,0,trend,5,moirai2,capability_effect_nrmse,-0.03878177923,0.1222438143,18,timesfm2.5,0.04202038658,False,
gift-v15-short-qualified-feasible-seed2026082701,GIFT-Short,GIFT-Eval,short,0,trend,5,moirai2,capability_effect_nrmse,-0.2279100518,0.1587350085,18,tirex2,0.00108282281,False,
gift-v15-short-qualified-feasible-seed2026082701,GIFT-Short,GIFT-Eval,short,0,trend,5,moirai2,capability_effect_nrmse,-0.1091860063,0.077142369,18,toto2.0,0.001683932307,False,
gift-v15-short-qualified-feasible-seed2026082701,GIFT-Short,GIFT-Eval,short,0,trend,5,timesfm2.5,capability_effect_nrmse,-0.1978273538,0.04710410333,18,tirex2,-0.04093756377,False,
gift-v15-short-qualified-feasible-seed2026082701,GIFT-Short,GIFT-Eval,short,0,trend,5,timesfm2.5,capability_effect_nrmse,-0.129271009,0.02646777031,18,toto2.0,-0.04033645428,False,
gift-v15-short-qualified-feasible-seed2026082701,GIFT-Short,GIFT-Eval,short,0,trend,5,tirex2,capability_effect_nrmse,-0.1331832467,0.1384767939,18,toto2.0,0.0006011094968,False,
gift-v15-short-qualified-feasible-seed2026082701,GIFT-Short,GIFT-Eval,short,0,common_factor,1,Chronos-2,input_ablation_mase_degradation,0.0178274084,0.04692934725,4,Timer-3.5,0.03269952838,True,Timer-3.5
gift-v15-short-qualified-feasible-seed2026082701,GIFT-Short,GIFT-Eval,short,0,common_factor,1,Chronos-2,input_ablation_mase_degradation,0.01790477366,0.04705201325,4,moirai2,0.032633247,True,moirai2
gift-v15-short-qualified-feasible-seed2026082701,GIFT-Short,GIFT-Eval,short,0,common_factor,1,Chronos-2,input_ablation_mase_degradation,0.01790477366,0.04705201325,4,timesfm2.5,0.032633247,True,timesfm2.5
gift-v15-short-qualified-feasible-seed2026082701,GIFT-Short,GIFT-Eval,short,0,common_factor,1,Chronos-2,input_ablation_mase_degradation,0.01902749225,0.0493343213,4,tirex2,0.03501138572,True,tirex2
gift-v15-short-qualified-feasible-seed2026082701,GIFT-Short,GIFT-Eval,short,0,common_factor,1,Chronos-2,input_ablation_mase_degradation,0.01606016338,0.03496495896,4,toto2.0,0.02364133974,True,toto2.0
gift-v15-short-qualified-feasible-seed2026082701,GIFT-Short,GIFT-Eval,short,0,common_factor,1,Timer-3.5,input_ablation_mase_degradation,-0.0003903503562,0.0001935418787,4,moirai2,-6.628137823e-05,False,
gift-v15-short-qualified-feasible-seed2026082701,GIFT-Short,GIFT-Eval,short,0,common_factor,1,Timer-3.5,input_ablation_mase_degradation,-0.0003903503562,0.0001935418787,4,timesfm2.5,-6.628137823e-05,False,
gift-v15-short-qualified-feasible-seed2026082701,GIFT-Short,GIFT-Eval,short,0,common_factor,1,Timer-3.5,input_ablation_mase_degradation,0.001189953884,0.003433760801,4,tirex2,0.002311857342,True,tirex2
gift-v15-short-qualified-feasible-seed2026082701,GIFT-Short,GIFT-Eval,short,0,common_factor,1,Timer-3.5,input_ablation_mase_degradation,-0.02220317833,0.005558125885,4,toto2.0,-0.009058188641,False,
gift-v15-short-qualified-feasible-seed2026082701,GIFT-Short,GIFT-Eval,short,0,common_factor,1,moirai2,input_ablation_mase_degradation,0,0,4,timesfm2.5,0,False,
gift-v15-short-qualified-feasible-seed2026082701,GIFT-Short,GIFT-Eval,short,0,common_factor,1,moirai2,input_ablation_mase_degradation,0.001122718591,0.003729389525,4,tirex2,0.00237813872,True,tirex2
gift-v15-short-qualified-feasible-seed2026082701,GIFT-Short,GIFT-Eval,short,0,common_factor,1,moirai2,input_ablation_mase_degradation,-0.02227012366,0.005551636496,4,toto2.0,-0.008991907263,False,
gift-v15-short-qualified-feasible-seed2026082701,GIFT-Short,GIFT-Eval,short,0,common_factor,1,timesfm2.5,input_ablation_mase_degradation,0.001122718591,0.003729389525,4,tirex2,0.00237813872,True,tirex2
gift-v15-short-qualified-feasible-seed2026082701,GIFT-Short,GIFT-Eval,short,0,common_factor,1,timesfm2.5,input_ablation_mase_degradation,-0.02227012366,0.005551636496,4,toto2.0,-0.008991907263,False,
gift-v15-short-qualified-feasible-seed2026082701,GIFT-Short,GIFT-Eval,short,0,common_factor,1,tirex2,input_ablation_mase_degradation,-0.02543136578,0.004666862056,4,toto2.0,-0.01137004598,False,
gift-v15-short-qualified-feasible-seed2026082701,GIFT-Short,GIFT-Eval,short,0,common_factor,2,Chronos-2,input_ablation_mase_degradation,0.00962171921,0.0416364493,4,Timer-3.5,0.02672370544,True,Timer-3.5
gift-v15-short-qualified-feasible-seed2026082701,GIFT-Short,GIFT-Eval,short,0,common_factor,2,Chronos-2,input_ablation_mase_degradation,0.009386896596,0.04138589221,4,moirai2,0.02623397383,True,moirai2
gift-v15-short-qualified-feasible-seed2026082701,GIFT-Short,GIFT-Eval,short,0,common_factor,2,Chronos-2,input_ablation_mase_degradation,0.009386896596,0.04138589221,4,timesfm2.5,0.02623397383,True,timesfm2.5
gift-v15-short-qualified-feasible-seed2026082701,GIFT-Short,GIFT-Eval,short,0,common_factor,2,Chronos-2,input_ablation_mase_degradation,0.008881739342,0.0453043112,4,tirex2,0.0288137882,True,tirex2
gift-v15-short-qualified-feasible-seed2026082701,GIFT-Short,GIFT-Eval,short,0,common_factor,2,Chronos-2,input_ablation_mase_degradation,0.001569900471,0.02452799431,4,toto2.0,0.01567527356,True,toto2.0
gift-v15-short-qualified-feasible-seed2026082701,GIFT-Short,GIFT-Eval,short,0,common_factor,2,Timer-3.5,input_ablation_mase_degradation,-0.00143741623,0.0001607970995,4,moirai2,-0.0004897316167,False,
gift-v15-short-qualified-feasible-seed2026082701,GIFT-Short,GIFT-Eval,short,0,common_factor,2,Timer-3.5,input_ablation_mase_degradation,-0.00143741623,0.0001607970995,4,timesfm2.5,-0.0004897316167,False,
gift-v15-short-qualified-feasible-seed2026082701,GIFT-Short,GIFT-Eval,short,0,common_factor,2,Timer-3.5,input_ablation_mase_degradation,-0.0007399798679,0.003962968806,4,tirex2,0.002090082757,False,
gift-v15-short-qualified-feasible-seed2026082701,GIFT-Short,GIFT-Eval,short,0,common_factor,2,Timer-3.5,input_ablation_mase_degradation,-0.01735549415,-0.00698685416,4,toto2.0,-0.01104843189,True,Timer-3.5
gift-v15-short-qualified-feasible-seed2026082701,GIFT-Short,GIFT-Eval,short,0,common_factor,2,moirai2,input_ablation_mase_degradation,0,0,4,timesfm2.5,0,False,
gift-v15-short-qualified-feasible-seed2026082701,GIFT-Short,GIFT-Eval,short,0,common_factor,2,moirai2,input_ablation_mase_degradation,-0.000695362007,0.004808908104,4,tirex2,0.002579814374,False,
gift-v15-short-qualified-feasible-seed2026082701,GIFT-Short,GIFT-Eval,short,0,common_factor,2,moirai2,input_ablation_mase_degradation,-0.01715041986,-0.006689863466,4,toto2.0,-0.01055870027,True,moirai2
gift-v15-short-qualified-feasible-seed2026082701,GIFT-Short,GIFT-Eval,short,0,common_factor,2,timesfm2.5,input_ablation_mase_degradation,-0.000695362007,0.004813663223,4,tirex2,0.002579814374,False,
gift-v15-short-qualified-feasible-seed2026082701,GIFT-Short,GIFT-Eval,short,0,common_factor,2,timesfm2.5,input_ablation_mase_degradation,-0.01715041986,-0.006689863466,4,toto2.0,-0.01055870027,True,timesfm2.5
gift-v15-short-qualified-feasible-seed2026082701,GIFT-Short,GIFT-Eval,short,0,common_factor,2,tirex2,input_ablation_mase_degradation,-0.02077631689,-0.007383641239,4,toto2.0,-0.01313851464,True,tirex2
gift-v15-short-qualified-feasible-seed2026082701,GIFT-Short,GIFT-Eval,short,0,common_factor,3,Chronos-2,input_ablation_mase_degradation,-0.002905590042,0.0704067592,4,Timer-3.5,0.03252196423,False,
gift-v15-short-qualified-feasible-seed2026082701,GIFT-Short,GIFT-Eval,short,0,common_factor,3,Chronos-2,input_ablation_mase_degradation,-0.003012516628,0.07244005636,4,moirai2,0.03390512231,False,
gift-v15-short-qualified-feasible-seed2026082701,GIFT-Short,GIFT-Eval,short,0,common_factor,3,Chronos-2,input_ablation_mase_degradation,-0.003012516628,0.07244005636,4,timesfm2.5,0.03390512231,False,
gift-v15-short-qualified-feasible-seed2026082701,GIFT-Short,GIFT-Eval,short,0,common_factor,3,Chronos-2,input_ablation_mase_degradation,0.001175749102,0.07974291059,4,tirex2,0.04024060346,True,tirex2
gift-v15-short-qualified-feasible-seed2026082701,GIFT-Short,GIFT-Eval,short,0,common_factor,3,Chronos-2,input_ablation_mase_degradation,-0.009689039807,0.06908617099,4,toto2.0,0.02509099394,False,
gift-v15-short-qualified-feasible-seed2026082701,GIFT-Short,GIFT-Eval,short,0,common_factor,3,Timer-3.5,input_ablation_mase_degradation,-0.000271227356,0.002529669339,4,moirai2,0.001383158082,False,
gift-v15-short-qualified-feasible-seed2026082701,GIFT-Short,GIFT-Eval,short,0,common_factor,3,Timer-3.5,input_ablation_mase_degradation,-0.000271227356,0.002526199463,4,timesfm2.5,0.001383158082,False,
gift-v15-short-qualified-feasible-seed2026082701,GIFT-Short,GIFT-Eval,short,0,common_factor,3,Timer-3.5,input_ablation_mase_degradation,0.004090033617,0.01016678632,4,tirex2,0.007718639225,True,tirex2
gift-v15-short-qualified-feasible-seed2026082701,GIFT-Short,GIFT-Eval,short,0,common_factor,3,Timer-3.5,input_ablation_mase_degradation,-0.01516507388,-0.0006730676931,4,toto2.0,-0.007430970288,True,Timer-3.5
gift-v15-short-qualified-feasible-seed2026082701,GIFT-Short,GIFT-Eval,short,0,common_factor,3,moirai2,input_ablation_mase_degradation,0,0,4,timesfm2.5,0,False,
gift-v15-short-qualified-feasible-seed2026082701,GIFT-Short,GIFT-Eval,short,0,common_factor,3,moirai2,input_ablation_mase_degradation,0.004361260973,0.00825110331,4,tirex2,0.006335481142,True,tirex2
gift-v15-short-qualified-feasible-seed2026082701,GIFT-Short,GIFT-Eval,short,0,common_factor,3,moirai2,input_ablation_mase_degradation,-0.01701562852,-0.001216280179,4,toto2.0,-0.00881412837,True,moirai2
gift-v15-short-qualified-feasible-seed2026082701,GIFT-Short,GIFT-Eval,short,0,common_factor,3,timesfm2.5,input_ablation_mase_degradation,0.004361260973,0.008246778429,4,tirex2,0.006335481142,True,tirex2
gift-v15-short-qualified-feasible-seed2026082701,GIFT-Short,GIFT-Eval,short,0,common_factor,3,timesfm2.5,input_ablation_mase_degradation,-0.01701562852,-0.001216280179,4,toto2.0,-0.00881412837,True,timesfm2.5
gift-v15-short-qualified-feasible-seed2026082701,GIFT-Short,GIFT-Eval,short,0,common_factor,3,tirex2,input_ablation_mase_degradation,-0.02392730003,-0.006371918998,4,toto2.0,-0.01514960951,True,tirex2
gift-v15-short-qualified-feasible-seed2026082701,GIFT-Short,GIFT-Eval,short,0,common_factor,4,Chronos-2,input_ablation_mase_degradation,0.02317558791,0.09141213641,4,Timer-3.5,0.05729386216,True,Timer-3.5
gift-v15-short-qualified-feasible-seed2026082701,GIFT-Short,GIFT-Eval,short,0,common_factor,4,Chronos-2,input_ablation_mase_degradation,0.02364804917,0.09009682333,4,moirai2,0.05687243625,True,moirai2
gift-v15-short-qualified-feasible-seed2026082701,GIFT-Short,GIFT-Eval,short,0,common_factor,4,Chronos-2,input_ablation_mase_degradation,0.02364804917,0.09009682333,4,timesfm2.5,0.05687243625,True,timesfm2.5
gift-v15-short-qualified-feasible-seed2026082701,GIFT-Short,GIFT-Eval,short,0,common_factor,4,Chronos-2,input_ablation_mase_degradation,0.02663178174,0.08936154294,4,tirex2,0.05799666234,True,tirex2
gift-v15-short-qualified-feasible-seed2026082701,GIFT-Short,GIFT-Eval,short,0,common_factor,4,Chronos-2,input_ablation_mase_degradation,0.01846851138,0.06843475907,4,toto2.0,0.04345163522,True,toto2.0
gift-v15-short-qualified-feasible-seed2026082701,GIFT-Short,GIFT-Eval,short,0,common_factor,4,Timer-3.5,input_ablation_mase_degradation,-0.00257282233,0.000836083337,4,moirai2,-0.0004214259131,False,
gift-v15-short-qualified-feasible-seed2026082701,GIFT-Short,GIFT-Eval,short,0,common_factor,4,Timer-3.5,input_ablation_mase_degradation,-0.00257282233,0.000836083337,4,timesfm2.5,-0.0004214259131,False,
gift-v15-short-qualified-feasible-seed2026082701,GIFT-Short,GIFT-Eval,short,0,common_factor,4,Timer-3.5,input_ablation_mase_degradation,-0.003454751042,0.006035730374,4,tirex2,0.0007028001819,False,
gift-v15-short-qualified-feasible-seed2026082701,GIFT-Short,GIFT-Eval,short,0,common_factor,4,Timer-3.5,input_ablation_mase_degradation,-0.02297737734,-0.004707076535,4,toto2.0,-0.01384222694,True,Timer-3.5
gift-v15-short-qualified-feasible-seed2026082701,GIFT-Short,GIFT-Eval,short,0,common_factor,4,moirai2,input_ablation_mase_degradation,0,0,4,timesfm2.5,0,False,
gift-v15-short-qualified-feasible-seed2026082701,GIFT-Short,GIFT-Eval,short,0,common_factor,4,moirai2,input_ablation_mase_degradation,-0.003962787273,0.006211239463,4,tirex2,0.001124226095,False,
gift-v15-short-qualified-feasible-seed2026082701,GIFT-Short,GIFT-Eval,short,0,common_factor,4,moirai2,input_ablation_mase_degradation,-0.02166206426,-0.005179537789,4,toto2.0,-0.01342080103,True,moirai2
gift-v15-short-qualified-feasible-seed2026082701,GIFT-Short,GIFT-Eval,short,0,common_factor,4,timesfm2.5,input_ablation_mase_degradation,-0.003962787273,0.006211239463,4,tirex2,0.001124226095,False,
gift-v15-short-qualified-feasible-seed2026082701,GIFT-Short,GIFT-Eval,short,0,common_factor,4,timesfm2.5,input_ablation_mase_degradation,-0.02299322496,-0.005179537789,4,toto2.0,-0.01342080103,True,timesfm2.5
gift-v15-short-qualified-feasible-seed2026082701,GIFT-Short,GIFT-Eval,short,0,common_factor,4,tirex2,input_ablation_mase_degradation,-0.02185795726,-0.003891153822,4,toto2.0,-0.01454502712,True,tirex2
gift-v15-short-qualified-feasible-seed2026082701,GIFT-Short,GIFT-Eval,short,0,common_factor,5,Chronos-2,input_ablation_mase_degradation,0.003164174564,0.07938237377,4,Timer-3.5,0.04426408145,True,Timer-3.5
gift-v15-short-qualified-feasible-seed2026082701,GIFT-Short,GIFT-Eval,short,0,common_factor,5,Chronos-2,input_ablation_mase_degradation,0.007828688338,0.08031982421,4,moirai2,0.04407425627,True,moirai2
gift-v15-short-qualified-feasible-seed2026082701,GIFT-Short,GIFT-Eval,short,0,common_factor,5,Chronos-2,input_ablation_mase_degradation,0.007828688338,0.08031982421,4,timesfm2.5,0.04407425627,True,timesfm2.5
gift-v15-short-qualified-feasible-seed2026082701,GIFT-Short,GIFT-Eval,short,0,common_factor,5,Chronos-2,input_ablation_mase_degradation,0.002672660416,0.07403335558,4,tirex2,0.04110618219,True,tirex2
gift-v15-short-qualified-feasible-seed2026082701,GIFT-Short,GIFT-Eval,short,0,common_factor,5,Chronos-2,input_ablation_mase_degradation,6.39930028e-05,0.06548477469,4,toto2.0,0.03277438385,True,toto2.0
gift-v15-short-qualified-feasible-seed2026082701,GIFT-Short,GIFT-Eval,short,0,common_factor,5,Timer-3.5,input_ablation_mase_degradation,-0.001572918949,0.0009374504361,4,moirai2,-0.0001898251734,False,
gift-v15-short-qualified-feasible-seed2026082701,GIFT-Short,GIFT-Eval,short,0,common_factor,5,Timer-3.5,input_ablation_mase_degradation,-0.001572918949,0.0009374504361,4,timesfm2.5,-0.0001898251734,False,
gift-v15-short-qualified-feasible-seed2026082701,GIFT-Short,GIFT-Eval,short,0,common_factor,5,Timer-3.5,input_ablation_mase_degradation,-0.005349018193,-0.0009667803146,4,tirex2,-0.003157899254,True,Timer-3.5
gift-v15-short-qualified-feasible-seed2026082701,GIFT-Short,GIFT-Eval,short,0,common_factor,5,Timer-3.5,input_ablation_mase_degradation,-0.01866568115,-0.004313714053,4,toto2.0,-0.0114896976,True,Timer-3.5
gift-v15-short-qualified-feasible-seed2026082701,GIFT-Short,GIFT-Eval,short,0,common_factor,5,moirai2,input_ablation_mase_degradation,0,0,4,timesfm2.5,0,False,
gift-v15-short-qualified-feasible-seed2026082701,GIFT-Short,GIFT-Eval,short,0,common_factor,5,moirai2,input_ablation_mase_degradation,-0.006286468629,0.0003503204683,4,tirex2,-0.00296807408,False,
gift-v15-short-qualified-feasible-seed2026082701,GIFT-Short,GIFT-Eval,short,0,common_factor,5,moirai2,input_ablation_mase_degradation,-0.01783813286,-0.003876076951,4,toto2.0,-0.01129987243,True,moirai2
gift-v15-short-qualified-feasible-seed2026082701,GIFT-Short,GIFT-Eval,short,0,common_factor,5,timesfm2.5,input_ablation_mase_degradation,-0.006406613618,0.0003503204683,4,tirex2,-0.00296807408,False,
gift-v15-short-qualified-feasible-seed2026082701,GIFT-Short,GIFT-Eval,short,0,common_factor,5,timesfm2.5,input_ablation_mase_degradation,-0.01783813286,-0.003876076951,4,toto2.0,-0.01129987243,True,timesfm2.5
gift-v15-short-qualified-feasible-seed2026082701,GIFT-Short,GIFT-Eval,short,0,common_factor,5,tirex2,input_ablation_mase_degradation,-0.01477524204,-0.001888354655,4,toto2.0,-0.008331798346,True,tirex2
gift-v15-short-qualified-feasible-seed2026082701,GIFT-Short,GIFT-Eval,short,0,covariate_impulse_response,1,Chronos-2,input_ablation_mase_degradation,0.0001215815159,0.005497266613,6,Timer-3.5,0.002588781852,True,Timer-3.5
gift-v15-short-qualified-feasible-seed2026082701,GIFT-Short,GIFT-Eval,short,0,covariate_impulse_response,1,Chronos-2,input_ablation_mase_degradation,-5.484122321e-05,0.004924615215,6,moirai2,0.002206250888,False,
gift-v15-short-qualified-feasible-seed2026082701,GIFT-Short,GIFT-Eval,short,0,covariate_impulse_response,1,Chronos-2,input_ablation_mase_degradation,-7.802023602e-05,0.004894824007,6,timesfm2.5,0.002206223092,False,
gift-v15-short-qualified-feasible-seed2026082701,GIFT-Short,GIFT-Eval,short,0,covariate_impulse_response,1,Chronos-2,input_ablation_mase_degradation,1.531117867e-05,0.00329530417,6,tirex2,0.001545563558,True,tirex2
gift-v15-short-qualified-feasible-seed2026082701,GIFT-Short,GIFT-Eval,short,0,covariate_impulse_response,1,Chronos-2,input_ablation_mase_degradation,-5.480714118e-05,0.004894118003,6,toto2.0,0.002206265698,False,
gift-v15-short-qualified-feasible-seed2026082701,GIFT-Short,GIFT-Eval,short,0,covariate_impulse_response,1,Timer-3.5,input_ablation_mase_degradation,-0.0009169555953,6.643996508e-05,6,moirai2,-0.0003825309643,False,
gift-v15-short-qualified-feasible-seed2026082701,GIFT-Short,GIFT-Eval,short,0,covariate_impulse_response,1,Timer-3.5,input_ablation_mase_degradation,-0.0009028614689,4.158410508e-05,6,timesfm2.5,-0.0003825587605,False,
gift-v15-short-qualified-feasible-seed2026082701,GIFT-Short,GIFT-Eval,short,0,covariate_impulse_response,1,Timer-3.5,input_ablation_mase_degradation,-0.003430634412,0.0008447021769,6,tirex2,-0.001043218294,False,
gift-v15-short-qualified-feasible-seed2026082701,GIFT-Short,GIFT-Eval,short,0,covariate_impulse_response,1,Timer-3.5,input_ablation_mase_degradation,-0.0009416722164,6.63385313e-05,6,toto2.0,-0.0003825161544,False,
gift-v15-short-qualified-feasible-seed2026082701,GIFT-Short,GIFT-Eval,short,0,covariate_impulse_response,1,moirai2,input_ablation_mase_degradation,-8.461647352e-08,1.657688791e-09,6,timesfm2.5,-2.779624566e-08,False,
gift-v15-short-qualified-feasible-seed2026082701,GIFT-Short,GIFT-Eval,short,0,covariate_impulse_response,1,moirai2,input_ablation_mase_degradation,-0.002578877933,0.0007922035774,6,tirex2,-0.0006606873296,False,
gift-v15-short-qualified-feasible-seed2026082701,GIFT-Short,GIFT-Eval,short,0,covariate_impulse_response,1,moirai2,input_ablation_mase_degradation,-2.865363098e-10,3.636507718e-08,6,toto2.0,1.480993038e-08,False,
gift-v15-short-qualified-feasible-seed2026082701,GIFT-Short,GIFT-Eval,short,0,covariate_impulse_response,1,timesfm2.5,input_ablation_mase_degradation,-0.002642288956,0.0007787689796,6,tirex2,-0.0006606595333,False,
gift-v15-short-qualified-feasible-seed2026082701,GIFT-Short,GIFT-Eval,short,0,covariate_impulse_response,1,timesfm2.5,input_ablation_mase_degradation,3.027235269e-09,9.891593369e-08,6,toto2.0,4.260617604e-08,True,toto2.0
gift-v15-short-qualified-feasible-seed2026082701,GIFT-Short,GIFT-Eval,short,0,covariate_impulse_response,1,tirex2,input_ablation_mase_degradation,-0.0007919236649,0.002653265691,6,toto2.0,0.0006607021395,False,
gift-v15-short-qualified-feasible-seed2026082701,GIFT-Short,GIFT-Eval,short,0,covariate_impulse_response,2,Chronos-2,input_ablation_mase_degradation,-0.004901928841,0.01008128806,6,Timer-3.5,0.002065837005,False,
gift-v15-short-qualified-feasible-seed2026082701,GIFT-Short,GIFT-Eval,short,0,covariate_impulse_response,2,Chronos-2,input_ablation_mase_degradation,-0.00280264574,0.001293965481,6,moirai2,-0.0007391101226,False,
gift-v15-short-qualified-feasible-seed2026082701,GIFT-Short,GIFT-Eval,short,0,covariate_impulse_response,2,Chronos-2,input_ablation_mase_degradation,-0.002704366343,0.001196556835,6,timesfm2.5,-0.000739056145,False,
gift-v15-short-qualified-feasible-seed2026082701,GIFT-Short,GIFT-Eval,short,0,covariate_impulse_response,2,Chronos-2,input_ablation_mase_degradation,-0.007825095652,0.002932171435,6,tirex2,-0.001893232719,False,
gift-v15-short-qualified-feasible-seed2026082701,GIFT-Short,GIFT-Eval,short,0,covariate_impulse_response,2,Chronos-2,input_ablation_mase_degradation,-0.002713589588,0.001276142508,6,toto2.0,-0.0007569751391,False,
gift-v15-short-qualified-feasible-seed2026082701,GIFT-Short,GIFT-Eval,short,0,covariate_impulse_response,2,Timer-3.5,input_ablation_mase_degradation,-0.01096911413,0.002969279728,6,moirai2,-0.002804947127,False,
gift-v15-short-qualified-feasible-seed2026082701,GIFT-Short,GIFT-Eval,short,0,covariate_impulse_response,2,Timer-3.5,input_ablation_mase_degradation,-0.01067045544,0.003010954996,6,timesfm2.5,-0.00280489315,False,
gift-v15-short-qualified-feasible-seed2026082701,GIFT-Short,GIFT-Eval,short,0,covariate_impulse_response,2,Timer-3.5,input_ablation_mase_degradation,-0.009879787565,-4.347470915e-06,6,tirex2,-0.003959069723,True,Timer-3.5
gift-v15-short-qualified-feasible-seed2026082701,GIFT-Short,GIFT-Eval,short,0,covariate_impulse_response,2,Timer-3.5,input_ablation_mase_degradation,-0.01096653408,0.002955071739,6,toto2.0,-0.002822812144,False,
gift-v15-short-qualified-feasible-seed2026082701,GIFT-Short,GIFT-Eval,short,0,covariate_impulse_response,2,moirai2,input_ablation_mase_degradation,-3.917186399e-08,2.012026522e-07,6,timesfm2.5,5.397753543e-08,False,
gift-v15-short-qualified-feasible-seed2026082701,GIFT-Short,GIFT-Eval,short,0,covariate_impulse_response,2,moirai2,input_ablation_mase_degradation,-0.006047092505,0.002025972856,6,tirex2,-0.001154122596,False,
gift-v15-short-qualified-feasible-seed2026082701,GIFT-Short,GIFT-Eval,short,0,covariate_impulse_response,2,moirai2,input_ablation_mase_degradation,-5.609100892e-05,2.50130869e-06,6,toto2.0,-1.786501654e-05,False,
gift-v15-short-qualified-feasible-seed2026082701,GIFT-Short,GIFT-Eval,short,0,covariate_impulse_response,2,timesfm2.5,input_ablation_mase_degradation,-0.006069396674,0.00202601206,6,tirex2,-0.001154176574,False,
gift-v15-short-qualified-feasible-seed2026082701,GIFT-Short,GIFT-Eval,short,0,covariate_impulse_response,2,timesfm2.5,input_ablation_mase_degradation,-5.632965296e-05,2.536249601e-06,6,toto2.0,-1.791899408e-05,False,
gift-v15-short-qualified-feasible-seed2026082701,GIFT-Short,GIFT-Eval,short,0,covariate_impulse_response,2,tirex2,input_ablation_mase_degradation,-0.00202339281,0.005854832758,6,toto2.0,0.00113625758,False,
gift-v15-short-qualified-feasible-seed2026082701,GIFT-Short,GIFT-Eval,short,0,covariate_impulse_response,3,Chronos-2,input_ablation_mase_degradation,-0.02126067614,-6.628416145e-05,6,Timer-3.5,-0.01063317335,True,Chronos-2
gift-v15-short-qualified-feasible-seed2026082701,GIFT-Short,GIFT-Eval,short,0,covariate_impulse_response,3,Chronos-2,input_ablation_mase_degradation,-0.0027245425,0.002309121442,6,moirai2,-0.0001398203204,False,
gift-v15-short-qualified-feasible-seed2026082701,GIFT-Short,GIFT-Eval,short,0,covariate_impulse_response,3,Chronos-2,input_ablation_mase_degradation,-0.002761697831,0.002308162193,6,timesfm2.5,-0.0001399930832,False,
gift-v15-short-qualified-feasible-seed2026082701,GIFT-Short,GIFT-Eval,short,0,covariate_impulse_response,3,Chronos-2,input_ablation_mase_degradation,-0.00303434785,0.003537343893,6,tirex2,0.0002882562459,False,
gift-v15-short-qualified-feasible-seed2026082701,GIFT-Short,GIFT-Eval,short,0,covariate_impulse_response,3,Chronos-2,input_ablation_mase_degradation,-0.002942807408,0.002274156496,6,toto2.0,-9.879990596e-05,False,
gift-v15-short-qualified-feasible-seed2026082701,GIFT-Short,GIFT-Eval,short,0,covariate_impulse_response,3,Timer-3.5,input_ablation_mase_degradation,0.0004218929723,0.02163118908,6,moirai2,0.01049335303,True,moirai2
gift-v15-short-qualified-feasible-seed2026082701,GIFT-Short,GIFT-Eval,short,0,covariate_impulse_response,3,Timer-3.5,input_ablation_mase_degradation,0.0004191650599,0.02249038502,6,timesfm2.5,0.01049318027,True,timesfm2.5
gift-v15-short-qualified-feasible-seed2026082701,GIFT-Short,GIFT-Eval,short,0,covariate_impulse_response,3,Timer-3.5,input_ablation_mase_degradation,0.001189717158,0.02184949125,6,tirex2,0.0109214296,True,tirex2
gift-v15-short-qualified-feasible-seed2026082701,GIFT-Short,GIFT-Eval,short,0,covariate_impulse_response,3,Timer-3.5,input_ablation_mase_degradation,0.0004223821717,0.02167271272,6,toto2.0,0.01053437344,True,toto2.0
gift-v15-short-qualified-feasible-seed2026082701,GIFT-Short,GIFT-Eval,short,0,covariate_impulse_response,3,moirai2,input_ablation_mase_degradation,-5.370935941e-07,1.858663949e-08,6,timesfm2.5,-1.727627663e-07,False,
gift-v15-short-qualified-feasible-seed2026082701,GIFT-Short,GIFT-Eval,short,0,covariate_impulse_response,3,moirai2,input_ablation_mase_degradation,-0.0005651540904,0.001397463613,6,tirex2,0.0004280765663,False,
gift-v15-short-qualified-feasible-seed2026082701,GIFT-Short,GIFT-Eval,short,0,covariate_impulse_response,3,moirai2,input_ablation_mase_degradation,1.404799781e-07,0.0001221267965,6,toto2.0,4.102041448e-05,True,toto2.0
gift-v15-short-qualified-feasible-seed2026082701,GIFT-Short,GIFT-Eval,short,0,covariate_impulse_response,3,timesfm2.5,input_ablation_mase_degradation,-0.0006323461882,0.001378473184,6,tirex2,0.0004282493291,False,
gift-v15-short-qualified-feasible-seed2026082701,GIFT-Short,GIFT-Eval,short,0,covariate_impulse_response,3,timesfm2.5,input_ablation_mase_degradation,1.422645038e-07,0.0001225312968,6,toto2.0,4.119317725e-05,True,toto2.0
gift-v15-short-qualified-feasible-seed2026082701,GIFT-Short,GIFT-Eval,short,0,covariate_impulse_response,3,tirex2,input_ablation_mase_degradation,-0.001383993142,0.0006929414783,6,toto2.0,-0.0003870561518,False,
gift-v15-short-qualified-feasible-seed2026082701,GIFT-Short,GIFT-Eval,short,0,covariate_impulse_response,4,Chronos-2,input_ablation_mase_degradation,0.0004664391362,0.01772737718,6,Timer-3.5,0.008175741824,True,Timer-3.5
gift-v15-short-qualified-feasible-seed2026082701,GIFT-Short,GIFT-Eval,short,0,covariate_impulse_response,4,Chronos-2,input_ablation_mase_degradation,-7.206888699e-06,0.003880397098,6,moirai2,0.001865044272,False,
gift-v15-short-qualified-feasible-seed2026082701,GIFT-Short,GIFT-Eval,short,0,covariate_impulse_response,4,Chronos-2,input_ablation_mase_degradation,-6.957171664e-06,0.003879878529,6,timesfm2.5,0.001864565537,False,
gift-v15-short-qualified-feasible-seed2026082701,GIFT-Short,GIFT-Eval,short,0,covariate_impulse_response,4,Chronos-2,input_ablation_mase_degradation,0.0009138736707,0.007613586406,6,tirex2,0.004179832903,True,tirex2
gift-v15-short-qualified-feasible-seed2026082701,GIFT-Short,GIFT-Eval,short,0,covariate_impulse_response,4,Chronos-2,input_ablation_mase_degradation,-6.998082971e-06,0.003873567384,6,toto2.0,0.001893003369,False,
gift-v15-short-qualified-feasible-seed2026082701,GIFT-Short,GIFT-Eval,short,0,covariate_impulse_response,4,Timer-3.5,input_ablation_mase_degradation,-0.01387698691,-0.0001709759353,6,moirai2,-0.006310697552,True,Timer-3.5
gift-v15-short-qualified-feasible-seed2026082701,GIFT-Short,GIFT-Eval,short,0,covariate_impulse_response,4,Timer-3.5,input_ablation_mase_degradation,-0.01394847113,-0.0001688831265,6,timesfm2.5,-0.006311176287,True,Timer-3.5
gift-v15-short-qualified-feasible-seed2026082701,GIFT-Short,GIFT-Eval,short,0,covariate_impulse_response,4,Timer-3.5,input_ablation_mase_degradation,-0.01051613993,0.0004357798648,6,tirex2,-0.003995908921,False,
gift-v15-short-qualified-feasible-seed2026082701,GIFT-Short,GIFT-Eval,short,0,covariate_impulse_response,4,Timer-3.5,input_ablation_mase_degradation,-0.01378674331,-0.0001018186905,6,toto2.0,-0.006282738455,True,Timer-3.5
gift-v15-short-qualified-feasible-seed2026082701,GIFT-Short,GIFT-Eval,short,0,covariate_impulse_response,4,moirai2,input_ablation_mase_degradation,-1.461394184e-06,4.621859092e-08,6,timesfm2.5,-4.787351304e-07,False,
gift-v15-short-qualified-feasible-seed2026082701,GIFT-Short,GIFT-Eval,short,0,covariate_impulse_response,4,moirai2,input_ablation_mase_degradation,0.0005031326181,0.004689302088,6,tirex2,0.00231478863,True,tirex2
gift-v15-short-qualified-feasible-seed2026082701,GIFT-Short,GIFT-Eval,short,0,covariate_impulse_response,4,moirai2,input_ablation_mase_degradation,-7.279744812e-06,9.121115204e-05,6,toto2.0,2.795909668e-05,False,
gift-v15-short-qualified-feasible-seed2026082701,GIFT-Short,GIFT-Eval,short,0,covariate_impulse_response,4,timesfm2.5,input_ablation_mase_degradation,0.000504855845,0.004628708895,6,tirex2,0.002315267366,True,tirex2
gift-v15-short-qualified-feasible-seed2026082701,GIFT-Short,GIFT-Eval,short,0,covariate_impulse_response,4,timesfm2.5,input_ablation_mase_degradation,-7.26225531e-06,9.263555369e-05,6,toto2.0,2.843783181e-05,False,
gift-v15-short-qualified-feasible-seed2026082701,GIFT-Short,GIFT-Eval,short,0,covariate_impulse_response,4,tirex2,input_ablation_mase_degradation,-0.004556196309,-0.0004281739789,6,toto2.0,-0.002286829534,True,tirex2
gift-v15-short-qualified-feasible-seed2026082701,GIFT-Short,GIFT-Eval,short,0,covariate_impulse_response,5,Chronos-2,input_ablation_mase_degradation,-0.008097421283,0.0007630283463,6,Timer-3.5,-0.003501729216,False,
gift-v15-short-qualified-feasible-seed2026082701,GIFT-Short,GIFT-Eval,short,0,covariate_impulse_response,5,Chronos-2,input_ablation_mase_degradation,-0.005746506311,0.001645435104,6,moirai2,-0.001099834712,False,
gift-v15-short-qualified-feasible-seed2026082701,GIFT-Short,GIFT-Eval,short,0,covariate_impulse_response,5,Chronos-2,input_ablation_mase_degradation,-0.005799009855,0.001708880939,6,timesfm2.5,-0.001099689904,False,
gift-v15-short-qualified-feasible-seed2026082701,GIFT-Short,GIFT-Eval,short,0,covariate_impulse_response,5,Chronos-2,input_ablation_mase_degradation,-0.00745878757,0.001892400211,6,tirex2,-0.002450604678,False,
gift-v15-short-qualified-feasible-seed2026082701,GIFT-Short,GIFT-Eval,short,0,covariate_impulse_response,5,Chronos-2,input_ablation_mase_degradation,-0.005823087376,0.00164300783,6,toto2.0,-0.001162051728,False,
gift-v15-short-qualified-feasible-seed2026082701,GIFT-Short,GIFT-Eval,short,0,covariate_impulse_response,5,Timer-3.5,input_ablation_mase_degradation,0.000101445162,0.006022235021,6,moirai2,0.002401894504,True,moirai2
gift-v15-short-qualified-feasible-seed2026082701,GIFT-Short,GIFT-Eval,short,0,covariate_impulse_response,5,Timer-3.5,input_ablation_mase_degradation,0.0001157758924,0.005926773769,6,timesfm2.5,0.002402039312,True,timesfm2.5
gift-v15-short-qualified-feasible-seed2026082701,GIFT-Short,GIFT-Eval,short,0,covariate_impulse_response,5,Timer-3.5,input_ablation_mase_degradation,-0.00205448886,0.003691423448,6,tirex2,0.001051124538,False,
gift-v15-short-qualified-feasible-seed2026082701,GIFT-Short,GIFT-Eval,short,0,covariate_impulse_response,5,Timer-3.5,input_ablation_mase_degradation,7.645882043e-05,0.005753887738,6,toto2.0,0.002339677488,True,toto2.0
gift-v15-short-qualified-feasible-seed2026082701,GIFT-Short,GIFT-Eval,short,0,covariate_impulse_response,5,moirai2,input_ablation_mase_degradation,-3.754521973e-09,2.973794509e-07,6,timesfm2.5,1.448074721e-07,False,
gift-v15-short-qualified-feasible-seed2026082701,GIFT-Short,GIFT-Eval,short,0,covariate_impulse_response,5,moirai2,input_ablation_mase_degradation,-0.003494550555,0.0007890522828,6,tirex2,-0.001350769966,False,
gift-v15-short-qualified-feasible-seed2026082701,GIFT-Short,GIFT-Eval,short,0,covariate_impulse_response,5,moirai2,input_ablation_mase_degradation,-0.0001849935614,-1.668941081e-07,6,toto2.0,-6.221701615e-05,True,moirai2
gift-v15-short-qualified-feasible-seed2026082701,GIFT-Short,GIFT-Eval,short,0,covariate_impulse_response,5,timesfm2.5,input_ablation_mase_degradation,-0.003491807161,0.0007899513728,6,tirex2,-0.001350914773,False,
gift-v15-short-qualified-feasible-seed2026082701,GIFT-Short,GIFT-Eval,short,0,covariate_impulse_response,5,timesfm2.5,input_ablation_mase_degradation,-0.000185227325,-2.820915776e-07,6,toto2.0,-6.236182362e-05,True,timesfm2.5
gift-v15-short-qualified-feasible-seed2026082701,GIFT-Short,GIFT-Eval,short,0,covariate_impulse_response,5,tirex2,input_ablation_mase_degradation,-0.0007893243267,0.00347383487,6,toto2.0,0.00128855295,False,
gift-v15-short-qualified-feasible-seed2026082701,GIFT-Short,GIFT-Eval,short,0,cross_series_dependence,1,Chronos-2,input_ablation_mase_degradation,5.023453244e-05,0.01020674484,8,Timer-3.5,0.004011536987,True,Timer-3.5
gift-v15-short-qualified-feasible-seed2026082701,GIFT-Short,GIFT-Eval,short,0,cross_series_dependence,1,Chronos-2,input_ablation_mase_degradation,-0.0004244085428,0.0103168063,8,moirai2,0.003727068056,False,
gift-v15-short-qualified-feasible-seed2026082701,GIFT-Short,GIFT-Eval,short,0,cross_series_dependence,1,Chronos-2,input_ablation_mase_degradation,-0.0004618310136,0.01026272082,8,timesfm2.5,0.003727057677,False,
gift-v15-short-qualified-feasible-seed2026082701,GIFT-Short,GIFT-Eval,short,0,cross_series_dependence,1,Chronos-2,input_ablation_mase_degradation,-0.0007397608999,0.009793510762,8,tirex2,0.003531086155,False,
gift-v15-short-qualified-feasible-seed2026082701,GIFT-Short,GIFT-Eval,short,0,cross_series_dependence,1,Chronos-2,input_ablation_mase_degradation,-0.09914352955,-0.007384821589,8,toto2.0,-0.04934770902,True,Chronos-2
gift-v15-short-qualified-feasible-seed2026082701,GIFT-Short,GIFT-Eval,short,0,cross_series_dependence,1,Timer-3.5,input_ablation_mase_degradation,-0.001457144874,0.0005540043509,8,moirai2,-0.0002844689309,False,
gift-v15-short-qualified-feasible-seed2026082701,GIFT-Short,GIFT-Eval,short,0,cross_series_dependence,1,Timer-3.5,input_ablation_mase_degradation,-0.001474047362,0.0006018810706,8,timesfm2.5,-0.0002844793095,False,
gift-v15-short-qualified-feasible-seed2026082701,GIFT-Short,GIFT-Eval,short,0,cross_series_dependence,1,Timer-3.5,input_ablation_mase_degradation,-0.0022581875,0.001476040519,8,tirex2,-0.0004804508317,False,
gift-v15-short-qualified-feasible-seed2026082701,GIFT-Short,GIFT-Eval,short,0,cross_series_dependence,1,Timer-3.5,input_ablation_mase_degradation,-0.1079867336,-0.00690948326,8,toto2.0,-0.053359246,True,Timer-3.5
gift-v15-short-qualified-feasible-seed2026082701,GIFT-Short,GIFT-Eval,short,0,cross_series_dependence,1,moirai2,input_ablation_mase_degradation,-3.101817609e-08,1.484616098e-12,8,timesfm2.5,-1.03785734e-08,False,
gift-v15-short-qualified-feasible-seed2026082701,GIFT-Short,GIFT-Eval,short,0,cross_series_dependence,1,moirai2,input_ablation_mase_degradation,-0.001617396014,0.001546558189,8,tirex2,-0.0001959819008,False,
gift-v15-short-qualified-feasible-seed2026082701,GIFT-Short,GIFT-Eval,short,0,cross_series_dependence,1,moirai2,input_ablation_mase_degradation,-0.1027442256,-0.005961759968,8,toto2.0,-0.05307477707,True,moirai2
gift-v15-short-qualified-feasible-seed2026082701,GIFT-Short,GIFT-Eval,short,0,cross_series_dependence,1,timesfm2.5,input_ablation_mase_degradation,-0.001557756038,0.001561678055,8,tirex2,-0.0001959715223,False,
gift-v15-short-qualified-feasible-seed2026082701,GIFT-Short,GIFT-Eval,short,0,cross_series_dependence,1,timesfm2.5,input_ablation_mase_degradation,-0.1083796106,-0.0081685295,8,toto2.0,-0.05307476669,True,timesfm2.5
gift-v15-short-qualified-feasible-seed2026082701,GIFT-Short,GIFT-Eval,short,0,cross_series_dependence,1,tirex2,input_ablation_mase_degradation,-0.1069174585,-0.006998418699,8,toto2.0,-0.05287879517,True,tirex2
gift-v15-short-qualified-feasible-seed2026082701,GIFT-Short,GIFT-Eval,short,0,cross_series_dependence,2,Chronos-2,input_ablation_mase_degradation,-0.002388394728,0.008424843306,8,Timer-3.5,0.002274106436,False,
gift-v15-short-qualified-feasible-seed2026082701,GIFT-Short,GIFT-Eval,short,0,cross_series_dependence,2,Chronos-2,input_ablation_mase_degradation,-0.002680197283,0.006706873784,8,moirai2,0.001771358102,False,
gift-v15-short-qualified-feasible-seed2026082701,GIFT-Short,GIFT-Eval,short,0,cross_series_dependence,2,Chronos-2,input_ablation_mase_degradation,-0.002371522485,0.006889507676,8,timesfm2.5,0.00177132942,False,
gift-v15-short-qualified-feasible-seed2026082701,GIFT-Short,GIFT-Eval,short,0,cross_series_dependence,2,Chronos-2,input_ablation_mase_degradation,-0.002996463957,0.005252603088,8,tirex2,0.001098249189,False,
gift-v15-short-qualified-feasible-seed2026082701,GIFT-Short,GIFT-Eval,short,0,cross_series_dependence,2,Chronos-2,input_ablation_mase_degradation,-0.06886067304,-0.002053980647,8,toto2.0,-0.03131726342,True,Chronos-2
gift-v15-short-qualified-feasible-seed2026082701,GIFT-Short,GIFT-Eval,short,0,cross_series_dependence,2,Timer-3.5,input_ablation_mase_degradation,-0.001461679336,0.0002026154728,8,moirai2,-0.0005027483336,False,
gift-v15-short-qualified-feasible-seed2026082701,GIFT-Short,GIFT-Eval,short,0,cross_series_dependence,2,Timer-3.5,input_ablation_mase_degradation,-0.001449736762,0.0001968806813,8,timesfm2.5,-0.0005027770154,False,
gift-v15-short-qualified-feasible-seed2026082701,GIFT-Short,GIFT-Eval,short,0,cross_series_dependence,2,Timer-3.5,input_ablation_mase_degradation,-0.003791746174,0.00155544719,8,tirex2,-0.001175857247,False,
gift-v15-short-qualified-feasible-seed2026082701,GIFT-Short,GIFT-Eval,short,0,cross_series_dependence,2,Timer-3.5,input_ablation_mase_degradation,-0.06652498268,-0.00515451908,8,toto2.0,-0.03359136985,True,Timer-3.5
gift-v15-short-qualified-feasible-seed2026082701,GIFT-Short,GIFT-Eval,short,0,cross_series_dependence,2,moirai2,input_ablation_mase_degradation,-6.679699351e-08,-4.669568774e-11,8,timesfm2.5,-2.868186484e-08,True,moirai2
gift-v15-short-qualified-feasible-seed2026082701,GIFT-Short,GIFT-Eval,short,0,cross_series_dependence,2,moirai2,input_ablation_mase_degradation,-0.002636666549,0.001786711378,8,tirex2,-0.0006731089132,False,
gift-v15-short-qualified-feasible-seed2026082701,GIFT-Short,GIFT-Eval,short,0,cross_series_dependence,2,moirai2,input_ablation_mase_degradation,-0.06972072875,-0.004750523021,8,toto2.0,-0.03308862152,True,moirai2
gift-v15-short-qualified-feasible-seed2026082701,GIFT-Short,GIFT-Eval,short,0,cross_series_dependence,2,timesfm2.5,input_ablation_mase_degradation,-0.002679765468,0.001645384191,8,tirex2,-0.0006730802313,False,
gift-v15-short-qualified-feasible-seed2026082701,GIFT-Short,GIFT-Eval,short,0,cross_series_dependence,2,timesfm2.5,input_ablation_mase_degradation,-0.06597946353,-0.004852057943,8,toto2.0,-0.03308859284,True,timesfm2.5
gift-v15-short-qualified-feasible-seed2026082701,GIFT-Short,GIFT-Eval,short,0,cross_series_dependence,2,tirex2,input_ablation_mase_degradation,-0.06816920749,-0.005652079971,8,toto2.0,-0.03241551261,True,tirex2
gift-v15-short-qualified-feasible-seed2026082701,GIFT-Short,GIFT-Eval,short,0,cross_series_dependence,3,Chronos-2,input_ablation_mase_degradation,-0.004180285497,0.009431823146,8,Timer-3.5,0.002220768105,False,
gift-v15-short-qualified-feasible-seed2026082701,GIFT-Short,GIFT-Eval,short,0,cross_series_dependence,3,Chronos-2,input_ablation_mase_degradation,-0.005672996871,0.009723385158,8,moirai2,0.001952354649,False,
gift-v15-short-qualified-feasible-seed2026082701,GIFT-Short,GIFT-Eval,short,0,cross_series_dependence,3,Chronos-2,input_ablation_mase_degradation,-0.006012627583,0.01000927276,8,timesfm2.5,0.001952460023,False,
gift-v15-short-qualified-feasible-seed2026082701,GIFT-Short,GIFT-Eval,short,0,cross_series_dependence,3,Chronos-2,input_ablation_mase_degradation,-0.006461559192,0.01080437096,8,tirex2,0.002559949421,False,
gift-v15-short-qualified-feasible-seed2026082701,GIFT-Short,GIFT-Eval,short,0,cross_series_dependence,3,Chronos-2,input_ablation_mase_degradation,-0.05534810092,-0.0007829683486,8,toto2.0,-0.02730470832,True,Chronos-2
gift-v15-short-qualified-feasible-seed2026082701,GIFT-Short,GIFT-Eval,short,0,cross_series_dependence,3,Timer-3.5,input_ablation_mase_degradation,-0.002010556764,0.001101886337,8,moirai2,-0.0002684134558,False,
gift-v15-short-qualified-feasible-seed2026082701,GIFT-Short,GIFT-Eval,short,0,cross_series_dependence,3,Timer-3.5,input_ablation_mase_degradation,-0.002010064843,0.001089141874,8,timesfm2.5,-0.0002683080817,False,
gift-v15-short-qualified-feasible-seed2026082701,GIFT-Short,GIFT-Eval,short,0,cross_series_dependence,3,Timer-3.5,input_ablation_mase_degradation,-0.002938919708,0.003479018694,8,tirex2,0.0003391813162,False,
gift-v15-short-qualified-feasible-seed2026082701,GIFT-Short,GIFT-Eval,short,0,cross_series_dependence,3,Timer-3.5,input_ablation_mase_degradation,-0.0561889622,-0.005196794033,8,toto2.0,-0.02952547643,True,Timer-3.5
gift-v15-short-qualified-feasible-seed2026082701,GIFT-Short,GIFT-Eval,short,0,cross_series_dependence,3,moirai2,input_ablation_mase_degradation,-1.214797507e-08,3.282478532e-07,8,timesfm2.5,1.053741063e-07,False,
gift-v15-short-qualified-feasible-seed2026082701,GIFT-Short,GIFT-Eval,short,0,cross_series_dependence,3,moirai2,input_ablation_mase_degradation,-0.001686032048,0.002921092067,8,tirex2,0.0006075947721,False,
gift-v15-short-qualified-feasible-seed2026082701,GIFT-Short,GIFT-Eval,short,0,cross_series_dependence,3,moirai2,input_ablation_mase_degradation,-0.05553185909,-0.005194472256,8,toto2.0,-0.02925706297,True,moirai2
gift-v15-short-qualified-feasible-seed2026082701,GIFT-Short,GIFT-Eval,short,0,cross_series_dependence,3,timesfm2.5,input_ablation_mase_degradation,-0.001679510041,0.002984834404,8,tirex2,0.000607489398,False,
gift-v15-short-qualified-feasible-seed2026082701,GIFT-Short,GIFT-Eval,short,0,cross_series_dependence,3,timesfm2.5,input_ablation_mase_degradation,-0.05350657135,-0.006346355579,8,toto2.0,-0.02925716835,True,timesfm2.5
gift-v15-short-qualified-feasible-seed2026082701,GIFT-Short,GIFT-Eval,short,0,cross_series_dependence,3,tirex2,input_ablation_mase_degradation,-0.05503906408,-0.004929764391,8,toto2.0,-0.02986465775,True,tirex2
gift-v15-short-qualified-feasible-seed2026082701,GIFT-Short,GIFT-Eval,short,0,cross_series_dependence,4,Chronos-2,input_ablation_mase_degradation,-0.01071508382,0.004911949356,8,Timer-3.5,-0.003017179509,False,
gift-v15-short-qualified-feasible-seed2026082701,GIFT-Short,GIFT-Eval,short,0,cross_series_dependence,4,Chronos-2,input_ablation_mase_degradation,-0.009775555564,0.004275390465,8,moirai2,-0.002351256838,False,
gift-v15-short-qualified-feasible-seed2026082701,GIFT-Short,GIFT-Eval,short,0,cross_series_dependence,4,Chronos-2,input_ablation_mase_degradation,-0.009321546798,0.004436200922,8,timesfm2.5,-0.002351427925,False,
gift-v15-short-qualified-feasible-seed2026082701,GIFT-Short,GIFT-Eval,short,0,cross_series_dependence,4,Chronos-2,input_ablation_mase_degradation,-0.01445037523,0.00413998858,8,tirex2,-0.004471441789,False,
gift-v15-short-qualified-feasible-seed2026082701,GIFT-Short,GIFT-Eval,short,0,cross_series_dependence,4,Chronos-2,input_ablation_mase_degradation,-0.04900821515,0.002879297211,8,toto2.0,-0.02189925229,False,
gift-v15-short-qualified-feasible-seed2026082701,GIFT-Short,GIFT-Eval,short,0,cross_series_dependence,4,Timer-3.5,input_ablation_mase_degradation,-0.0009018433076,0.002431837054,8,moirai2,0.0006659226702,False,
gift-v15-short-qualified-feasible-seed2026082701,GIFT-Short,GIFT-Eval,short,0,cross_series_dependence,4,Timer-3.5,input_ablation_mase_degradation,-0.0009659192678,0.002436225607,8,timesfm2.5,0.0006657515834,False,
gift-v15-short-qualified-feasible-seed2026082701,GIFT-Short,GIFT-Eval,short,0,cross_series_dependence,4,Timer-3.5,input_ablation_mase_degradation,-0.004577070993,0.001433177943,8,tirex2,-0.00145426228,False,
gift-v15-short-qualified-feasible-seed2026082701,GIFT-Short,GIFT-Eval,short,0,cross_series_dependence,4,Timer-3.5,input_ablation_mase_degradation,-0.04057480085,0.0003230028862,8,toto2.0,-0.01888207278,False,
gift-v15-short-qualified-feasible-seed2026082701,GIFT-Short,GIFT-Eval,short,0,cross_series_dependence,4,moirai2,input_ablation_mase_degradation,-4.773736743e-07,-1.56399938e-09,8,timesfm2.5,-1.710867574e-07,True,moirai2
gift-v15-short-qualified-feasible-seed2026082701,GIFT-Short,GIFT-Eval,short,0,cross_series_dependence,4,moirai2,input_ablation_mase_degradation,-0.006669806891,0.001167249248,8,tirex2,-0.00212018495,False,
gift-v15-short-qualified-feasible-seed2026082701,GIFT-Short,GIFT-Eval,short,0,cross_series_dependence,4,moirai2,input_ablation_mase_degradation,-0.04370736341,0.001063204177,8,toto2.0,-0.01954799545,False,
gift-v15-short-qualified-feasible-seed2026082701,GIFT-Short,GIFT-Eval,short,0,cross_series_dependence,4,timesfm2.5,input_ablation_mase_degradation,-0.006492868725,0.001239435524,8,tirex2,-0.002120013864,False,
gift-v15-short-qualified-feasible-seed2026082701,GIFT-Short,GIFT-Eval,short,0,cross_series_dependence,4,timesfm2.5,input_ablation_mase_degradation,-0.04168225441,0.002188125037,8,toto2.0,-0.01954782436,False,
gift-v15-short-qualified-feasible-seed2026082701,GIFT-Short,GIFT-Eval,short,0,cross_series_dependence,4,tirex2,input_ablation_mase_degradation,-0.03628510445,0.001304782165,8,toto2.0,-0.0174278105,False,
gift-v15-short-qualified-feasible-seed2026082701,GIFT-Short,GIFT-Eval,short,0,cross_series_dependence,5,Chronos-2,input_ablation_mase_degradation,-0.01030742246,0.007065619343,8,Timer-3.5,-0.0003433239358,False,
gift-v15-short-qualified-feasible-seed2026082701,GIFT-Short,GIFT-Eval,short,0,cross_series_dependence,5,Chronos-2,input_ablation_mase_degradation,-0.01053989508,0.006945520222,8,moirai2,-0.0002162407612,False,
gift-v15-short-qualified-feasible-seed2026082701,GIFT-Short,GIFT-Eval,short,0,cross_series_dependence,5,Chronos-2,input_ablation_mase_degradation,-0.009139424582,0.006680585113,8,timesfm2.5,-0.0002161431176,False,
gift-v15-short-qualified-feasible-seed2026082701,GIFT-Short,GIFT-Eval,short,0,cross_series_dependence,5,Chronos-2,input_ablation_mase_degradation,-0.01396482137,0.006503876335,8,tirex2,-0.002105202748,False,
gift-v15-short-qualified-feasible-seed2026082701,GIFT-Short,GIFT-Eval,short,0,cross_series_dependence,5,Chronos-2,input_ablation_mase_degradation,-0.0234930733,0.01952521377,8,toto2.0,-0.0002767992751,False,
gift-v15-short-qualified-feasible-seed2026082701,GIFT-Short,GIFT-Eval,short,0,cross_series_dependence,5,Timer-3.5,input_ablation_mase_degradation,-0.0007154251488,0.001066226462,8,moirai2,0.0001270831746,False,
gift-v15-short-qualified-feasible-seed2026082701,GIFT-Short,GIFT-Eval,short,0,cross_series_dependence,5,Timer-3.5,input_ablation_mase_degradation,-0.0007290761318,0.0009562124245,8,timesfm2.5,0.0001271808183,False,
gift-v15-short-qualified-feasible-seed2026082701,GIFT-Short,GIFT-Eval,short,0,cross_series_dependence,5,Timer-3.5,input_ablation_mase_degradation,-0.004463457088,0.0006882107065,8,tirex2,-0.001761878812,False,
gift-v15-short-qualified-feasible-seed2026082701,GIFT-Short,GIFT-Eval,short,0,cross_series_dependence,5,Timer-3.5,input_ablation_mase_degradation,-0.01707237208,0.01716330816,8,toto2.0,6.652466071e-05,False,
gift-v15-short-qualified-feasible-seed2026082701,GIFT-Short,GIFT-Eval,short,0,cross_series_dependence,5,moirai2,input_ablation_mase_degradation,-3.117451946e-08,3.184240129e-07,8,timesfm2.5,9.764366319e-08,False,
gift-v15-short-qualified-feasible-seed2026082701,GIFT-Short,GIFT-Eval,short,0,cross_series_dependence,5,moirai2,input_ablation_mase_degradation,-0.005194668825,0.0009533993404,8,tirex2,-0.001888961987,False,
gift-v15-short-qualified-feasible-seed2026082701,GIFT-Short,GIFT-Eval,short,0,cross_series_dependence,5,moirai2,input_ablation_mase_degradation,-0.01675569532,0.01706749564,8,toto2.0,-6.055851389e-05,False,
gift-v15-short-qualified-feasible-seed2026082701,GIFT-Short,GIFT-Eval,short,0,cross_series_dependence,5,timesfm2.5,input_ablation_mase_degradation,-0.00524385777,0.0009956925632,8,tirex2,-0.00188905963,False,
gift-v15-short-qualified-feasible-seed2026082701,GIFT-Short,GIFT-Eval,short,0,cross_series_dependence,5,timesfm2.5,input_ablation_mase_degradation,-0.017024717,0.01588394324,8,toto2.0,-6.065615755e-05,False,
gift-v15-short-qualified-feasible-seed2026082701,GIFT-Short,GIFT-Eval,short,0,cross_series_dependence,5,tirex2,input_ablation_mase_degradation,-0.01324006458,0.01790025111,8,toto2.0,0.001828403473,False,
gift-v15-short-qualified-feasible-seed2026082701,GIFT-Short,GIFT-Eval,short,0,,,Chronos-2,official_mase,-0.02531377812,0.1470601319,20,Timer-3.5,0.04769082716,False,
gift-v15-short-qualified-feasible-seed2026082701,GIFT-Short,GIFT-Eval,short,0,,,Chronos-2,official_mase,-0.2404783244,-0.03681529558,20,moirai2,-0.1260117334,True,Chronos-2
gift-v15-short-qualified-feasible-seed2026082701,GIFT-Short,GIFT-Eval,short,0,,,Chronos-2,official_mase,-0.002858956779,0.268723137,20,timesfm2.5,0.09400033976,False,
gift-v15-short-qualified-feasible-seed2026082701,GIFT-Short,GIFT-Eval,short,0,,,Chronos-2,official_mase,0.005386892166,0.2803066692,20,tirex2,0.107817454,True,tirex2
gift-v15-short-qualified-feasible-seed2026082701,GIFT-Short,GIFT-Eval,short,0,,,Chronos-2,official_mase,0.009770374654,0.3010321386,20,toto2.0,0.1230733259,True,toto2.0
gift-v15-short-qualified-feasible-seed2026082701,GIFT-Short,GIFT-Eval,short,0,,,Timer-3.5,official_mase,-0.3485379886,-0.05001589006,20,moirai2,-0.1737025606,True,Timer-3.5
gift-v15-short-qualified-feasible-seed2026082701,GIFT-Short,GIFT-Eval,short,0,,,Timer-3.5,official_mase,-0.0307018038,0.1508901252,20,timesfm2.5,0.0463095126,False,
gift-v15-short-qualified-feasible-seed2026082701,GIFT-Short,GIFT-Eval,short,0,,,Timer-3.5,official_mase,-0.0241414847,0.161526542,20,tirex2,0.06012662688,False,
gift-v15-short-qualified-feasible-seed2026082701,GIFT-Short,GIFT-Eval,short,0,,,Timer-3.5,official_mase,-0.02133778338,0.2002673425,20,toto2.0,0.07538249873,False,
gift-v15-short-qualified-feasible-seed2026082701,GIFT-Short,GIFT-Eval,short,0,,,moirai2,official_mase,0.0479010921,0.4817543195,20,timesfm2.5,0.2200120732,True,timesfm2.5
gift-v15-short-qualified-feasible-seed2026082701,GIFT-Short,GIFT-Eval,short,0,,,moirai2,official_mase,0.05171957306,0.4937702313,20,tirex2,0.2338291875,True,tirex2
gift-v15-short-qualified-feasible-seed2026082701,GIFT-Short,GIFT-Eval,short,0,,,moirai2,official_mase,0.05935431485,0.531655701,20,toto2.0,0.2490850593,True,toto2.0
gift-v15-short-qualified-feasible-seed2026082701,GIFT-Short,GIFT-Eval,short,0,,,timesfm2.5,official_mase,-0.02037853596,0.05546753671,20,tirex2,0.01381711428,False,
gift-v15-short-qualified-feasible-seed2026082701,GIFT-Short,GIFT-Eval,short,0,,,timesfm2.5,official_mase,-0.008342640338,0.08267834404,20,toto2.0,0.02907298613,False,
gift-v15-short-qualified-feasible-seed2026082701,GIFT-Short,GIFT-Eval,short,0,,,tirex2,official_mase,-0.02207832455,0.05825922456,20,toto2.0,0.01525587185,False,
gift-v15-medium-qualified-feasible-seed2026082701,GIFT-Medium,GIFT-Eval,medium,1,common_factor,1,Chronos-2,capability_effect_nrmse,-0.2928106987,-0.09868456227,4,Timer-3.5,-0.1957476305,True,Chronos-2
gift-v15-medium-qualified-feasible-seed2026082701,GIFT-Medium,GIFT-Eval,medium,1,common_factor,1,Chronos-2,capability_effect_nrmse,-0.4674431269,-0.152359032,4,moirai2,-0.3178203091,True,Chronos-2
gift-v15-medium-qualified-feasible-seed2026082701,GIFT-Medium,GIFT-Eval,medium,1,common_factor,1,Chronos-2,capability_effect_nrmse,-0.3476942284,-0.1612589299,4,timesfm2.5,-0.2626921663,True,Chronos-2
gift-v15-medium-qualified-feasible-seed2026082701,GIFT-Medium,GIFT-Eval,medium,1,common_factor,1,Chronos-2,capability_effect_nrmse,-0.2464135346,0.02516778483,4,toto2.0,-0.1120638886,False,
gift-v15-medium-qualified-feasible-seed2026082701,GIFT-Medium,GIFT-Eval,medium,1,common_factor,1,Timer-3.5,capability_effect_nrmse,-0.3046539893,0.01437463958,4,moirai2,-0.1220726787,False,
gift-v15-medium-qualified-feasible-seed2026082701,GIFT-Medium,GIFT-Eval,medium,1,common_factor,1,Timer-3.5,capability_effect_nrmse,-0.2041042,0.03350268094,4,timesfm2.5,-0.06694453588,False,
gift-v15-medium-qualified-feasible-seed2026082701,GIFT-Medium,GIFT-Eval,medium,1,common_factor,1,Timer-3.5,capability_effect_nrmse,-0.01912938827,0.1864968721,4,toto2.0,0.0836837419,False,
gift-v15-medium-qualified-feasible-seed2026082701,GIFT-Medium,GIFT-Eval,medium,1,common_factor,1,moirai2,capability_effect_nrmse,-0.01878643955,0.1290427251,4,timesfm2.5,0.05512814279,False,
gift-v15-medium-qualified-feasible-seed2026082701,GIFT-Medium,GIFT-Eval,medium,1,common_factor,1,moirai2,capability_effect_nrmse,0.03667720521,0.4676344971,4,toto2.0,0.2057564206,True,toto2.0
gift-v15-medium-qualified-feasible-seed2026082701,GIFT-Medium,GIFT-Eval,medium,1,common_factor,1,timesfm2.5,capability_effect_nrmse,-0.03822247865,0.384690838,4,toto2.0,0.1506282778,False,
gift-v15-medium-qualified-feasible-seed2026082701,GIFT-Medium,GIFT-Eval,medium,1,common_factor,2,Chronos-2,capability_effect_nrmse,-0.363096501,-0.09853062787,4,Timer-3.5,-0.2308135645,True,Chronos-2
gift-v15-medium-qualified-feasible-seed2026082701,GIFT-Medium,GIFT-Eval,medium,1,common_factor,2,Chronos-2,capability_effect_nrmse,-0.470986368,-0.169988358,4,moirai2,-0.3266652259,True,Chronos-2
gift-v15-medium-qualified-feasible-seed2026082701,GIFT-Medium,GIFT-Eval,medium,1,common_factor,2,Chronos-2,capability_effect_nrmse,-0.3642469316,-0.184176814,4,timesfm2.5,-0.2962785816,True,Chronos-2
gift-v15-medium-qualified-feasible-seed2026082701,GIFT-Medium,GIFT-Eval,medium,1,common_factor,2,Chronos-2,capability_effect_nrmse,-0.2861135911,0.03589704289,4,toto2.0,-0.1261157386,False,
gift-v15-medium-qualified-feasible-seed2026082701,GIFT-Medium,GIFT-Eval,medium,1,common_factor,2,Timer-3.5,capability_effect_nrmse,-0.2727736184,0.05120091257,4,moirai2,-0.0958516614,False,
gift-v15-medium-qualified-feasible-seed2026082701,GIFT-Medium,GIFT-Eval,medium,1,common_factor,2,Timer-3.5,capability_effect_nrmse,-0.2085726065,0.02259334974,4,timesfm2.5,-0.06546501714,False,
gift-v15-medium-qualified-feasible-seed2026082701,GIFT-Medium,GIFT-Eval,medium,1,common_factor,2,Timer-3.5,capability_effect_nrmse,0.03001192769,0.1793837241,4,toto2.0,0.1046978259,True,toto2.0
gift-v15-medium-qualified-feasible-seed2026082701,GIFT-Medium,GIFT-Eval,medium,1,common_factor,2,moirai2,capability_effect_nrmse,-0.04908006242,0.1098533509,4,timesfm2.5,0.03038664427,False,
gift-v15-medium-qualified-feasible-seed2026082701,GIFT-Medium,GIFT-Eval,medium,1,common_factor,2,moirai2,capability_effect_nrmse,0.0444276208,0.4586117215,4,toto2.0,0.2005494873,True,toto2.0
gift-v15-medium-qualified-feasible-seed2026082701,GIFT-Medium,GIFT-Eval,medium,1,common_factor,2,timesfm2.5,capability_effect_nrmse,0.01988643494,0.3891039761,4,toto2.0,0.170162843,True,toto2.0
gift-v15-medium-qualified-feasible-seed2026082701,GIFT-Medium,GIFT-Eval,medium,1,common_factor,3,Chronos-2,capability_effect_nrmse,-0.3649567592,-0.09225473014,4,Timer-3.5,-0.2286057447,True,Chronos-2
gift-v15-medium-qualified-feasible-seed2026082701,GIFT-Medium,GIFT-Eval,medium,1,common_factor,3,Chronos-2,capability_effect_nrmse,-0.4451134007,-0.1543148394,4,moirai2,-0.3152568935,True,Chronos-2
gift-v15-medium-qualified-feasible-seed2026082701,GIFT-Medium,GIFT-Eval,medium,1,common_factor,3,Chronos-2,capability_effect_nrmse,-0.3524634283,-0.1482208388,4,timesfm2.5,-0.2817177698,True,Chronos-2
gift-v15-medium-qualified-feasible-seed2026082701,GIFT-Medium,GIFT-Eval,medium,1,common_factor,3,Chronos-2,capability_effect_nrmse,-0.2919643132,0.04061111886,4,toto2.0,-0.1256907703,False,
gift-v15-medium-qualified-feasible-seed2026082701,GIFT-Medium,GIFT-Eval,medium,1,common_factor,3,Timer-3.5,capability_effect_nrmse,-0.2417732308,0.05252079711,4,moirai2,-0.08665114878,False,
gift-v15-medium-qualified-feasible-seed2026082701,GIFT-Medium,GIFT-Eval,medium,1,common_factor,3,Timer-3.5,capability_effect_nrmse,-0.1893420291,0.02359130594,4,timesfm2.5,-0.05311202511,False,
gift-v15-medium-qualified-feasible-seed2026082701,GIFT-Medium,GIFT-Eval,medium,1,common_factor,3,Timer-3.5,capability_effect_nrmse,0.02161957235,0.1842103765,4,toto2.0,0.1029149744,True,toto2.0
gift-v15-medium-qualified-feasible-seed2026082701,GIFT-Medium,GIFT-Eval,medium,1,common_factor,3,moirai2,capability_effect_nrmse,-0.02892949117,0.09600773849,4,timesfm2.5,0.03353912366,False,
gift-v15-medium-qualified-feasible-seed2026082701,GIFT-Medium,GIFT-Eval,medium,1,common_factor,3,moirai2,capability_effect_nrmse,0.04241732138,0.4297648687,4,toto2.0,0.1895661232,True,toto2.0
gift-v15-medium-qualified-feasible-seed2026082701,GIFT-Medium,GIFT-Eval,medium,1,common_factor,3,timesfm2.5,capability_effect_nrmse,0.01274334001,0.3608022442,4,toto2.0,0.1560269995,True,toto2.0
gift-v15-medium-qualified-feasible-seed2026082701,GIFT-Medium,GIFT-Eval,medium,1,common_factor,4,Chronos-2,capability_effect_nrmse,-0.3631536493,-0.08409521103,4,Timer-3.5,-0.2236244301,True,Chronos-2
gift-v15-medium-qualified-feasible-seed2026082701,GIFT-Medium,GIFT-Eval,medium,1,common_factor,4,Chronos-2,capability_effect_nrmse,-0.4794889865,-0.1456154853,4,moirai2,-0.3142436893,True,Chronos-2
gift-v15-medium-qualified-feasible-seed2026082701,GIFT-Medium,GIFT-Eval,medium,1,common_factor,4,Chronos-2,capability_effect_nrmse,-0.3717918485,-0.106857575,4,timesfm2.5,-0.2612109684,True,Chronos-2
gift-v15-medium-qualified-feasible-seed2026082701,GIFT-Medium,GIFT-Eval,medium,1,common_factor,4,Chronos-2,capability_effect_nrmse,-0.2985732581,0.04099936995,4,toto2.0,-0.128786944,False,
gift-v15-medium-qualified-feasible-seed2026082701,GIFT-Medium,GIFT-Eval,medium,1,common_factor,4,Timer-3.5,capability_effect_nrmse,-0.2227711993,0.04153268105,4,moirai2,-0.09061925911,False,
gift-v15-medium-qualified-feasible-seed2026082701,GIFT-Medium,GIFT-Eval,medium,1,common_factor,4,Timer-3.5,capability_effect_nrmse,-0.1609110286,0.04956030799,4,timesfm2.5,-0.03758653829,False,
gift-v15-medium-qualified-feasible-seed2026082701,GIFT-Medium,GIFT-Eval,medium,1,common_factor,4,Timer-3.5,capability_effect_nrmse,0.02945773751,0.1612873052,4,toto2.0,0.0948374861,True,toto2.0
gift-v15-medium-qualified-feasible-seed2026082701,GIFT-Medium,GIFT-Eval,medium,1,common_factor,4,moirai2,capability_effect_nrmse,0.008027626938,0.0980378147,4,timesfm2.5,0.05303272082,True,timesfm2.5
gift-v15-medium-qualified-feasible-seed2026082701,GIFT-Medium,GIFT-Eval,medium,1,common_factor,4,moirai2,capability_effect_nrmse,0.04629910509,0.3952105422,4,toto2.0,0.1854567452,True,toto2.0
gift-v15-medium-qualified-feasible-seed2026082701,GIFT-Medium,GIFT-Eval,medium,1,common_factor,4,timesfm2.5,capability_effect_nrmse,0.01041623534,0.3258320392,4,toto2.0,0.1324240244,True,toto2.0
gift-v15-medium-qualified-feasible-seed2026082701,GIFT-Medium,GIFT-Eval,medium,1,common_factor,5,Chronos-2,capability_effect_nrmse,-0.3270033323,-0.08459704099,4,Timer-3.5,-0.2058001866,True,Chronos-2
gift-v15-medium-qualified-feasible-seed2026082701,GIFT-Medium,GIFT-Eval,medium,1,common_factor,5,Chronos-2,capability_effect_nrmse,-0.4439456287,-0.1360321702,4,moirai2,-0.29653505,True,Chronos-2
gift-v15-medium-qualified-feasible-seed2026082701,GIFT-Medium,GIFT-Eval,medium,1,common_factor,5,Chronos-2,capability_effect_nrmse,-0.3311741192,-0.1282165345,4,timesfm2.5,-0.2364060827,True,Chronos-2
gift-v15-medium-qualified-feasible-seed2026082701,GIFT-Medium,GIFT-Eval,medium,1,common_factor,5,Chronos-2,capability_effect_nrmse,-0.2563809846,0.03906919779,4,toto2.0,-0.1092129086,False,
gift-v15-medium-qualified-feasible-seed2026082701,GIFT-Medium,GIFT-Eval,medium,1,common_factor,5,Timer-3.5,capability_effect_nrmse,-0.1952922361,0.01382250941,4,moirai2,-0.09073486335,False,
gift-v15-medium-qualified-feasible-seed2026082701,GIFT-Medium,GIFT-Eval,medium,1,common_factor,5,Timer-3.5,capability_effect_nrmse,-0.09019422984,0.02440989569,4,timesfm2.5,-0.0306058961,False,
gift-v15-medium-qualified-feasible-seed2026082701,GIFT-Medium,GIFT-Eval,medium,1,common_factor,5,Timer-3.5,capability_effect_nrmse,0.02367024392,0.1695043121,4,toto2.0,0.09658727801,True,toto2.0
gift-v15-medium-qualified-feasible-seed2026082701,GIFT-Medium,GIFT-Eval,medium,1,common_factor,5,moirai2,capability_effect_nrmse,0.005539235696,0.1147186988,4,timesfm2.5,0.06012896725,True,timesfm2.5
gift-v15-medium-qualified-feasible-seed2026082701,GIFT-Medium,GIFT-Eval,medium,1,common_factor,5,moirai2,capability_effect_nrmse,0.06818022987,0.369400031,4,toto2.0,0.1873221414,True,toto2.0
gift-v15-medium-qualified-feasible-seed2026082701,GIFT-Medium,GIFT-Eval,medium,1,common_factor,5,timesfm2.5,capability_effect_nrmse,0.03793733204,0.2625732948,4,toto2.0,0.1271931741,True,toto2.0
gift-v15-medium-qualified-feasible-seed2026082701,GIFT-Medium,GIFT-Eval,medium,1,covariate_impulse_response,1,Chronos-2,capability_effect_nrmse,-0.3861037432,0.4231453887,4,Timer-3.5,0.0008733127776,False,
gift-v15-medium-qualified-feasible-seed2026082701,GIFT-Medium,GIFT-Eval,medium,1,covariate_impulse_response,1,Chronos-2,capability_effect_nrmse,-0.2509262829,0.4904092327,4,moirai2,0.1285139832,False,
gift-v15-medium-qualified-feasible-seed2026082701,GIFT-Medium,GIFT-Eval,medium,1,covariate_impulse_response,1,Chronos-2,capability_effect_nrmse,-0.03339638322,0.6525333388,4,timesfm2.5,0.2344915122,False,
gift-v15-medium-qualified-feasible-seed2026082701,GIFT-Medium,GIFT-Eval,medium,1,covariate_impulse_response,1,Chronos-2,capability_effect_nrmse,-1.249117212,0.5634656545,4,toto2.0,-0.1740372383,False,
gift-v15-medium-qualified-feasible-seed2026082701,GIFT-Medium,GIFT-Eval,medium,1,covariate_impulse_response,1,Timer-3.5,capability_effect_nrmse,0.0721025348,0.1778929389,4,moirai2,0.1276406704,True,moirai2
gift-v15-medium-qualified-feasible-seed2026082701,GIFT-Medium,GIFT-Eval,medium,1,covariate_impulse_response,1,Timer-3.5,capability_effect_nrmse,0.09968210459,0.3675542943,4,timesfm2.5,0.2336181995,True,timesfm2.5
gift-v15-medium-qualified-feasible-seed2026082701,GIFT-Medium,GIFT-Eval,medium,1,covariate_impulse_response,1,Timer-3.5,capability_effect_nrmse,-0.874126932,0.2308922064,4,toto2.0,-0.1749105511,False,
gift-v15-medium-qualified-feasible-seed2026082701,GIFT-Medium,GIFT-Eval,medium,1,covariate_impulse_response,1,moirai2,capability_effect_nrmse,-0.06172141875,0.2736764768,4,timesfm2.5,0.105977529,False,
gift-v15-medium-qualified-feasible-seed2026082701,GIFT-Medium,GIFT-Eval,medium,1,covariate_impulse_response,1,moirai2,capability_effect_nrmse,-0.9956031609,0.1059870784,4,toto2.0,-0.3025512215,False,
gift-v15-medium-qualified-feasible-seed2026082701,GIFT-Medium,GIFT-Eval,medium,1,covariate_impulse_response,1,timesfm2.5,capability_effect_nrmse,-1.248651485,0.09417608114,4,toto2.0,-0.4085287505,False,
gift-v15-medium-qualified-feasible-seed2026082701,GIFT-Medium,GIFT-Eval,medium,1,covariate_impulse_response,2,Chronos-2,capability_effect_nrmse,-0.2159968652,0.3447508171,4,Timer-3.5,0.04730029068,False,
gift-v15-medium-qualified-feasible-seed2026082701,GIFT-Medium,GIFT-Eval,medium,1,covariate_impulse_response,2,Chronos-2,capability_effect_nrmse,-0.2080860854,0.3158278307,4,moirai2,0.08664729452,False,
gift-v15-medium-qualified-feasible-seed2026082701,GIFT-Medium,GIFT-Eval,medium,1,covariate_impulse_response,2,Chronos-2,capability_effect_nrmse,-0.04563892503,0.6079864992,4,timesfm2.5,0.2169534506,False,
gift-v15-medium-qualified-feasible-seed2026082701,GIFT-Medium,GIFT-Eval,medium,1,covariate_impulse_response,2,Chronos-2,capability_effect_nrmse,-0.7463993604,0.4565209224,4,toto2.0,-0.06322392368,False,
gift-v15-medium-qualified-feasible-seed2026082701,GIFT-Medium,GIFT-Eval,medium,1,covariate_impulse_response,2,Timer-3.5,capability_effect_nrmse,-0.06985708401,0.1485510917,4,moirai2,0.03934700384,False,
gift-v15-medium-qualified-feasible-seed2026082701,GIFT-Medium,GIFT-Eval,medium,1,covariate_impulse_response,2,Timer-3.5,capability_effect_nrmse,0.1075142859,0.2317920341,4,timesfm2.5,0.16965316,True,timesfm2.5
gift-v15-medium-qualified-feasible-seed2026082701,GIFT-Medium,GIFT-Eval,medium,1,covariate_impulse_response,2,Timer-3.5,capability_effect_nrmse,-0.6203003977,0.2100845392,4,toto2.0,-0.1105242144,False,
gift-v15-medium-qualified-feasible-seed2026082701,GIFT-Medium,GIFT-Eval,medium,1,covariate_impulse_response,2,moirai2,capability_effect_nrmse,-0.04103680582,0.3016491181,4,timesfm2.5,0.1303061561,False,
gift-v15-medium-qualified-feasible-seed2026082701,GIFT-Medium,GIFT-Eval,medium,1,covariate_impulse_response,2,moirai2,capability_effect_nrmse,-0.5816171982,0.1417630114,4,toto2.0,-0.1498712182,False,
gift-v15-medium-qualified-feasible-seed2026082701,GIFT-Medium,GIFT-Eval,medium,1,covariate_impulse_response,2,timesfm2.5,capability_effect_nrmse,-0.809511547,0.0841223667,4,toto2.0,-0.2801773743,False,
gift-v15-medium-qualified-feasible-seed2026082701,GIFT-Medium,GIFT-Eval,medium,1,covariate_impulse_response,3,Chronos-2,capability_effect_nrmse,-0.1522600045,0.2613749646,4,Timer-3.5,0.06037802576,False,
gift-v15-medium-qualified-feasible-seed2026082701,GIFT-Medium,GIFT-Eval,medium,1,covariate_impulse_response,3,Chronos-2,capability_effect_nrmse,-0.1610622267,0.2786645068,4,moirai2,0.0852546996,False,
gift-v15-medium-qualified-feasible-seed2026082701,GIFT-Medium,GIFT-Eval,medium,1,covariate_impulse_response,3,Chronos-2,capability_effect_nrmse,-0.07529655979,0.4638251034,4,timesfm2.5,0.1843498714,False,
gift-v15-medium-qualified-feasible-seed2026082701,GIFT-Medium,GIFT-Eval,medium,1,covariate_impulse_response,3,Chronos-2,capability_effect_nrmse,-0.4998050688,0.4019627152,4,toto2.0,0.02545517791,False,
gift-v15-medium-qualified-feasible-seed2026082701,GIFT-Medium,GIFT-Eval,medium,1,covariate_impulse_response,3,Timer-3.5,capability_effect_nrmse,-0.09223226331,0.141985611,4,moirai2,0.02487667384,False,
gift-v15-medium-qualified-feasible-seed2026082701,GIFT-Medium,GIFT-Eval,medium,1,covariate_impulse_response,3,Timer-3.5,capability_effect_nrmse,0.06532235328,0.2051819326,4,timesfm2.5,0.1239718456,True,timesfm2.5
gift-v15-medium-qualified-feasible-seed2026082701,GIFT-Medium,GIFT-Eval,medium,1,covariate_impulse_response,3,Timer-3.5,capability_effect_nrmse,-0.4047113121,0.2042417331,4,toto2.0,-0.03492284785,False,
gift-v15-medium-qualified-feasible-seed2026082701,GIFT-Medium,GIFT-Eval,medium,1,covariate_impulse_response,3,moirai2,capability_effect_nrmse,-0.04507076385,0.277230175,4,timesfm2.5,0.09909517179,False,
gift-v15-medium-qualified-feasible-seed2026082701,GIFT-Medium,GIFT-Eval,medium,1,covariate_impulse_response,3,moirai2,capability_effect_nrmse,-0.3620165126,0.1869123297,4,toto2.0,-0.05979952169,False,
gift-v15-medium-qualified-feasible-seed2026082701,GIFT-Medium,GIFT-Eval,medium,1,covariate_impulse_response,3,timesfm2.5,capability_effect_nrmse,-0.4813930351,0.09162925721,4,toto2.0,-0.1588946935,False,
gift-v15-medium-qualified-feasible-seed2026082701,GIFT-Medium,GIFT-Eval,medium,1,covariate_impulse_response,4,Chronos-2,capability_effect_nrmse,-0.1012101494,0.2120059842,4,Timer-3.5,0.05769571322,False,
gift-v15-medium-qualified-feasible-seed2026082701,GIFT-Medium,GIFT-Eval,medium,1,covariate_impulse_response,4,Chronos-2,capability_effect_nrmse,-0.1287129734,0.2737358331,4,moirai2,0.07251142983,False,
gift-v15-medium-qualified-feasible-seed2026082701,GIFT-Medium,GIFT-Eval,medium,1,covariate_impulse_response,4,Chronos-2,capability_effect_nrmse,-0.1192583538,0.3319105439,4,timesfm2.5,0.102394371,False,
gift-v15-medium-qualified-feasible-seed2026082701,GIFT-Medium,GIFT-Eval,medium,1,covariate_impulse_response,4,Chronos-2,capability_effect_nrmse,-0.3356765622,0.3344278245,4,toto2.0,0.04758634973,False,
gift-v15-medium-qualified-feasible-seed2026082701,GIFT-Medium,GIFT-Eval,medium,1,covariate_impulse_response,4,Timer-3.5,capability_effect_nrmse,-0.1073986758,0.137030109,4,moirai2,0.01481571661,False,
gift-v15-medium-qualified-feasible-seed2026082701,GIFT-Medium,GIFT-Eval,medium,1,covariate_impulse_response,4,Timer-3.5,capability_effect_nrmse,-0.06149523473,0.1559727154,4,timesfm2.5,0.04469865778,False,
gift-v15-medium-qualified-feasible-seed2026082701,GIFT-Medium,GIFT-Eval,medium,1,covariate_impulse_response,4,Timer-3.5,capability_effect_nrmse,-0.3626832893,0.2099333585,4,toto2.0,-0.01010936349,False,
gift-v15-medium-qualified-feasible-seed2026082701,GIFT-Medium,GIFT-Eval,medium,1,covariate_impulse_response,4,moirai2,capability_effect_nrmse,-0.1179834694,0.2146083057,4,timesfm2.5,0.02988294117,False,
gift-v15-medium-qualified-feasible-seed2026082701,GIFT-Medium,GIFT-Eval,medium,1,covariate_impulse_response,4,moirai2,capability_effect_nrmse,-0.2466518519,0.1796756079,4,toto2.0,-0.0249250801,False,
gift-v15-medium-qualified-feasible-seed2026082701,GIFT-Medium,GIFT-Eval,medium,1,covariate_impulse_response,4,timesfm2.5,capability_effect_nrmse,-0.2950264266,0.1401052488,4,toto2.0,-0.05480802127,False,
gift-v15-medium-qualified-feasible-seed2026082701,GIFT-Medium,GIFT-Eval,medium,1,covariate_impulse_response,5,Chronos-2,capability_effect_nrmse,-0.1178944236,0.1164490922,4,Timer-3.5,0.0111545302,False,
gift-v15-medium-qualified-feasible-seed2026082701,GIFT-Medium,GIFT-Eval,medium,1,covariate_impulse_response,5,Chronos-2,capability_effect_nrmse,-0.1591805108,0.2033362961,4,moirai2,0.005322039754,False,
gift-v15-medium-qualified-feasible-seed2026082701,GIFT-Medium,GIFT-Eval,medium,1,covariate_impulse_response,5,Chronos-2,capability_effect_nrmse,-0.1104468463,0.2505960026,4,timesfm2.5,0.06375930722,False,
gift-v15-medium-qualified-feasible-seed2026082701,GIFT-Medium,GIFT-Eval,medium,1,covariate_impulse_response,5,Chronos-2,capability_effect_nrmse,-0.1671928853,0.3184868978,4,toto2.0,0.08086740928,False,
gift-v15-medium-qualified-feasible-seed2026082701,GIFT-Medium,GIFT-Eval,medium,1,covariate_impulse_response,5,Timer-3.5,capability_effect_nrmse,-0.1284516727,0.1234826809,4,moirai2,-0.005832490447,False,
gift-v15-medium-qualified-feasible-seed2026082701,GIFT-Medium,GIFT-Eval,medium,1,covariate_impulse_response,5,Timer-3.5,capability_effect_nrmse,-0.04829171565,0.1882312194,4,timesfm2.5,0.05260477702,False,
gift-v15-medium-qualified-feasible-seed2026082701,GIFT-Medium,GIFT-Eval,medium,1,covariate_impulse_response,5,Timer-3.5,capability_effect_nrmse,-0.1808324247,0.2276581523,4,toto2.0,0.06971287907,False,
gift-v15-medium-qualified-feasible-seed2026082701,GIFT-Medium,GIFT-Eval,medium,1,covariate_impulse_response,5,moirai2,capability_effect_nrmse,-0.1316804325,0.2582585703,4,timesfm2.5,0.05843726747,False,
gift-v15-medium-qualified-feasible-seed2026082701,GIFT-Medium,GIFT-Eval,medium,1,covariate_impulse_response,5,moirai2,capability_effect_nrmse,-0.09999508699,0.251085826,4,toto2.0,0.07554536952,False,
gift-v15-medium-qualified-feasible-seed2026082701,GIFT-Medium,GIFT-Eval,medium,1,covariate_impulse_response,5,timesfm2.5,capability_effect_nrmse,-0.1389160114,0.1641703702,4,toto2.0,0.01710810206,False,
gift-v15-medium-qualified-feasible-seed2026082701,GIFT-Medium,GIFT-Eval,medium,1,cross_series_dependence,1,Chronos-2,capability_effect_nrmse,-0.2462160476,-0.00872086224,6,Timer-3.5,-0.1248326927,True,Chronos-2
gift-v15-medium-qualified-feasible-seed2026082701,GIFT-Medium,GIFT-Eval,medium,1,cross_series_dependence,1,Chronos-2,capability_effect_nrmse,-0.1013709256,0.01306677638,6,moirai2,-0.03373692203,False,
gift-v15-medium-qualified-feasible-seed2026082701,GIFT-Medium,GIFT-Eval,medium,1,cross_series_dependence,1,Chronos-2,capability_effect_nrmse,-0.1272535089,-0.04452708056,6,timesfm2.5,-0.08649719892,True,Chronos-2
gift-v15-medium-qualified-feasible-seed2026082701,GIFT-Medium,GIFT-Eval,medium,1,cross_series_dependence,1,Chronos-2,capability_effect_nrmse,-0.3815470203,-0.01454833827,6,toto2.0,-0.1893001758,True,Chronos-2
gift-v15-medium-qualified-feasible-seed2026082701,GIFT-Medium,GIFT-Eval,medium,1,cross_series_dependence,1,Timer-3.5,capability_effect_nrmse,-0.008574581385,0.1951224439,6,moirai2,0.09109577066,False,
gift-v15-medium-qualified-feasible-seed2026082701,GIFT-Medium,GIFT-Eval,medium,1,cross_series_dependence,1,Timer-3.5,capability_effect_nrmse,-0.07314542652,0.1414641211,6,timesfm2.5,0.03833549377,False,
gift-v15-medium-qualified-feasible-seed2026082701,GIFT-Medium,GIFT-Eval,medium,1,cross_series_dependence,1,Timer-3.5,capability_effect_nrmse,-0.3074333679,0.1784984018,6,toto2.0,-0.06446748308,False,
gift-v15-medium-qualified-feasible-seed2026082701,GIFT-Medium,GIFT-Eval,medium,1,cross_series_dependence,1,moirai2,capability_effect_nrmse,-0.1320707765,0.03992340869,6,timesfm2.5,-0.05276027689,False,
gift-v15-medium-qualified-feasible-seed2026082701,GIFT-Medium,GIFT-Eval,medium,1,cross_series_dependence,1,moirai2,capability_effect_nrmse,-0.3366388855,0.005789211764,6,toto2.0,-0.1555632537,False,
gift-v15-medium-qualified-feasible-seed2026082701,GIFT-Medium,GIFT-Eval,medium,1,cross_series_dependence,1,timesfm2.5,capability_effect_nrmse,-0.311698916,0.1007802303,6,toto2.0,-0.1028029768,False,
gift-v15-medium-qualified-feasible-seed2026082701,GIFT-Medium,GIFT-Eval,medium,1,cross_series_dependence,2,Chronos-2,capability_effect_nrmse,-0.2144898302,-0.03432624672,6,Timer-3.5,-0.1233778022,True,Chronos-2
gift-v15-medium-qualified-feasible-seed2026082701,GIFT-Medium,GIFT-Eval,medium,1,cross_series_dependence,2,Chronos-2,capability_effect_nrmse,-0.1022385684,0.05612137526,6,moirai2,-0.01284737243,False,
gift-v15-medium-qualified-feasible-seed2026082701,GIFT-Medium,GIFT-Eval,medium,1,cross_series_dependence,2,Chronos-2,capability_effect_nrmse,-0.1054713396,-0.0327935703,6,timesfm2.5,-0.06956986503,True,Chronos-2
gift-v15-medium-qualified-feasible-seed2026082701,GIFT-Medium,GIFT-Eval,medium,1,cross_series_dependence,2,Chronos-2,capability_effect_nrmse,-0.3652407136,-0.006876126667,6,toto2.0,-0.1896262007,True,Chronos-2
gift-v15-medium-qualified-feasible-seed2026082701,GIFT-Medium,GIFT-Eval,medium,1,cross_series_dependence,2,Timer-3.5,capability_effect_nrmse,0.003117521091,0.2310768914,6,moirai2,0.1105304297,True,moirai2
gift-v15-medium-qualified-feasible-seed2026082701,GIFT-Medium,GIFT-Eval,medium,1,cross_series_dependence,2,Timer-3.5,capability_effect_nrmse,-0.02461074709,0.138682917,6,timesfm2.5,0.05380793714,False,
gift-v15-medium-qualified-feasible-seed2026082701,GIFT-Medium,GIFT-Eval,medium,1,cross_series_dependence,2,Timer-3.5,capability_effect_nrmse,-0.2784424843,0.1755533415,6,toto2.0,-0.06624839858,False,
gift-v15-medium-qualified-feasible-seed2026082701,GIFT-Medium,GIFT-Eval,medium,1,cross_series_dependence,2,moirai2,capability_effect_nrmse,-0.1565859461,0.04182370366,6,timesfm2.5,-0.0567224926,False,
gift-v15-medium-qualified-feasible-seed2026082701,GIFT-Medium,GIFT-Eval,medium,1,cross_series_dependence,2,moirai2,capability_effect_nrmse,-0.3232746961,-0.01434738499,6,toto2.0,-0.1767788283,True,moirai2
gift-v15-medium-qualified-feasible-seed2026082701,GIFT-Medium,GIFT-Eval,medium,1,cross_series_dependence,2,timesfm2.5,capability_effect_nrmse,-0.3154455458,0.08787862605,6,toto2.0,-0.1200563357,False,
gift-v15-medium-qualified-feasible-seed2026082701,GIFT-Medium,GIFT-Eval,medium,1,cross_series_dependence,3,Chronos-2,capability_effect_nrmse,-0.1805640614,0.02426363387,6,Timer-3.5,-0.07410196369,False,
gift-v15-medium-qualified-feasible-seed2026082701,GIFT-Medium,GIFT-Eval,medium,1,cross_series_dependence,3,Chronos-2,capability_effect_nrmse,-0.1100746049,0.05443354491,6,moirai2,-0.01722176814,False,
gift-v15-medium-qualified-feasible-seed2026082701,GIFT-Medium,GIFT-Eval,medium,1,cross_series_dependence,3,Chronos-2,capability_effect_nrmse,-0.09607028889,-0.01983974455,6,timesfm2.5,-0.0553863156,True,Chronos-2
gift-v15-medium-qualified-feasible-seed2026082701,GIFT-Medium,GIFT-Eval,medium,1,cross_series_dependence,3,Chronos-2,capability_effect_nrmse,-0.4120131517,-0.02067217507,6,toto2.0,-0.1985142127,True,Chronos-2
gift-v15-medium-qualified-feasible-seed2026082701,GIFT-Medium,GIFT-Eval,medium,1,cross_series_dependence,3,Timer-3.5,capability_effect_nrmse,-0.0262965255,0.148873304,6,moirai2,0.05688019555,False,
gift-v15-medium-qualified-feasible-seed2026082701,GIFT-Medium,GIFT-Eval,medium,1,cross_series_dependence,3,Timer-3.5,capability_effect_nrmse,-0.06619056158,0.09092659234,6,timesfm2.5,0.01871564809,False,
gift-v15-medium-qualified-feasible-seed2026082701,GIFT-Medium,GIFT-Eval,medium,1,cross_series_dependence,3,Timer-3.5,capability_effect_nrmse,-0.3566912943,0.110351072,6,toto2.0,-0.124412249,False,
gift-v15-medium-qualified-feasible-seed2026082701,GIFT-Medium,GIFT-Eval,medium,1,cross_series_dependence,3,moirai2,capability_effect_nrmse,-0.1229056543,0.06813627676,6,timesfm2.5,-0.03816454745,False,
gift-v15-medium-qualified-feasible-seed2026082701,GIFT-Medium,GIFT-Eval,medium,1,cross_series_dependence,3,moirai2,capability_effect_nrmse,-0.3347095634,-0.01697935969,6,toto2.0,-0.1812924445,True,moirai2
gift-v15-medium-qualified-feasible-seed2026082701,GIFT-Medium,GIFT-Eval,medium,1,cross_series_dependence,3,timesfm2.5,capability_effect_nrmse,-0.3531116197,0.07507291565,6,toto2.0,-0.1431278971,False,
gift-v15-medium-qualified-feasible-seed2026082701,GIFT-Medium,GIFT-Eval,medium,1,cross_series_dependence,4,Chronos-2,capability_effect_nrmse,-0.1299455531,0.06524792314,6,Timer-3.5,-0.04054712657,False,
gift-v15-medium-qualified-feasible-seed2026082701,GIFT-Medium,GIFT-Eval,medium,1,cross_series_dependence,4,Chronos-2,capability_effect_nrmse,-0.1198281034,0.03890534917,6,moirai2,-0.02602772779,False,
gift-v15-medium-qualified-feasible-seed2026082701,GIFT-Medium,GIFT-Eval,medium,1,cross_series_dependence,4,Chronos-2,capability_effect_nrmse,-0.09750398317,-0.006732272398,6,timesfm2.5,-0.04954337549,True,Chronos-2
gift-v15-medium-qualified-feasible-seed2026082701,GIFT-Medium,GIFT-Eval,medium,1,cross_series_dependence,4,Chronos-2,capability_effect_nrmse,-0.4241077001,0.003246937551,6,toto2.0,-0.2009436954,False,
gift-v15-medium-qualified-feasible-seed2026082701,GIFT-Medium,GIFT-Eval,medium,1,cross_series_dependence,4,Timer-3.5,capability_effect_nrmse,-0.06960552133,0.09995272189,6,moirai2,0.01451939878,False,
gift-v15-medium-qualified-feasible-seed2026082701,GIFT-Medium,GIFT-Eval,medium,1,cross_series_dependence,4,Timer-3.5,capability_effect_nrmse,-0.08041878248,0.05104402504,6,timesfm2.5,-0.008996248917,False,
gift-v15-medium-qualified-feasible-seed2026082701,GIFT-Medium,GIFT-Eval,medium,1,cross_series_dependence,4,Timer-3.5,capability_effect_nrmse,-0.4232085613,0.1067872827,6,toto2.0,-0.1603965689,False,
gift-v15-medium-qualified-feasible-seed2026082701,GIFT-Medium,GIFT-Eval,medium,1,cross_series_dependence,4,moirai2,capability_effect_nrmse,-0.09829554447,0.07537413801,6,timesfm2.5,-0.0235156477,False,
gift-v15-medium-qualified-feasible-seed2026082701,GIFT-Medium,GIFT-Eval,medium,1,cross_series_dependence,4,moirai2,capability_effect_nrmse,-0.3529828736,-0.006731684528,6,toto2.0,-0.1749159676,True,moirai2
gift-v15-medium-qualified-feasible-seed2026082701,GIFT-Medium,GIFT-Eval,medium,1,cross_series_dependence,4,timesfm2.5,capability_effect_nrmse,-0.3859659411,0.08162023259,6,toto2.0,-0.1514003199,False,
gift-v15-medium-qualified-feasible-seed2026082701,GIFT-Medium,GIFT-Eval,medium,1,cross_series_dependence,5,Chronos-2,capability_effect_nrmse,-0.1112535309,0.05244329908,6,Timer-3.5,-0.02639920033,False,
gift-v15-medium-qualified-feasible-seed2026082701,GIFT-Medium,GIFT-Eval,medium,1,cross_series_dependence,5,Chronos-2,capability_effect_nrmse,-0.5492011826,0.02688962096,6,moirai2,-0.2020282328,False,
gift-v15-medium-qualified-feasible-seed2026082701,GIFT-Medium,GIFT-Eval,medium,1,cross_series_dependence,5,Chronos-2,capability_effect_nrmse,-0.09277590956,0.01002522395,6,timesfm2.5,-0.04269548523,False,
gift-v15-medium-qualified-feasible-seed2026082701,GIFT-Medium,GIFT-Eval,medium,1,cross_series_dependence,5,Chronos-2,capability_effect_nrmse,-0.422916612,-0.0130839271,6,toto2.0,-0.204283017,True,Chronos-2
gift-v15-medium-qualified-feasible-seed2026082701,GIFT-Medium,GIFT-Eval,medium,1,cross_series_dependence,5,Timer-3.5,capability_effect_nrmse,-0.5205080037,0.05952918475,6,moirai2,-0.1756290325,False,
gift-v15-medium-qualified-feasible-seed2026082701,GIFT-Medium,GIFT-Eval,medium,1,cross_series_dependence,5,Timer-3.5,capability_effect_nrmse,-0.0643284685,0.03058558346,6,timesfm2.5,-0.01629628489,False,
gift-v15-medium-qualified-feasible-seed2026082701,GIFT-Medium,GIFT-Eval,medium,1,cross_series_dependence,5,Timer-3.5,capability_effect_nrmse,-0.4042057811,0.04657257314,6,toto2.0,-0.1778838167,False,
gift-v15-medium-qualified-feasible-seed2026082701,GIFT-Medium,GIFT-Eval,medium,1,cross_series_dependence,5,moirai2,capability_effect_nrmse,-0.05127486441,0.4749284943,6,timesfm2.5,0.1593327476,False,
gift-v15-medium-qualified-feasible-seed2026082701,GIFT-Medium,GIFT-Eval,medium,1,cross_series_dependence,5,moirai2,capability_effect_nrmse,-0.3408009925,0.441636965,6,toto2.0,-0.002254784207,False,
gift-v15-medium-qualified-feasible-seed2026082701,GIFT-Medium,GIFT-Eval,medium,1,cross_series_dependence,5,timesfm2.5,capability_effect_nrmse,-0.4134652017,0.06319108522,6,toto2.0,-0.1615875318,False,
gift-v15-medium-qualified-feasible-seed2026082701,GIFT-Medium,GIFT-Eval,medium,1,multi_seasonal,1,Chronos-2,capability_effect_nrmse,-0.5823365418,0.4156000922,11,Timer-3.5,-0.129062503,False,
gift-v15-medium-qualified-feasible-seed2026082701,GIFT-Medium,GIFT-Eval,medium,1,multi_seasonal,1,Chronos-2,capability_effect_nrmse,-1.689599212,-0.3257589753,11,moirai2,-0.9170926494,True,Chronos-2
gift-v15-medium-qualified-feasible-seed2026082701,GIFT-Medium,GIFT-Eval,medium,1,multi_seasonal,1,Chronos-2,capability_effect_nrmse,-0.1340292005,0.2836180831,11,timesfm2.5,0.05235012337,False,
gift-v15-medium-qualified-feasible-seed2026082701,GIFT-Medium,GIFT-Eval,medium,1,multi_seasonal,1,Chronos-2,capability_effect_nrmse,-0.4819250827,0.2147312186,11,toto2.0,-0.08434016839,False,
gift-v15-medium-qualified-feasible-seed2026082701,GIFT-Medium,GIFT-Eval,medium,1,multi_seasonal,1,Timer-3.5,capability_effect_nrmse,-1.675317839,0.05366773021,11,moirai2,-0.7880301464,False,
gift-v15-medium-qualified-feasible-seed2026082701,GIFT-Medium,GIFT-Eval,medium,1,multi_seasonal,1,Timer-3.5,capability_effect_nrmse,-0.1977167137,0.591605286,11,timesfm2.5,0.1814126263,False,
gift-v15-medium-qualified-feasible-seed2026082701,GIFT-Medium,GIFT-Eval,medium,1,multi_seasonal,1,Timer-3.5,capability_effect_nrmse,-0.8307517526,0.703915681,11,toto2.0,0.04472233457,False,
gift-v15-medium-qualified-feasible-seed2026082701,GIFT-Medium,GIFT-Eval,medium,1,multi_seasonal,1,moirai2,capability_effect_nrmse,0.3206807041,1.773808872,11,timesfm2.5,0.9694427727,True,timesfm2.5
gift-v15-medium-qualified-feasible-seed2026082701,GIFT-Medium,GIFT-Eval,medium,1,multi_seasonal,1,moirai2,capability_effect_nrmse,0.1422633167,1.601633445,11,toto2.0,0.832752481,True,toto2.0
gift-v15-medium-qualified-feasible-seed2026082701,GIFT-Medium,GIFT-Eval,medium,1,multi_seasonal,1,timesfm2.5,capability_effect_nrmse,-0.7133394343,0.2730905287,11,toto2.0,-0.1366902918,False,
gift-v15-medium-qualified-feasible-seed2026082701,GIFT-Medium,GIFT-Eval,medium,1,multi_seasonal,2,Chronos-2,capability_effect_nrmse,-0.6376655877,0.6410662864,11,Timer-3.5,-0.08985725147,False,
gift-v15-medium-qualified-feasible-seed2026082701,GIFT-Medium,GIFT-Eval,medium,1,multi_seasonal,2,Chronos-2,capability_effect_nrmse,-1.260321757,-0.1296711839,11,moirai2,-0.6370870923,True,Chronos-2
gift-v15-medium-qualified-feasible-seed2026082701,GIFT-Medium,GIFT-Eval,medium,1,multi_seasonal,2,Chronos-2,capability_effect_nrmse,-0.1325172732,0.6003374293,11,timesfm2.5,0.1644301963,False,
gift-v15-medium-qualified-feasible-seed2026082701,GIFT-Medium,GIFT-Eval,medium,1,multi_seasonal,2,Chronos-2,capability_effect_nrmse,-0.3162215122,0.2310306411,11,toto2.0,-0.006533444438,False,
gift-v15-medium-qualified-feasible-seed2026082701,GIFT-Medium,GIFT-Eval,medium,1,multi_seasonal,2,Timer-3.5,capability_effect_nrmse,-1.275003847,0.1649320388,11,moirai2,-0.5472298409,False,
gift-v15-medium-qualified-feasible-seed2026082701,GIFT-Medium,GIFT-Eval,medium,1,multi_seasonal,2,Timer-3.5,capability_effect_nrmse,-0.07647042056,0.6649363003,11,timesfm2.5,0.2542874478,False,
gift-v15-medium-qualified-feasible-seed2026082701,GIFT-Medium,GIFT-Eval,medium,1,multi_seasonal,2,Timer-3.5,capability_effect_nrmse,-0.8125164307,0.7866267424,11,toto2.0,0.08332380703,False,
gift-v15-medium-qualified-feasible-seed2026082701,GIFT-Medium,GIFT-Eval,medium,1,multi_seasonal,2,moirai2,capability_effect_nrmse,0.261212476,1.440183146,11,timesfm2.5,0.8015172887,True,timesfm2.5
gift-v15-medium-qualified-feasible-seed2026082701,GIFT-Medium,GIFT-Eval,medium,1,multi_seasonal,2,moirai2,capability_effect_nrmse,-0.002891679202,1.340926447,11,toto2.0,0.6305536479,False,
gift-v15-medium-qualified-feasible-seed2026082701,GIFT-Medium,GIFT-Eval,medium,1,multi_seasonal,2,timesfm2.5,capability_effect_nrmse,-0.8443572833,0.3026663186,11,toto2.0,-0.1709636408,False,
gift-v15-medium-qualified-feasible-seed2026082701,GIFT-Medium,GIFT-Eval,medium,1,multi_seasonal,3,Chronos-2,capability_effect_nrmse,-0.5666350432,0.5302770417,11,Timer-3.5,-0.08244457484,False,
gift-v15-medium-qualified-feasible-seed2026082701,GIFT-Medium,GIFT-Eval,medium,1,multi_seasonal,3,Chronos-2,capability_effect_nrmse,-1.200272594,-0.07167130582,11,moirai2,-0.5218661915,True,Chronos-2
gift-v15-medium-qualified-feasible-seed2026082701,GIFT-Medium,GIFT-Eval,medium,1,multi_seasonal,3,Chronos-2,capability_effect_nrmse,-0.1190994832,0.5960684733,11,timesfm2.5,0.1616754143,False,
gift-v15-medium-qualified-feasible-seed2026082701,GIFT-Medium,GIFT-Eval,medium,1,multi_seasonal,3,Chronos-2,capability_effect_nrmse,-0.3618699915,0.2311605808,11,toto2.0,-0.02235007845,False,
gift-v15-medium-qualified-feasible-seed2026082701,GIFT-Medium,GIFT-Eval,medium,1,multi_seasonal,3,Timer-3.5,capability_effect_nrmse,-1.209770526,0.1874738882,11,moirai2,-0.4394216167,False,
gift-v15-medium-qualified-feasible-seed2026082701,GIFT-Medium,GIFT-Eval,medium,1,multi_seasonal,3,Timer-3.5,capability_effect_nrmse,0.001514015135,0.5419785518,11,timesfm2.5,0.2441199892,True,timesfm2.5
gift-v15-medium-qualified-feasible-seed2026082701,GIFT-Medium,GIFT-Eval,medium,1,multi_seasonal,3,Timer-3.5,capability_effect_nrmse,-0.849481171,0.7118463038,11,toto2.0,0.06009449639,False,
gift-v15-medium-qualified-feasible-seed2026082701,GIFT-Medium,GIFT-Eval,medium,1,multi_seasonal,3,moirai2,capability_effect_nrmse,0.1674700188,1.389263765,11,timesfm2.5,0.6835416059,True,timesfm2.5
gift-v15-medium-qualified-feasible-seed2026082701,GIFT-Medium,GIFT-Eval,medium,1,multi_seasonal,3,moirai2,capability_effect_nrmse,-0.177293021,1.306708487,11,toto2.0,0.4995161131,False,
gift-v15-medium-qualified-feasible-seed2026082701,GIFT-Medium,GIFT-Eval,medium,1,multi_seasonal,3,timesfm2.5,capability_effect_nrmse,-0.9433562036,0.3142922797,11,toto2.0,-0.1840254928,False,
gift-v15-medium-qualified-feasible-seed2026082701,GIFT-Medium,GIFT-Eval,medium,1,multi_seasonal,4,Chronos-2,capability_effect_nrmse,-0.5702190365,0.8658504186,11,Timer-3.5,0.04154031437,False,
gift-v15-medium-qualified-feasible-seed2026082701,GIFT-Medium,GIFT-Eval,medium,1,multi_seasonal,4,Chronos-2,capability_effect_nrmse,-1.147330086,0.1816663003,11,moirai2,-0.4197829915,False,
gift-v15-medium-qualified-feasible-seed2026082701,GIFT-Medium,GIFT-Eval,medium,1,multi_seasonal,4,Chronos-2,capability_effect_nrmse,-0.1213933687,0.8955303517,11,timesfm2.5,0.2700063949,False,
gift-v15-medium-qualified-feasible-seed2026082701,GIFT-Medium,GIFT-Eval,medium,1,multi_seasonal,4,Chronos-2,capability_effect_nrmse,-0.08626818841,0.2272948831,11,toto2.0,0.08547396005,False,
gift-v15-medium-qualified-feasible-seed2026082701,GIFT-Medium,GIFT-Eval,medium,1,multi_seasonal,4,Timer-3.5,capability_effect_nrmse,-1.237100603,0.2225425636,11,moirai2,-0.4613233058,False,
gift-v15-medium-qualified-feasible-seed2026082701,GIFT-Medium,GIFT-Eval,medium,1,multi_seasonal,4,Timer-3.5,capability_effect_nrmse,-0.028145449,0.5735851986,11,timesfm2.5,0.2284660805,False,
gift-v15-medium-qualified-feasible-seed2026082701,GIFT-Medium,GIFT-Eval,medium,1,multi_seasonal,4,Timer-3.5,capability_effect_nrmse,-0.784771049,0.7063379152,11,toto2.0,0.04393364568,False,
gift-v15-medium-qualified-feasible-seed2026082701,GIFT-Medium,GIFT-Eval,medium,1,multi_seasonal,4,moirai2,capability_effect_nrmse,0.1599388512,1.40099155,11,timesfm2.5,0.6897893863,True,timesfm2.5
gift-v15-medium-qualified-feasible-seed2026082701,GIFT-Medium,GIFT-Eval,medium,1,multi_seasonal,4,moirai2,capability_effect_nrmse,-0.1455705632,1.272861086,11,toto2.0,0.5052569515,False,
gift-v15-medium-qualified-feasible-seed2026082701,GIFT-Medium,GIFT-Eval,medium,1,multi_seasonal,4,timesfm2.5,capability_effect_nrmse,-0.8709928775,0.2720193229,11,toto2.0,-0.1845324348,False,
gift-v15-medium-qualified-feasible-seed2026082701,GIFT-Medium,GIFT-Eval,medium,1,multi_seasonal,5,Chronos-2,capability_effect_nrmse,-0.659414997,0.04311259605,11,Timer-3.5,-0.2632892447,False,
gift-v15-medium-qualified-feasible-seed2026082701,GIFT-Medium,GIFT-Eval,medium,1,multi_seasonal,5,Chronos-2,capability_effect_nrmse,-1.275950549,-0.2164522508,11,moirai2,-0.6400842584,True,Chronos-2
gift-v15-medium-qualified-feasible-seed2026082701,GIFT-Medium,GIFT-Eval,medium,1,multi_seasonal,5,Chronos-2,capability_effect_nrmse,-0.1252247043,0.3058065023,11,timesfm2.5,0.05614417759,False,
gift-v15-medium-qualified-feasible-seed2026082701,GIFT-Medium,GIFT-Eval,medium,1,multi_seasonal,5,Chronos-2,capability_effect_nrmse,-0.5807746413,0.198956509,11,toto2.0,-0.1184350679,False,
gift-v15-medium-qualified-feasible-seed2026082701,GIFT-Medium,GIFT-Eval,medium,1,multi_seasonal,5,Timer-3.5,capability_effect_nrmse,-1.146753202,0.2651731771,11,moirai2,-0.3767950137,False,
gift-v15-medium-qualified-feasible-seed2026082701,GIFT-Medium,GIFT-Eval,medium,1,multi_seasonal,5,Timer-3.5,capability_effect_nrmse,0.06275369306,0.6660916783,11,timesfm2.5,0.3194334223,True,timesfm2.5
gift-v15-medium-qualified-feasible-seed2026082701,GIFT-Medium,GIFT-Eval,medium,1,multi_seasonal,5,Timer-3.5,capability_effect_nrmse,-0.4999365191,0.7410985256,11,toto2.0,0.1448541768,False,
gift-v15-medium-qualified-feasible-seed2026082701,GIFT-Medium,GIFT-Eval,medium,1,multi_seasonal,5,moirai2,capability_effect_nrmse,0.1609286217,1.40958362,11,timesfm2.5,0.696228436,True,timesfm2.5
gift-v15-medium-qualified-feasible-seed2026082701,GIFT-Medium,GIFT-Eval,medium,1,multi_seasonal,5,moirai2,capability_effect_nrmse,-0.07758648104,1.303107284,11,toto2.0,0.5216491905,False,
gift-v15-medium-qualified-feasible-seed2026082701,GIFT-Medium,GIFT-Eval,medium,1,multi_seasonal,5,timesfm2.5,capability_effect_nrmse,-0.8338719449,0.2607723326,11,toto2.0,-0.1745792455,False,
gift-v15-medium-qualified-feasible-seed2026082701,GIFT-Medium,GIFT-Eval,medium,1,predictable_intermittency,1,Chronos-2,capability_effect_nrmse,-0.6898419774,0.002991370113,11,Timer-3.5,-0.2750067249,False,
gift-v15-medium-qualified-feasible-seed2026082701,GIFT-Medium,GIFT-Eval,medium,1,predictable_intermittency,1,Chronos-2,capability_effect_nrmse,-0.1686245941,0.4987505149,11,moirai2,0.09090011047,False,
gift-v15-medium-qualified-feasible-seed2026082701,GIFT-Medium,GIFT-Eval,medium,1,predictable_intermittency,1,Chronos-2,capability_effect_nrmse,-0.05293252348,0.1053890179,11,timesfm2.5,0.01080939654,False,
gift-v15-medium-qualified-feasible-seed2026082701,GIFT-Medium,GIFT-Eval,medium,1,predictable_intermittency,1,Chronos-2,capability_effect_nrmse,-0.001566114238,0.3533783846,11,toto2.0,0.1663347956,False,
gift-v15-medium-qualified-feasible-seed2026082701,GIFT-Medium,GIFT-Eval,medium,1,predictable_intermittency,1,Timer-3.5,capability_effect_nrmse,-0.1325049269,1.146281917,11,moirai2,0.3659068354,False,
gift-v15-medium-qualified-feasible-seed2026082701,GIFT-Medium,GIFT-Eval,medium,1,predictable_intermittency,1,Timer-3.5,capability_effect_nrmse,-0.001792995263,0.7004140796,11,timesfm2.5,0.2858161214,False,
gift-v15-medium-qualified-feasible-seed2026082701,GIFT-Medium,GIFT-Eval,medium,1,predictable_intermittency,1,Timer-3.5,capability_effect_nrmse,0.05027224003,0.9787978753,11,toto2.0,0.4413415205,True,toto2.0
gift-v15-medium-qualified-feasible-seed2026082701,GIFT-Medium,GIFT-Eval,medium,1,predictable_intermittency,1,moirai2,capability_effect_nrmse,-0.4974104526,0.1968814894,11,timesfm2.5,-0.08009071393,False,
gift-v15-medium-qualified-feasible-seed2026082701,GIFT-Medium,GIFT-Eval,medium,1,predictable_intermittency,1,moirai2,capability_effect_nrmse,-0.2781145785,0.3509960839,11,toto2.0,0.07543468509,False,
gift-v15-medium-qualified-feasible-seed2026082701,GIFT-Medium,GIFT-Eval,medium,1,predictable_intermittency,1,timesfm2.5,capability_effect_nrmse,0.02282987029,0.3103494904,11,toto2.0,0.155525399,True,toto2.0
gift-v15-medium-qualified-feasible-seed2026082701,GIFT-Medium,GIFT-Eval,medium,1,predictable_intermittency,2,Chronos-2,capability_effect_nrmse,-1.21816641,-0.01289832289,11,Timer-3.5,-0.4516352101,True,Chronos-2
gift-v15-medium-qualified-feasible-seed2026082701,GIFT-Medium,GIFT-Eval,medium,1,predictable_intermittency,2,Chronos-2,capability_effect_nrmse,-0.08974052226,0.4565317529,11,moirai2,0.1162762607,False,
gift-v15-medium-qualified-feasible-seed2026082701,GIFT-Medium,GIFT-Eval,medium,1,predictable_intermittency,2,Chronos-2,capability_effect_nrmse,-0.1654485157,0.01685027212,11,timesfm2.5,-0.0603505835,False,
gift-v15-medium-qualified-feasible-seed2026082701,GIFT-Medium,GIFT-Eval,medium,1,predictable_intermittency,2,Chronos-2,capability_effect_nrmse,-1.473305209,0.04469790658,11,toto2.0,-0.4871622198,False,
gift-v15-medium-qualified-feasible-seed2026082701,GIFT-Medium,GIFT-Eval,medium,1,predictable_intermittency,2,Timer-3.5,capability_effect_nrmse,-0.04414877486,1.69426581,11,moirai2,0.5679114708,False,
gift-v15-medium-qualified-feasible-seed2026082701,GIFT-Medium,GIFT-Eval,medium,1,predictable_intermittency,2,Timer-3.5,capability_effect_nrmse,-0.002983303092,1.00865449,11,timesfm2.5,0.3912846266,False,
gift-v15-medium-qualified-feasible-seed2026082701,GIFT-Medium,GIFT-Eval,medium,1,predictable_intermittency,2,Timer-3.5,capability_effect_nrmse,-0.3771127232,0.2452598814,11,toto2.0,-0.03552700979,False,
gift-v15-medium-qualified-feasible-seed2026082701,GIFT-Medium,GIFT-Eval,medium,1,predictable_intermittency,2,moirai2,capability_effect_nrmse,-0.6066169896,0.07004821725,11,timesfm2.5,-0.1766268442,False,
gift-v15-medium-qualified-feasible-seed2026082701,GIFT-Medium,GIFT-Eval,medium,1,predictable_intermittency,2,moirai2,capability_effect_nrmse,-1.91895951,0.09790273359,11,toto2.0,-0.6034384805,False,
gift-v15-medium-qualified-feasible-seed2026082701,GIFT-Medium,GIFT-Eval,medium,1,predictable_intermittency,2,timesfm2.5,capability_effect_nrmse,-1.323415577,0.04585915426,11,toto2.0,-0.4268116363,False,
gift-v15-medium-qualified-feasible-seed2026082701,GIFT-Medium,GIFT-Eval,medium,1,predictable_intermittency,3,Chronos-2,capability_effect_nrmse,-0.6451148149,-0.007670778609,11,Timer-3.5,-0.2593846038,True,Chronos-2
gift-v15-medium-qualified-feasible-seed2026082701,GIFT-Medium,GIFT-Eval,medium,1,predictable_intermittency,3,Chronos-2,capability_effect_nrmse,-0.1334446485,1.116610093,11,moirai2,0.3341486381,False,
gift-v15-medium-qualified-feasible-seed2026082701,GIFT-Medium,GIFT-Eval,medium,1,predictable_intermittency,3,Chronos-2,capability_effect_nrmse,-0.02227115531,0.2857327578,11,timesfm2.5,0.1046477379,False,
gift-v15-medium-qualified-feasible-seed2026082701,GIFT-Medium,GIFT-Eval,medium,1,predictable_intermittency,3,Chronos-2,capability_effect_nrmse,-0.02645368246,0.187940043,11,toto2.0,0.07516642753,False,
gift-v15-medium-qualified-feasible-seed2026082701,GIFT-Medium,GIFT-Eval,medium,1,predictable_intermittency,3,Timer-3.5,capability_effect_nrmse,-0.06589896473,1.74991606,11,moirai2,0.5935332419,False,
gift-v15-medium-qualified-feasible-seed2026082701,GIFT-Medium,GIFT-Eval,medium,1,predictable_intermittency,3,Timer-3.5,capability_effect_nrmse,0.02405477795,0.9447110725,11,timesfm2.5,0.3640323417,True,timesfm2.5
gift-v15-medium-qualified-feasible-seed2026082701,GIFT-Medium,GIFT-Eval,medium,1,predictable_intermittency,3,Timer-3.5,capability_effect_nrmse,0.02324597798,0.8074309156,11,toto2.0,0.3345510313,True,toto2.0
gift-v15-medium-qualified-feasible-seed2026082701,GIFT-Medium,GIFT-Eval,medium,1,predictable_intermittency,3,moirai2,capability_effect_nrmse,-0.8190899517,0.114289082,11,timesfm2.5,-0.2295009002,False,
gift-v15-medium-qualified-feasible-seed2026082701,GIFT-Medium,GIFT-Eval,medium,1,predictable_intermittency,3,moirai2,capability_effect_nrmse,-0.9493123623,0.1565597418,11,toto2.0,-0.2589822106,False,
gift-v15-medium-qualified-feasible-seed2026082701,GIFT-Medium,GIFT-Eval,medium,1,predictable_intermittency,3,timesfm2.5,capability_effect_nrmse,-0.1456384767,0.06549024623,11,toto2.0,-0.02948131041,False,
gift-v15-medium-qualified-feasible-seed2026082701,GIFT-Medium,GIFT-Eval,medium,1,predictable_intermittency,4,Chronos-2,capability_effect_nrmse,-0.7974906176,0.0008970927866,11,Timer-3.5,-0.3024796628,False,
gift-v15-medium-qualified-feasible-seed2026082701,GIFT-Medium,GIFT-Eval,medium,1,predictable_intermittency,4,Chronos-2,capability_effect_nrmse,-0.06931949291,1.178828232,11,moirai2,0.3828649344,False,
gift-v15-medium-qualified-feasible-seed2026082701,GIFT-Medium,GIFT-Eval,medium,1,predictable_intermittency,4,Chronos-2,capability_effect_nrmse,-0.08769648005,0.08103852029,11,timesfm2.5,3.311545601e-05,False,
gift-v15-medium-qualified-feasible-seed2026082701,GIFT-Medium,GIFT-Eval,medium,1,predictable_intermittency,4,Chronos-2,capability_effect_nrmse,-1.782469606,0.07180521185,11,toto2.0,-0.5910350718,False,
gift-v15-medium-qualified-feasible-seed2026082701,GIFT-Medium,GIFT-Eval,medium,1,predictable_intermittency,4,Timer-3.5,capability_effect_nrmse,-0.01347256943,1.956627633,11,moirai2,0.6853445972,False,
gift-v15-medium-qualified-feasible-seed2026082701,GIFT-Medium,GIFT-Eval,medium,1,predictable_intermittency,4,Timer-3.5,capability_effect_nrmse,0.02624881655,0.7580423314,11,timesfm2.5,0.3025127782,True,timesfm2.5
gift-v15-medium-qualified-feasible-seed2026082701,GIFT-Medium,GIFT-Eval,medium,1,predictable_intermittency,4,Timer-3.5,capability_effect_nrmse,-1.052037808,0.1816403467,11,toto2.0,-0.288555409,False,
gift-v15-medium-qualified-feasible-seed2026082701,GIFT-Medium,GIFT-Eval,medium,1,predictable_intermittency,4,moirai2,capability_effect_nrmse,-1.214327404,0.05613240504,11,timesfm2.5,-0.382831819,False,
gift-v15-medium-qualified-feasible-seed2026082701,GIFT-Medium,GIFT-Eval,medium,1,predictable_intermittency,4,moirai2,capability_effect_nrmse,-2.912185252,0.09432230524,11,toto2.0,-0.9739000062,False,
gift-v15-medium-qualified-feasible-seed2026082701,GIFT-Medium,GIFT-Eval,medium,1,predictable_intermittency,4,timesfm2.5,capability_effect_nrmse,-1.726009085,0.07251602364,11,toto2.0,-0.5910681872,False,
gift-v15-medium-qualified-feasible-seed2026082701,GIFT-Medium,GIFT-Eval,medium,1,predictable_intermittency,5,Chronos-2,capability_effect_nrmse,-1.080338101,0.01006894198,11,Timer-3.5,-0.3921059259,False,
gift-v15-medium-qualified-feasible-seed2026082701,GIFT-Medium,GIFT-Eval,medium,1,predictable_intermittency,5,Chronos-2,capability_effect_nrmse,0.02446611561,1.424684954,11,moirai2,0.5113168343,True,moirai2
gift-v15-medium-qualified-feasible-seed2026082701,GIFT-Medium,GIFT-Eval,medium,1,predictable_intermittency,5,Chronos-2,capability_effect_nrmse,-0.02339690325,1.009172346,11,timesfm2.5,0.3472818589,False,
gift-v15-medium-qualified-feasible-seed2026082701,GIFT-Medium,GIFT-Eval,medium,1,predictable_intermittency,5,Chronos-2,capability_effect_nrmse,-0.0624211844,0.1893440313,11,toto2.0,0.06699452694,False,
gift-v15-medium-qualified-feasible-seed2026082701,GIFT-Medium,GIFT-Eval,medium,1,predictable_intermittency,5,Timer-3.5,capability_effect_nrmse,0.03730078389,2.495743105,11,moirai2,0.9034227602,True,moirai2
gift-v15-medium-qualified-feasible-seed2026082701,GIFT-Medium,GIFT-Eval,medium,1,predictable_intermittency,5,Timer-3.5,capability_effect_nrmse,0.008410409102,2.065702311,11,timesfm2.5,0.7393877848,True,timesfm2.5
gift-v15-medium-qualified-feasible-seed2026082701,GIFT-Medium,GIFT-Eval,medium,1,predictable_intermittency,5,Timer-3.5,capability_effect_nrmse,-0.04403301522,1.243392724,11,toto2.0,0.4591004529,False,
gift-v15-medium-qualified-feasible-seed2026082701,GIFT-Medium,GIFT-Eval,medium,1,predictable_intermittency,5,moirai2,capability_effect_nrmse,-0.4403009593,0.002739252773,11,timesfm2.5,-0.1640349754,False,
gift-v15-medium-qualified-feasible-seed2026082701,GIFT-Medium,GIFT-Eval,medium,1,predictable_intermittency,5,moirai2,capability_effect_nrmse,-1.278138585,0.03066916808,11,toto2.0,-0.4443223073,False,
gift-v15-medium-qualified-feasible-seed2026082701,GIFT-Medium,GIFT-Eval,medium,1,predictable_intermittency,5,timesfm2.5,capability_effect_nrmse,-0.8564039432,0.07154403597,11,toto2.0,-0.280287332,False,
gift-v15-medium-qualified-feasible-seed2026082701,GIFT-Medium,GIFT-Eval,medium,1,regime_switching,1,Chronos-2,capability_effect_nrmse,-0.1409584537,-0.02857469885,11,Timer-3.5,-0.07719172223,True,Chronos-2
gift-v15-medium-qualified-feasible-seed2026082701,GIFT-Medium,GIFT-Eval,medium,1,regime_switching,1,Chronos-2,capability_effect_nrmse,-0.2966620333,-0.05376761641,11,moirai2,-0.1494983508,True,Chronos-2
gift-v15-medium-qualified-feasible-seed2026082701,GIFT-Medium,GIFT-Eval,medium,1,regime_switching,1,Chronos-2,capability_effect_nrmse,-0.0761219248,-0.02340054339,11,timesfm2.5,-0.04580543895,True,Chronos-2
gift-v15-medium-qualified-feasible-seed2026082701,GIFT-Medium,GIFT-Eval,medium,1,regime_switching,1,Chronos-2,capability_effect_nrmse,-0.1732432438,-0.0280575946,11,toto2.0,-0.08509072312,True,Chronos-2
gift-v15-medium-qualified-feasible-seed2026082701,GIFT-Medium,GIFT-Eval,medium,1,regime_switching,1,Timer-3.5,capability_effect_nrmse,-0.2394006092,0.03496907034,11,moirai2,-0.07230662855,False,
gift-v15-medium-qualified-feasible-seed2026082701,GIFT-Medium,GIFT-Eval,medium,1,regime_switching,1,Timer-3.5,capability_effect_nrmse,-0.01849211129,0.09231510385,11,timesfm2.5,0.03138628328,False,
gift-v15-medium-qualified-feasible-seed2026082701,GIFT-Medium,GIFT-Eval,medium,1,regime_switching,1,Timer-3.5,capability_effect_nrmse,-0.1214447706,0.08170808041,11,toto2.0,-0.007899000895,False,
gift-v15-medium-qualified-feasible-seed2026082701,GIFT-Medium,GIFT-Eval,medium,1,regime_switching,1,moirai2,capability_effect_nrmse,0.0008775436397,0.2607796469,11,timesfm2.5,0.1036929118,True,timesfm2.5
gift-v15-medium-qualified-feasible-seed2026082701,GIFT-Medium,GIFT-Eval,medium,1,regime_switching,1,moirai2,capability_effect_nrmse,-0.09575611598,0.2426463729,11,toto2.0,0.06440762766,False,
gift-v15-medium-qualified-feasible-seed2026082701,GIFT-Medium,GIFT-Eval,medium,1,regime_switching,1,timesfm2.5,capability_effect_nrmse,-0.1381667122,0.03896683262,11,toto2.0,-0.03928528417,False,
gift-v15-medium-qualified-feasible-seed2026082701,GIFT-Medium,GIFT-Eval,medium,1,regime_switching,2,Chronos-2,capability_effect_nrmse,-0.1904022036,-0.05101839571,11,Timer-3.5,-0.1083806412,True,Chronos-2
gift-v15-medium-qualified-feasible-seed2026082701,GIFT-Medium,GIFT-Eval,medium,1,regime_switching,2,Chronos-2,capability_effect_nrmse,-0.2646443343,-0.1007782274,11,moirai2,-0.1719562376,True,Chronos-2
gift-v15-medium-qualified-feasible-seed2026082701,GIFT-Medium,GIFT-Eval,medium,1,regime_switching,2,Chronos-2,capability_effect_nrmse,-0.09063212746,-0.02142524734,11,timesfm2.5,-0.05141319174,True,Chronos-2
gift-v15-medium-qualified-feasible-seed2026082701,GIFT-Medium,GIFT-Eval,medium,1,regime_switching,2,Chronos-2,capability_effect_nrmse,-0.09278876562,-0.01805324756,11,toto2.0,-0.05350018844,True,Chronos-2
gift-v15-medium-qualified-feasible-seed2026082701,GIFT-Medium,GIFT-Eval,medium,1,regime_switching,2,Timer-3.5,capability_effect_nrmse,-0.1849641901,0.03863626749,11,moirai2,-0.06357559639,False,
gift-v15-medium-qualified-feasible-seed2026082701,GIFT-Medium,GIFT-Eval,medium,1,regime_switching,2,Timer-3.5,capability_effect_nrmse,-0.007131129859,0.1386974969,11,timesfm2.5,0.05696744945,False,
gift-v15-medium-qualified-feasible-seed2026082701,GIFT-Medium,GIFT-Eval,medium,1,regime_switching,2,Timer-3.5,capability_effect_nrmse,-0.03068863077,0.1485236223,11,toto2.0,0.05488045275,False,
gift-v15-medium-qualified-feasible-seed2026082701,GIFT-Medium,GIFT-Eval,medium,1,regime_switching,2,moirai2,capability_effect_nrmse,0.03204149812,0.2199531714,11,timesfm2.5,0.1205430458,True,timesfm2.5
gift-v15-medium-qualified-feasible-seed2026082701,GIFT-Medium,GIFT-Eval,medium,1,regime_switching,2,moirai2,capability_effect_nrmse,0.0340010108,0.2225729687,11,toto2.0,0.1184560491,True,toto2.0
gift-v15-medium-qualified-feasible-seed2026082701,GIFT-Medium,GIFT-Eval,medium,1,regime_switching,2,timesfm2.5,capability_effect_nrmse,-0.06208022442,0.06617482027,11,toto2.0,-0.0020869967,False,
gift-v15-medium-qualified-feasible-seed2026082701,GIFT-Medium,GIFT-Eval,medium,1,regime_switching,3,Chronos-2,capability_effect_nrmse,-0.2395760586,-0.07432388218,11,Timer-3.5,-0.1491255538,True,Chronos-2
gift-v15-medium-qualified-feasible-seed2026082701,GIFT-Medium,GIFT-Eval,medium,1,regime_switching,3,Chronos-2,capability_effect_nrmse,-0.3669446793,-0.1262895324,11,moirai2,-0.2383860374,True,Chronos-2
gift-v15-medium-qualified-feasible-seed2026082701,GIFT-Medium,GIFT-Eval,medium,1,regime_switching,3,Chronos-2,capability_effect_nrmse,-0.1712418302,-0.02965184658,11,timesfm2.5,-0.08780424686,True,Chronos-2
gift-v15-medium-qualified-feasible-seed2026082701,GIFT-Medium,GIFT-Eval,medium,1,regime_switching,3,Chronos-2,capability_effect_nrmse,-0.1750467358,-0.04548003386,11,toto2.0,-0.1062863948,True,Chronos-2
gift-v15-medium-qualified-feasible-seed2026082701,GIFT-Medium,GIFT-Eval,medium,1,regime_switching,3,Timer-3.5,capability_effect_nrmse,-0.232504419,0.03743429056,11,moirai2,-0.08926048358,False,
gift-v15-medium-qualified-feasible-seed2026082701,GIFT-Medium,GIFT-Eval,medium,1,regime_switching,3,Timer-3.5,capability_effect_nrmse,-0.009106471142,0.1502059786,11,timesfm2.5,0.06132130697,False,
gift-v15-medium-qualified-feasible-seed2026082701,GIFT-Medium,GIFT-Eval,medium,1,regime_switching,3,Timer-3.5,capability_effect_nrmse,-0.0509312402,0.1373859123,11,toto2.0,0.04283915899,False,
gift-v15-medium-qualified-feasible-seed2026082701,GIFT-Medium,GIFT-Eval,medium,1,regime_switching,3,moirai2,capability_effect_nrmse,0.05415887256,0.263930964,11,timesfm2.5,0.1505817905,True,timesfm2.5
gift-v15-medium-qualified-feasible-seed2026082701,GIFT-Medium,GIFT-Eval,medium,1,regime_switching,3,moirai2,capability_effect_nrmse,0.01341672214,0.2471124391,11,toto2.0,0.1320996426,True,toto2.0
gift-v15-medium-qualified-feasible-seed2026082701,GIFT-Medium,GIFT-Eval,medium,1,regime_switching,3,timesfm2.5,capability_effect_nrmse,-0.08139578248,0.04609828498,11,toto2.0,-0.01848214798,False,
gift-v15-medium-qualified-feasible-seed2026082701,GIFT-Medium,GIFT-Eval,medium,1,regime_switching,4,Chronos-2,capability_effect_nrmse,-0.2457704583,-0.09040349814,11,Timer-3.5,-0.1612307448,True,Chronos-2
gift-v15-medium-qualified-feasible-seed2026082701,GIFT-Medium,GIFT-Eval,medium,1,regime_switching,4,Chronos-2,capability_effect_nrmse,-0.4286408702,-0.1524337686,11,moirai2,-0.2810912095,True,Chronos-2
gift-v15-medium-qualified-feasible-seed2026082701,GIFT-Medium,GIFT-Eval,medium,1,regime_switching,4,Chronos-2,capability_effect_nrmse,-0.2132021804,-0.02737266166,11,timesfm2.5,-0.1070716277,True,Chronos-2
gift-v15-medium-qualified-feasible-seed2026082701,GIFT-Medium,GIFT-Eval,medium,1,regime_switching,4,Chronos-2,capability_effect_nrmse,-0.2803729491,-0.0917345923,11,toto2.0,-0.1775635209,True,Chronos-2
gift-v15-medium-qualified-feasible-seed2026082701,GIFT-Medium,GIFT-Eval,medium,1,regime_switching,4,Timer-3.5,capability_effect_nrmse,-0.285507488,0.02683830692,11,moirai2,-0.1198604646,False,
gift-v15-medium-qualified-feasible-seed2026082701,GIFT-Medium,GIFT-Eval,medium,1,regime_switching,4,Timer-3.5,capability_effect_nrmse,-0.032530284,0.1519523803,11,timesfm2.5,0.05415911711,False,
gift-v15-medium-qualified-feasible-seed2026082701,GIFT-Medium,GIFT-Eval,medium,1,regime_switching,4,Timer-3.5,capability_effect_nrmse,-0.1139460964,0.09861335139,11,toto2.0,-0.01633277605,False,
gift-v15-medium-qualified-feasible-seed2026082701,GIFT-Medium,GIFT-Eval,medium,1,regime_switching,4,moirai2,capability_effect_nrmse,0.05719581265,0.2976838729,11,timesfm2.5,0.1740195818,True,timesfm2.5
gift-v15-medium-qualified-feasible-seed2026082701,GIFT-Medium,GIFT-Eval,medium,1,regime_switching,4,moirai2,capability_effect_nrmse,0.002172130829,0.2069882511,11,toto2.0,0.1035276886,True,toto2.0
gift-v15-medium-qualified-feasible-seed2026082701,GIFT-Medium,GIFT-Eval,medium,1,regime_switching,4,timesfm2.5,capability_effect_nrmse,-0.1453392103,0.04033854931,11,toto2.0,-0.07049189315,False,
gift-v15-medium-qualified-feasible-seed2026082701,GIFT-Medium,GIFT-Eval,medium,1,regime_switching,5,Chronos-2,capability_effect_nrmse,-0.305433498,-0.1013598006,11,Timer-3.5,-0.1920502426,True,Chronos-2
gift-v15-medium-qualified-feasible-seed2026082701,GIFT-Medium,GIFT-Eval,medium,1,regime_switching,5,Chronos-2,capability_effect_nrmse,-0.3951541273,-0.1534495526,11,moirai2,-0.2731833864,True,Chronos-2
gift-v15-medium-qualified-feasible-seed2026082701,GIFT-Medium,GIFT-Eval,medium,1,regime_switching,5,Chronos-2,capability_effect_nrmse,-0.1675804465,-0.0325111275,11,timesfm2.5,-0.09447980377,True,Chronos-2
gift-v15-medium-qualified-feasible-seed2026082701,GIFT-Medium,GIFT-Eval,medium,1,regime_switching,5,Chronos-2,capability_effect_nrmse,-0.250462983,-0.1131866452,11,toto2.0,-0.1906403124,True,Chronos-2
gift-v15-medium-qualified-feasible-seed2026082701,GIFT-Medium,GIFT-Eval,medium,1,regime_switching,5,Timer-3.5,capability_effect_nrmse,-0.2387145209,0.08600413333,11,moirai2,-0.08113314382,False,
gift-v15-medium-qualified-feasible-seed2026082701,GIFT-Medium,GIFT-Eval,medium,1,regime_switching,5,Timer-3.5,capability_effect_nrmse,0.01067765266,0.1947320657,11,timesfm2.5,0.09757043884,True,timesfm2.5
gift-v15-medium-qualified-feasible-seed2026082701,GIFT-Medium,GIFT-Eval,medium,1,regime_switching,5,Timer-3.5,capability_effect_nrmse,-0.1307519969,0.165930656,11,toto2.0,0.001409930172,False,
gift-v15-medium-qualified-feasible-seed2026082701,GIFT-Medium,GIFT-Eval,medium,1,regime_switching,5,moirai2,capability_effect_nrmse,0.06574826749,0.3107580153,11,timesfm2.5,0.1787035827,True,timesfm2.5
gift-v15-medium-qualified-feasible-seed2026082701,GIFT-Medium,GIFT-Eval,medium,1,regime_switching,5,moirai2,capability_effect_nrmse,-0.05267126745,0.2288341546,11,toto2.0,0.08254307399,False,
gift-v15-medium-qualified-feasible-seed2026082701,GIFT-Medium,GIFT-Eval,medium,1,regime_switching,5,timesfm2.5,capability_effect_nrmse,-0.1938533766,0.03886173505,11,toto2.0,-0.09616050867,False,
gift-v15-medium-qualified-feasible-seed2026082701,GIFT-Medium,GIFT-Eval,medium,1,time_varying_seasonality,1,Chronos-2,capability_effect_nrmse,-1.000398917,-0.09159186911,10,Timer-3.5,-0.4747215532,True,Chronos-2
gift-v15-medium-qualified-feasible-seed2026082701,GIFT-Medium,GIFT-Eval,medium,1,time_varying_seasonality,1,Chronos-2,capability_effect_nrmse,-1.274418623,-0.244112749,10,moirai2,-0.7100418444,True,Chronos-2
gift-v15-medium-qualified-feasible-seed2026082701,GIFT-Medium,GIFT-Eval,medium,1,time_varying_seasonality,1,Chronos-2,capability_effect_nrmse,-1.182542555,0.124976408,10,timesfm2.5,-0.3994619278,False,
gift-v15-medium-qualified-feasible-seed2026082701,GIFT-Medium,GIFT-Eval,medium,1,time_varying_seasonality,1,Chronos-2,capability_effect_nrmse,-3.06335293,0.04835691472,10,toto2.0,-1.053755599,False,
gift-v15-medium-qualified-feasible-seed2026082701,GIFT-Medium,GIFT-Eval,medium,1,time_varying_seasonality,1,Timer-3.5,capability_effect_nrmse,-0.6984223607,0.1810473001,10,moirai2,-0.2353202913,False,
gift-v15-medium-qualified-feasible-seed2026082701,GIFT-Medium,GIFT-Eval,medium,1,time_varying_seasonality,1,Timer-3.5,capability_effect_nrmse,-0.315466301,0.4754003374,10,timesfm2.5,0.0752596254,False,
gift-v15-medium-qualified-feasible-seed2026082701,GIFT-Medium,GIFT-Eval,medium,1,time_varying_seasonality,1,Timer-3.5,capability_effect_nrmse,-2.188151872,0.4369250761,10,toto2.0,-0.5790340458,False,
gift-v15-medium-qualified-feasible-seed2026082701,GIFT-Medium,GIFT-Eval,medium,1,time_varying_seasonality,1,moirai2,capability_effect_nrmse,-0.08058726946,0.6809477303,10,timesfm2.5,0.3105799166,False,
gift-v15-medium-qualified-feasible-seed2026082701,GIFT-Medium,GIFT-Eval,medium,1,time_varying_seasonality,1,moirai2,capability_effect_nrmse,-2.076275595,0.7711296719,10,toto2.0,-0.3437137545,False,
gift-v15-medium-qualified-feasible-seed2026082701,GIFT-Medium,GIFT-Eval,medium,1,time_varying_seasonality,1,timesfm2.5,capability_effect_nrmse,-1.973635252,0.2134683011,10,toto2.0,-0.6542936712,False,
gift-v15-medium-qualified-feasible-seed2026082701,GIFT-Medium,GIFT-Eval,medium,1,time_varying_seasonality,2,Chronos-2,capability_effect_nrmse,-0.7598810812,-0.1442606899,10,Timer-3.5,-0.3970390563,True,Chronos-2
gift-v15-medium-qualified-feasible-seed2026082701,GIFT-Medium,GIFT-Eval,medium,1,time_varying_seasonality,2,Chronos-2,capability_effect_nrmse,-1.182523331,-0.2921797875,10,moirai2,-0.6950759989,True,Chronos-2
gift-v15-medium-qualified-feasible-seed2026082701,GIFT-Medium,GIFT-Eval,medium,1,time_varying_seasonality,2,Chronos-2,capability_effect_nrmse,-0.7838531522,0.1568170707,10,timesfm2.5,-0.2357857896,False,
gift-v15-medium-qualified-feasible-seed2026082701,GIFT-Medium,GIFT-Eval,medium,1,time_varying_seasonality,2,Chronos-2,capability_effect_nrmse,-1.982568807,0.06978654359,10,toto2.0,-0.6618167144,False,
gift-v15-medium-qualified-feasible-seed2026082701,GIFT-Medium,GIFT-Eval,medium,1,time_varying_seasonality,2,Timer-3.5,capability_effect_nrmse,-0.6328180356,0.05550327284,10,moirai2,-0.2980369426,False,
gift-v15-medium-qualified-feasible-seed2026082701,GIFT-Medium,GIFT-Eval,medium,1,time_varying_seasonality,2,Timer-3.5,capability_effect_nrmse,-0.1825553331,0.5158890664,10,timesfm2.5,0.1612532667,False,
gift-v15-medium-qualified-feasible-seed2026082701,GIFT-Medium,GIFT-Eval,medium,1,time_varying_seasonality,2,Timer-3.5,capability_effect_nrmse,-1.341852241,0.4207604242,10,toto2.0,-0.2647776582,False,
gift-v15-medium-qualified-feasible-seed2026082701,GIFT-Medium,GIFT-Eval,medium,1,time_varying_seasonality,2,moirai2,capability_effect_nrmse,0.1739695668,0.7551320811,10,timesfm2.5,0.4592902093,True,timesfm2.5
gift-v15-medium-qualified-feasible-seed2026082701,GIFT-Medium,GIFT-Eval,medium,1,time_varying_seasonality,2,moirai2,capability_effect_nrmse,-0.9889375193,0.735743202,10,toto2.0,0.03325928445,False,
gift-v15-medium-qualified-feasible-seed2026082701,GIFT-Medium,GIFT-Eval,medium,1,time_varying_seasonality,2,timesfm2.5,capability_effect_nrmse,-1.311600526,0.1478019578,10,toto2.0,-0.4260309248,False,
gift-v15-medium-qualified-feasible-seed2026082701,GIFT-Medium,GIFT-Eval,medium,1,time_varying_seasonality,3,Chronos-2,capability_effect_nrmse,-0.5862583504,-0.1677934765,10,Timer-3.5,-0.3471546635,True,Chronos-2
gift-v15-medium-qualified-feasible-seed2026082701,GIFT-Medium,GIFT-Eval,medium,1,time_varying_seasonality,3,Chronos-2,capability_effect_nrmse,-1.646149866,-0.3282468073,10,moirai2,-0.9069573477,True,Chronos-2
gift-v15-medium-qualified-feasible-seed2026082701,GIFT-Medium,GIFT-Eval,medium,1,time_varying_seasonality,3,Chronos-2,capability_effect_nrmse,-0.6136052942,0.16863203,10,timesfm2.5,-0.1652235742,False,
gift-v15-medium-qualified-feasible-seed2026082701,GIFT-Medium,GIFT-Eval,medium,1,time_varying_seasonality,3,Chronos-2,capability_effect_nrmse,-1.323270961,0.09661833799,10,toto2.0,-0.4194355831,False,
gift-v15-medium-qualified-feasible-seed2026082701,GIFT-Medium,GIFT-Eval,medium,1,time_varying_seasonality,3,Timer-3.5,capability_effect_nrmse,-1.346066579,-0.04557024569,10,moirai2,-0.5598026842,True,Timer-3.5
gift-v15-medium-qualified-feasible-seed2026082701,GIFT-Medium,GIFT-Eval,medium,1,time_varying_seasonality,3,Timer-3.5,capability_effect_nrmse,-0.1259547572,0.504498792,10,timesfm2.5,0.1819310893,False,
gift-v15-medium-qualified-feasible-seed2026082701,GIFT-Medium,GIFT-Eval,medium,1,time_varying_seasonality,3,Timer-3.5,capability_effect_nrmse,-0.8292402241,0.4170956606,10,toto2.0,-0.0722809196,False,
gift-v15-medium-qualified-feasible-seed2026082701,GIFT-Medium,GIFT-Eval,medium,1,time_varying_seasonality,3,moirai2,capability_effect_nrmse,0.1927482402,1.52324326,10,timesfm2.5,0.7417337735,True,timesfm2.5
gift-v15-medium-qualified-feasible-seed2026082701,GIFT-Medium,GIFT-Eval,medium,1,time_varying_seasonality,3,moirai2,capability_effect_nrmse,-0.3417355477,1.424842848,10,toto2.0,0.4875217646,False,
gift-v15-medium-qualified-feasible-seed2026082701,GIFT-Medium,GIFT-Eval,medium,1,time_varying_seasonality,3,timesfm2.5,capability_effect_nrmse,-0.8253187255,0.1283696789,10,toto2.0,-0.2542120089,False,
gift-v15-medium-qualified-feasible-seed2026082701,GIFT-Medium,GIFT-Eval,medium,1,time_varying_seasonality,4,Chronos-2,capability_effect_nrmse,-0.4410954407,-0.1239292761,10,Timer-3.5,-0.2662826322,True,Chronos-2
gift-v15-medium-qualified-feasible-seed2026082701,GIFT-Medium,GIFT-Eval,medium,1,time_varying_seasonality,4,Chronos-2,capability_effect_nrmse,-1.54694293,-0.3502461078,10,moirai2,-0.8498122948,True,Chronos-2
gift-v15-medium-qualified-feasible-seed2026082701,GIFT-Medium,GIFT-Eval,medium,1,time_varying_seasonality,4,Chronos-2,capability_effect_nrmse,-0.4349872299,0.1528489729,10,timesfm2.5,-0.1080104245,False,
gift-v15-medium-qualified-feasible-seed2026082701,GIFT-Medium,GIFT-Eval,medium,1,time_varying_seasonality,4,Chronos-2,capability_effect_nrmse,-0.9116259195,0.1040447753,10,toto2.0,-0.2690488281,False,
gift-v15-medium-qualified-feasible-seed2026082701,GIFT-Medium,GIFT-Eval,medium,1,time_varying_seasonality,4,Timer-3.5,capability_effect_nrmse,-1.264718749,-0.06873435115,10,moirai2,-0.5835296626,True,Timer-3.5
gift-v15-medium-qualified-feasible-seed2026082701,GIFT-Medium,GIFT-Eval,medium,1,time_varying_seasonality,4,Timer-3.5,capability_effect_nrmse,-0.09101511318,0.411801434,10,timesfm2.5,0.1582722077,False,
gift-v15-medium-qualified-feasible-seed2026082701,GIFT-Medium,GIFT-Eval,medium,1,time_varying_seasonality,4,Timer-3.5,capability_effect_nrmse,-0.5047036899,0.3666881506,10,toto2.0,-0.002766195897,False,
gift-v15-medium-qualified-feasible-seed2026082701,GIFT-Medium,GIFT-Eval,medium,1,time_varying_seasonality,4,moirai2,capability_effect_nrmse,0.2321555022,1.506715706,10,timesfm2.5,0.7418018703,True,timesfm2.5
gift-v15-medium-qualified-feasible-seed2026082701,GIFT-Medium,GIFT-Eval,medium,1,time_varying_seasonality,4,moirai2,capability_effect_nrmse,-0.05213733429,1.318558057,10,toto2.0,0.5807634667,False,
gift-v15-medium-qualified-feasible-seed2026082701,GIFT-Medium,GIFT-Eval,medium,1,time_varying_seasonality,4,timesfm2.5,capability_effect_nrmse,-0.5448195191,0.1182265947,10,toto2.0,-0.1610384036,False,
gift-v15-medium-qualified-feasible-seed2026082701,GIFT-Medium,GIFT-Eval,medium,1,time_varying_seasonality,5,Chronos-2,capability_effect_nrmse,-0.3684799411,-0.1046685663,10,Timer-3.5,-0.2295577515,True,Chronos-2
gift-v15-medium-qualified-feasible-seed2026082701,GIFT-Medium,GIFT-Eval,medium,1,time_varying_seasonality,5,Chronos-2,capability_effect_nrmse,-1.304836137,-0.3179175466,10,moirai2,-0.7285900895,True,Chronos-2
gift-v15-medium-qualified-feasible-seed2026082701,GIFT-Medium,GIFT-Eval,medium,1,time_varying_seasonality,5,Chronos-2,capability_effect_nrmse,-0.3417175145,0.1752893521,10,timesfm2.5,-0.05630747709,False,
gift-v15-medium-qualified-feasible-seed2026082701,GIFT-Medium,GIFT-Eval,medium,1,time_varying_seasonality,5,Chronos-2,capability_effect_nrmse,-0.565545678,0.1301098779,10,toto2.0,-0.1427901774,False,
gift-v15-medium-qualified-feasible-seed2026082701,GIFT-Medium,GIFT-Eval,medium,1,time_varying_seasonality,5,Timer-3.5,capability_effect_nrmse,-1.067592075,-0.1031016753,10,moirai2,-0.499032338,True,Timer-3.5
gift-v15-medium-qualified-feasible-seed2026082701,GIFT-Medium,GIFT-Eval,medium,1,time_varying_seasonality,5,Timer-3.5,capability_effect_nrmse,-0.0644396384,0.4276243865,10,timesfm2.5,0.1732502744,False,
gift-v15-medium-qualified-feasible-seed2026082701,GIFT-Medium,GIFT-Eval,medium,1,time_varying_seasonality,5,Timer-3.5,capability_effect_nrmse,-0.2685337382,0.3542476752,10,toto2.0,0.08676757408,False,
gift-v15-medium-qualified-feasible-seed2026082701,GIFT-Medium,GIFT-Eval,medium,1,time_varying_seasonality,5,moirai2,capability_effect_nrmse,0.234019072,1.269299795,10,timesfm2.5,0.6722826124,True,timesfm2.5
gift-v15-medium-qualified-feasible-seed2026082701,GIFT-Medium,GIFT-Eval,medium,1,time_varying_seasonality,5,moirai2,capability_effect_nrmse,0.08315013724,1.148772302,10,toto2.0,0.5857999121,True,toto2.0
gift-v15-medium-qualified-feasible-seed2026082701,GIFT-Medium,GIFT-Eval,medium,1,time_varying_seasonality,5,timesfm2.5,capability_effect_nrmse,-0.2880136236,0.09119490084,10,toto2.0,-0.08648270032,False,
gift-v15-medium-qualified-feasible-seed2026082701,GIFT-Medium,GIFT-Eval,medium,1,trend,1,Chronos-2,capability_effect_nrmse,-0.5354787795,-0.09793805279,9,Timer-3.5,-0.2857406677,True,Chronos-2
gift-v15-medium-qualified-feasible-seed2026082701,GIFT-Medium,GIFT-Eval,medium,1,trend,1,Chronos-2,capability_effect_nrmse,-0.5402207442,-0.1208586455,9,moirai2,-0.2869691486,True,Chronos-2
gift-v15-medium-qualified-feasible-seed2026082701,GIFT-Medium,GIFT-Eval,medium,1,trend,1,Chronos-2,capability_effect_nrmse,-0.9587611305,-0.04193820684,9,timesfm2.5,-0.3703884409,True,Chronos-2
gift-v15-medium-qualified-feasible-seed2026082701,GIFT-Medium,GIFT-Eval,medium,1,trend,1,Chronos-2,capability_effect_nrmse,-2.626310809,-0.08508145234,9,toto2.0,-1.006724845,True,Chronos-2
gift-v15-medium-qualified-feasible-seed2026082701,GIFT-Medium,GIFT-Eval,medium,1,trend,1,Timer-3.5,capability_effect_nrmse,-0.3698715899,0.380036438,9,moirai2,-0.001228480926,False,
gift-v15-medium-qualified-feasible-seed2026082701,GIFT-Medium,GIFT-Eval,medium,1,trend,1,Timer-3.5,capability_effect_nrmse,-0.4555482553,0.1381847571,9,timesfm2.5,-0.08464777323,False,
gift-v15-medium-qualified-feasible-seed2026082701,GIFT-Medium,GIFT-Eval,medium,1,trend,1,Timer-3.5,capability_effect_nrmse,-2.171958733,0.1367433969,9,toto2.0,-0.7209841776,False,
gift-v15-medium-qualified-feasible-seed2026082701,GIFT-Medium,GIFT-Eval,medium,1,trend,1,moirai2,capability_effect_nrmse,-0.8283925961,0.4393861021,9,timesfm2.5,-0.08341929231,False,
gift-v15-medium-qualified-feasible-seed2026082701,GIFT-Medium,GIFT-Eval,medium,1,trend,1,moirai2,capability_effect_nrmse,-2.472795526,0.3701129007,9,toto2.0,-0.7197556966,False,
gift-v15-medium-qualified-feasible-seed2026082701,GIFT-Medium,GIFT-Eval,medium,1,trend,1,timesfm2.5,capability_effect_nrmse,-1.693882161,0.02841224644,9,toto2.0,-0.6363364043,False,
gift-v15-medium-qualified-feasible-seed2026082701,GIFT-Medium,GIFT-Eval,medium,1,trend,2,Chronos-2,capability_effect_nrmse,-0.4383068437,-0.09172151846,9,Timer-3.5,-0.2438666151,True,Chronos-2
gift-v15-medium-qualified-feasible-seed2026082701,GIFT-Medium,GIFT-Eval,medium,1,trend,2,Chronos-2,capability_effect_nrmse,-0.5203851342,-0.1102604591,9,moirai2,-0.2688219977,True,Chronos-2
gift-v15-medium-qualified-feasible-seed2026082701,GIFT-Medium,GIFT-Eval,medium,1,trend,2,Chronos-2,capability_effect_nrmse,-0.6343558493,-0.0347940823,9,timesfm2.5,-0.2550222328,True,Chronos-2
gift-v15-medium-qualified-feasible-seed2026082701,GIFT-Medium,GIFT-Eval,medium,1,trend,2,Chronos-2,capability_effect_nrmse,-1.675649652,-0.07395836455,9,toto2.0,-0.654126448,True,Chronos-2
gift-v15-medium-qualified-feasible-seed2026082701,GIFT-Medium,GIFT-Eval,medium,1,trend,2,Timer-3.5,capability_effect_nrmse,-0.358994058,0.2702029555,9,moirai2,-0.02495538261,False,
gift-v15-medium-qualified-feasible-seed2026082701,GIFT-Medium,GIFT-Eval,medium,1,trend,2,Timer-3.5,capability_effect_nrmse,-0.2176527935,0.1277831617,9,timesfm2.5,-0.01115561762,False,
gift-v15-medium-qualified-feasible-seed2026082701,GIFT-Medium,GIFT-Eval,medium,1,trend,2,Timer-3.5,capability_effect_nrmse,-1.307378201,0.1359649076,9,toto2.0,-0.4102598328,False,
gift-v15-medium-qualified-feasible-seed2026082701,GIFT-Medium,GIFT-Eval,medium,1,trend,2,moirai2,capability_effect_nrmse,-0.4747314622,0.4112340212,9,timesfm2.5,0.01379976499,False,
gift-v15-medium-qualified-feasible-seed2026082701,GIFT-Medium,GIFT-Eval,medium,1,trend,2,moirai2,capability_effect_nrmse,-1.511481823,0.3576327229,9,toto2.0,-0.3853044502,False,
gift-v15-medium-qualified-feasible-seed2026082701,GIFT-Medium,GIFT-Eval,medium,1,trend,2,timesfm2.5,capability_effect_nrmse,-1.084508488,0.03159129002,9,toto2.0,-0.3991042152,False,
gift-v15-medium-qualified-feasible-seed2026082701,GIFT-Medium,GIFT-Eval,medium,1,trend,3,Chronos-2,capability_effect_nrmse,-0.3566552095,-0.07753645364,9,Timer-3.5,-0.2063968628,True,Chronos-2
gift-v15-medium-qualified-feasible-seed2026082701,GIFT-Medium,GIFT-Eval,medium,1,trend,3,Chronos-2,capability_effect_nrmse,-0.4427323893,-0.09343681789,9,moirai2,-0.2371684045,True,Chronos-2
gift-v15-medium-qualified-feasible-seed2026082701,GIFT-Medium,GIFT-Eval,medium,1,trend,3,Chronos-2,capability_effect_nrmse,-0.4293150896,-0.03203818448,9,timesfm2.5,-0.1858744577,True,Chronos-2
gift-v15-medium-qualified-feasible-seed2026082701,GIFT-Medium,GIFT-Eval,medium,1,trend,3,Chronos-2,capability_effect_nrmse,-1.168960417,-0.06645157022,9,toto2.0,-0.4624043123,True,Chronos-2
gift-v15-medium-qualified-feasible-seed2026082701,GIFT-Medium,GIFT-Eval,medium,1,trend,3,Timer-3.5,capability_effect_nrmse,-0.283366249,0.2040287595,9,moirai2,-0.03077154164,False,
gift-v15-medium-qualified-feasible-seed2026082701,GIFT-Medium,GIFT-Eval,medium,1,trend,3,Timer-3.5,capability_effect_nrmse,-0.1146312948,0.122473278,9,timesfm2.5,0.0205224051,False,
gift-v15-medium-qualified-feasible-seed2026082701,GIFT-Medium,GIFT-Eval,medium,1,trend,3,Timer-3.5,capability_effect_nrmse,-0.8740982655,0.1388973761,9,toto2.0,-0.2560074495,False,
gift-v15-medium-qualified-feasible-seed2026082701,GIFT-Medium,GIFT-Eval,medium,1,trend,3,moirai2,capability_effect_nrmse,-0.2827445527,0.3405791126,9,timesfm2.5,0.05129394675,False,
gift-v15-medium-qualified-feasible-seed2026082701,GIFT-Medium,GIFT-Eval,medium,1,trend,3,moirai2,capability_effect_nrmse,-1.024097933,0.306672199,9,toto2.0,-0.2252359078,False,
gift-v15-medium-qualified-feasible-seed2026082701,GIFT-Medium,GIFT-Eval,medium,1,trend,3,timesfm2.5,capability_effect_nrmse,-0.7624290354,0.02804405384,9,toto2.0,-0.2765298546,False,
gift-v15-medium-qualified-feasible-seed2026082701,GIFT-Medium,GIFT-Eval,medium,1,trend,4,Chronos-2,capability_effect_nrmse,-0.3044792791,-0.07390225844,9,Timer-3.5,-0.1807415826,True,Chronos-2
gift-v15-medium-qualified-feasible-seed2026082701,GIFT-Medium,GIFT-Eval,medium,1,trend,4,Chronos-2,capability_effect_nrmse,-0.3686863939,-0.09049149984,9,moirai2,-0.214112774,True,Chronos-2
gift-v15-medium-qualified-feasible-seed2026082701,GIFT-Medium,GIFT-Eval,medium,1,trend,4,Chronos-2,capability_effect_nrmse,-0.3063223229,-0.02909679714,9,timesfm2.5,-0.1328442026,True,Chronos-2
gift-v15-medium-qualified-feasible-seed2026082701,GIFT-Medium,GIFT-Eval,medium,1,trend,4,Chronos-2,capability_effect_nrmse,-0.8264407588,-0.05442454039,9,toto2.0,-0.3336740396,True,Chronos-2
gift-v15-medium-qualified-feasible-seed2026082701,GIFT-Medium,GIFT-Eval,medium,1,trend,4,Timer-3.5,capability_effect_nrmse,-0.2342651106,0.1441743355,9,moirai2,-0.03337119147,False,
gift-v15-medium-qualified-feasible-seed2026082701,GIFT-Medium,GIFT-Eval,medium,1,trend,4,Timer-3.5,capability_effect_nrmse,-0.04144889502,0.131941889,9,timesfm2.5,0.04789738001,False,
gift-v15-medium-qualified-feasible-seed2026082701,GIFT-Medium,GIFT-Eval,medium,1,trend,4,Timer-3.5,capability_effect_nrmse,-0.5580725622,0.127876065,9,toto2.0,-0.1529324571,False,
gift-v15-medium-qualified-feasible-seed2026082701,GIFT-Medium,GIFT-Eval,medium,1,trend,4,moirai2,capability_effect_nrmse,-0.1653482675,0.2982487078,9,timesfm2.5,0.08126857148,False,
gift-v15-medium-qualified-feasible-seed2026082701,GIFT-Medium,GIFT-Eval,medium,1,trend,4,moirai2,capability_effect_nrmse,-0.670887348,0.2687458692,9,toto2.0,-0.1195612656,False,
gift-v15-medium-qualified-feasible-seed2026082701,GIFT-Medium,GIFT-Eval,medium,1,trend,4,timesfm2.5,capability_effect_nrmse,-0.5451817544,0.01699604984,9,toto2.0,-0.2008298371,False,
gift-v15-medium-qualified-feasible-seed2026082701,GIFT-Medium,GIFT-Eval,medium,1,trend,5,Chronos-2,capability_effect_nrmse,-0.2491571226,-0.05635893614,9,Timer-3.5,-0.1464779721,True,Chronos-2
gift-v15-medium-qualified-feasible-seed2026082701,GIFT-Medium,GIFT-Eval,medium,1,trend,5,Chronos-2,capability_effect_nrmse,-0.3316968481,-0.1001075193,9,moirai2,-0.2045673809,True,Chronos-2
gift-v15-medium-qualified-feasible-seed2026082701,GIFT-Medium,GIFT-Eval,medium,1,trend,5,Chronos-2,capability_effect_nrmse,-0.2094517997,-0.02396550649,9,timesfm2.5,-0.0968562923,True,Chronos-2
gift-v15-medium-qualified-feasible-seed2026082701,GIFT-Medium,GIFT-Eval,medium,1,trend,5,Chronos-2,capability_effect_nrmse,-0.5846634654,-0.04707056134,9,toto2.0,-0.2402061626,True,Chronos-2
gift-v15-medium-qualified-feasible-seed2026082701,GIFT-Medium,GIFT-Eval,medium,1,trend,5,Timer-3.5,capability_effect_nrmse,-0.2086109335,0.06704201205,9,moirai2,-0.05808940877,False,
gift-v15-medium-qualified-feasible-seed2026082701,GIFT-Medium,GIFT-Eval,medium,1,trend,5,Timer-3.5,capability_effect_nrmse,-0.02019447195,0.1215181314,9,timesfm2.5,0.04962167985,False,
gift-v15-medium-qualified-feasible-seed2026082701,GIFT-Medium,GIFT-Eval,medium,1,trend,5,Timer-3.5,capability_effect_nrmse,-0.3956417848,0.124696235,9,toto2.0,-0.0937281905,False,
gift-v15-medium-qualified-feasible-seed2026082701,GIFT-Medium,GIFT-Eval,medium,1,trend,5,moirai2,capability_effect_nrmse,-0.03993127398,0.2551585083,9,timesfm2.5,0.1077110886,False,
gift-v15-medium-qualified-feasible-seed2026082701,GIFT-Medium,GIFT-Eval,medium,1,trend,5,moirai2,capability_effect_nrmse,-0.4349067105,0.2400537117,9,toto2.0,-0.03563878173,False,
gift-v15-medium-qualified-feasible-seed2026082701,GIFT-Medium,GIFT-Eval,medium,1,trend,5,timesfm2.5,capability_effect_nrmse,-0.386058037,0.01511529926,9,toto2.0,-0.1433498703,False,
gift-v15-medium-qualified-feasible-seed2026082701,GIFT-Medium,GIFT-Eval,medium,1,common_factor,1,Chronos-2,input_ablation_mase_degradation,-0.09379070336,0.01882093515,4,Timer-3.5,-0.0374848841,False,
gift-v15-medium-qualified-feasible-seed2026082701,GIFT-Medium,GIFT-Eval,medium,1,common_factor,1,Chronos-2,input_ablation_mase_degradation,-0.09575241553,0.01694813462,4,moirai2,-0.03940214045,False,
gift-v15-medium-qualified-feasible-seed2026082701,GIFT-Medium,GIFT-Eval,medium,1,common_factor,1,Chronos-2,input_ablation_mase_degradation,-0.09575241553,0.01694813462,4,timesfm2.5,-0.03940214045,False,
gift-v15-medium-qualified-feasible-seed2026082701,GIFT-Medium,GIFT-Eval,medium,1,common_factor,1,Chronos-2,input_ablation_mase_degradation,-0.1398544311,-0.01044310633,4,toto2.0,-0.06361207351,True,Chronos-2
gift-v15-medium-qualified-feasible-seed2026082701,GIFT-Medium,GIFT-Eval,medium,1,common_factor,1,Timer-3.5,input_ablation_mase_degradation,-0.002859670936,-0.0009303859377,4,moirai2,-0.001917256347,True,Timer-3.5
gift-v15-medium-qualified-feasible-seed2026082701,GIFT-Medium,GIFT-Eval,medium,1,common_factor,1,Timer-3.5,input_ablation_mase_degradation,-0.002859670936,-0.0009303859377,4,timesfm2.5,-0.001917256347,True,Timer-3.5
gift-v15-medium-qualified-feasible-seed2026082701,GIFT-Medium,GIFT-Eval,medium,1,common_factor,1,Timer-3.5,input_ablation_mase_degradation,-0.06130985934,0.009055480535,4,toto2.0,-0.0261271894,False,
gift-v15-medium-qualified-feasible-seed2026082701,GIFT-Medium,GIFT-Eval,medium,1,common_factor,1,moirai2,input_ablation_mase_degradation,0,0,4,timesfm2.5,0,False,
gift-v15-medium-qualified-feasible-seed2026082701,GIFT-Medium,GIFT-Eval,medium,1,common_factor,1,moirai2,input_ablation_mase_degradation,-0.05866909963,0.01027967275,4,toto2.0,-0.02420993306,False,
gift-v15-medium-qualified-feasible-seed2026082701,GIFT-Medium,GIFT-Eval,medium,1,common_factor,1,timesfm2.5,input_ablation_mase_degradation,-0.05866909963,0.01024923352,4,toto2.0,-0.02420993306,False,
gift-v15-medium-qualified-feasible-seed2026082701,GIFT-Medium,GIFT-Eval,medium,1,common_factor,2,Chronos-2,input_ablation_mase_degradation,-0.08236174847,0.01578853135,4,Timer-3.5,-0.02386544984,False,
gift-v15-medium-qualified-feasible-seed2026082701,GIFT-Medium,GIFT-Eval,medium,1,common_factor,2,Chronos-2,input_ablation_mase_degradation,-0.08610106952,0.01402337692,4,moirai2,-0.02598309216,False,
gift-v15-medium-qualified-feasible-seed2026082701,GIFT-Medium,GIFT-Eval,medium,1,common_factor,2,Chronos-2,input_ablation_mase_degradation,-0.08610106952,0.01402337692,4,timesfm2.5,-0.02598309216,False,
gift-v15-medium-qualified-feasible-seed2026082701,GIFT-Medium,GIFT-Eval,medium,1,common_factor,2,Chronos-2,input_ablation_mase_degradation,-0.1220403577,0.09624001768,4,toto2.0,-0.01811696329,False,
gift-v15-medium-qualified-feasible-seed2026082701,GIFT-Medium,GIFT-Eval,medium,1,common_factor,2,Timer-3.5,input_ablation_mase_degradation,-0.003747502555,-0.0008484514864,4,moirai2,-0.002117642321,True,Timer-3.5
gift-v15-medium-qualified-feasible-seed2026082701,GIFT-Medium,GIFT-Eval,medium,1,common_factor,2,Timer-3.5,input_ablation_mase_degradation,-0.003747502555,-0.0008484514864,4,timesfm2.5,-0.002117642321,True,Timer-3.5
gift-v15-medium-qualified-feasible-seed2026082701,GIFT-Medium,GIFT-Eval,medium,1,common_factor,2,Timer-3.5,input_ablation_mase_degradation,-0.06322103246,0.101699251,4,toto2.0,0.00574848655,False,
gift-v15-medium-qualified-feasible-seed2026082701,GIFT-Medium,GIFT-Eval,medium,1,common_factor,2,moirai2,input_ablation_mase_degradation,0,0,4,timesfm2.5,0,False,
gift-v15-medium-qualified-feasible-seed2026082701,GIFT-Medium,GIFT-Eval,medium,1,common_factor,2,moirai2,input_ablation_mase_degradation,-0.0598341993,0.1035249615,4,toto2.0,0.007866128871,False,
gift-v15-medium-qualified-feasible-seed2026082701,GIFT-Medium,GIFT-Eval,medium,1,common_factor,2,timesfm2.5,input_ablation_mase_degradation,-0.0598341993,0.1035249615,4,toto2.0,0.007866128871,False,
gift-v15-medium-qualified-feasible-seed2026082701,GIFT-Medium,GIFT-Eval,medium,1,common_factor,3,Chronos-2,input_ablation_mase_degradation,-0.07146630186,0.02152455627,4,Timer-3.5,-0.02229716705,False,
gift-v15-medium-qualified-feasible-seed2026082701,GIFT-Medium,GIFT-Eval,medium,1,common_factor,3,Chronos-2,input_ablation_mase_degradation,-0.07352670474,0.0213628869,4,moirai2,-0.02318389976,False,
gift-v15-medium-qualified-feasible-seed2026082701,GIFT-Medium,GIFT-Eval,medium,1,common_factor,3,Chronos-2,input_ablation_mase_degradation,-0.07352670474,0.0213628869,4,timesfm2.5,-0.02318389976,False,
gift-v15-medium-qualified-feasible-seed2026082701,GIFT-Medium,GIFT-Eval,medium,1,common_factor,3,Chronos-2,input_ablation_mase_degradation,-0.09171542838,0.04365968929,4,toto2.0,-0.02691422155,False,
gift-v15-medium-qualified-feasible-seed2026082701,GIFT-Medium,GIFT-Eval,medium,1,common_factor,3,Timer-3.5,input_ablation_mase_degradation,-0.003434214782,0.001955884697,4,moirai2,-0.0008867327022,False,
gift-v15-medium-qualified-feasible-seed2026082701,GIFT-Medium,GIFT-Eval,medium,1,common_factor,3,Timer-3.5,input_ablation_mase_degradation,-0.003453503975,0.001955884697,4,timesfm2.5,-0.0008867327022,False,
gift-v15-medium-qualified-feasible-seed2026082701,GIFT-Medium,GIFT-Eval,medium,1,common_factor,3,Timer-3.5,input_ablation_mase_degradation,-0.06528678138,0.06508691238,4,toto2.0,-0.004617054501,False,
gift-v15-medium-qualified-feasible-seed2026082701,GIFT-Medium,GIFT-Eval,medium,1,common_factor,3,moirai2,input_ablation_mase_degradation,0,0,4,timesfm2.5,0,False,
gift-v15-medium-qualified-feasible-seed2026082701,GIFT-Medium,GIFT-Eval,medium,1,common_factor,3,moirai2,input_ablation_mase_degradation,-0.06408562417,0.0638753802,4,toto2.0,-0.003730321798,False,
gift-v15-medium-qualified-feasible-seed2026082701,GIFT-Medium,GIFT-Eval,medium,1,common_factor,3,timesfm2.5,input_ablation_mase_degradation,-0.06408562417,0.0638753802,4,toto2.0,-0.003730321798,False,
gift-v15-medium-qualified-feasible-seed2026082701,GIFT-Medium,GIFT-Eval,medium,1,common_factor,4,Chronos-2,input_ablation_mase_degradation,-0.06868456872,0.01663116823,4,Timer-3.5,-0.01596755581,False,
gift-v15-medium-qualified-feasible-seed2026082701,GIFT-Medium,GIFT-Eval,medium,1,common_factor,4,Chronos-2,input_ablation_mase_degradation,-0.06725779674,0.01708879157,4,moirai2,-0.0159330737,False,
gift-v15-medium-qualified-feasible-seed2026082701,GIFT-Medium,GIFT-Eval,medium,1,common_factor,4,Chronos-2,input_ablation_mase_degradation,-0.06725779674,0.01708879157,4,timesfm2.5,-0.0159330737,False,
gift-v15-medium-qualified-feasible-seed2026082701,GIFT-Medium,GIFT-Eval,medium,1,common_factor,4,Chronos-2,input_ablation_mase_degradation,-0.1277912395,0.001375493533,4,toto2.0,-0.06078969571,False,
gift-v15-medium-qualified-feasible-seed2026082701,GIFT-Medium,GIFT-Eval,medium,1,common_factor,4,Timer-3.5,input_ablation_mase_degradation,-0.002487840202,0.002261009527,4,moirai2,3.448211779e-05,False,
gift-v15-medium-qualified-feasible-seed2026082701,GIFT-Medium,GIFT-Eval,medium,1,common_factor,4,Timer-3.5,input_ablation_mase_degradation,-0.002487840202,0.002261009527,4,timesfm2.5,3.448211779e-05,False,
gift-v15-medium-qualified-feasible-seed2026082701,GIFT-Medium,GIFT-Eval,medium,1,common_factor,4,Timer-3.5,input_ablation_mase_degradation,-0.1352971542,0.009752162465,4,toto2.0,-0.04482213989,False,
gift-v15-medium-qualified-feasible-seed2026082701,GIFT-Medium,GIFT-Eval,medium,1,common_factor,4,moirai2,input_ablation_mase_degradation,0,0,4,timesfm2.5,0,False,
gift-v15-medium-qualified-feasible-seed2026082701,GIFT-Medium,GIFT-Eval,medium,1,common_factor,4,moirai2,input_ablation_mase_degradation,-0.1324939094,0.007175748374,4,toto2.0,-0.04485662201,False,
gift-v15-medium-qualified-feasible-seed2026082701,GIFT-Medium,GIFT-Eval,medium,1,common_factor,4,timesfm2.5,input_ablation_mase_degradation,-0.1324939094,0.007175748374,4,toto2.0,-0.04485662201,False,
gift-v15-medium-qualified-feasible-seed2026082701,GIFT-Medium,GIFT-Eval,medium,1,common_factor,5,Chronos-2,input_ablation_mase_degradation,-0.04846201771,0.02289826833,4,Timer-3.5,-0.01550688071,False,
gift-v15-medium-qualified-feasible-seed2026082701,GIFT-Medium,GIFT-Eval,medium,1,common_factor,5,Chronos-2,input_ablation_mase_degradation,-0.04872460946,0.01468864766,4,moirai2,-0.01677411473,False,
gift-v15-medium-qualified-feasible-seed2026082701,GIFT-Medium,GIFT-Eval,medium,1,common_factor,5,Chronos-2,input_ablation_mase_degradation,-0.04872460946,0.01468864766,4,timesfm2.5,-0.01677411473,False,
gift-v15-medium-qualified-feasible-seed2026082701,GIFT-Medium,GIFT-Eval,medium,1,common_factor,5,Chronos-2,input_ablation_mase_degradation,-0.08070017511,-0.01824890023,4,toto2.0,-0.04867818657,True,Chronos-2
gift-v15-medium-qualified-feasible-seed2026082701,GIFT-Medium,GIFT-Eval,medium,1,common_factor,5,Timer-3.5,input_ablation_mase_degradation,-0.003562746692,0.0005247538756,4,moirai2,-0.001267234012,False,
gift-v15-medium-qualified-feasible-seed2026082701,GIFT-Medium,GIFT-Eval,medium,1,common_factor,5,Timer-3.5,input_ablation_mase_degradation,-0.003059221899,0.0005247538756,4,timesfm2.5,-0.001267234012,False,
gift-v15-medium-qualified-feasible-seed2026082701,GIFT-Medium,GIFT-Eval,medium,1,common_factor,5,Timer-3.5,input_ablation_mase_degradation,-0.08204854399,0.01570593228,4,toto2.0,-0.03317130586,False,
gift-v15-medium-qualified-feasible-seed2026082701,GIFT-Medium,GIFT-Eval,medium,1,common_factor,5,moirai2,input_ablation_mase_degradation,0,0,4,timesfm2.5,0,False,
gift-v15-medium-qualified-feasible-seed2026082701,GIFT-Medium,GIFT-Eval,medium,1,common_factor,5,moirai2,input_ablation_mase_degradation,-0.08037319458,0.01656505089,4,toto2.0,-0.03190407184,False,
gift-v15-medium-qualified-feasible-seed2026082701,GIFT-Medium,GIFT-Eval,medium,1,common_factor,5,timesfm2.5,input_ablation_mase_degradation,-0.08037319458,0.01656505089,4,toto2.0,-0.03190407184,False,
gift-v15-medium-qualified-feasible-seed2026082701,GIFT-Medium,GIFT-Eval,medium,1,covariate_impulse_response,1,Chronos-2,input_ablation_mase_degradation,-0.001753736016,0.06383305524,4,Timer-3.5,0.02052987951,False,
gift-v15-medium-qualified-feasible-seed2026082701,GIFT-Medium,GIFT-Eval,medium,1,covariate_impulse_response,1,Chronos-2,input_ablation_mase_degradation,-0.01259500361,0.0002053551406,4,moirai2,-0.005515393837,False,
gift-v15-medium-qualified-feasible-seed2026082701,GIFT-Medium,GIFT-Eval,medium,1,covariate_impulse_response,1,Chronos-2,input_ablation_mase_degradation,-0.0125950301,0.0002053563937,4,timesfm2.5,-0.005518787818,False,
gift-v15-medium-qualified-feasible-seed2026082701,GIFT-Medium,GIFT-Eval,medium,1,covariate_impulse_response,1,Chronos-2,input_ablation_mase_degradation,-0.01259496275,0.0002054368571,4,toto2.0,-0.00549778479,False,
gift-v15-medium-qualified-feasible-seed2026082701,GIFT-Medium,GIFT-Eval,medium,1,covariate_impulse_response,1,Timer-3.5,input_ablation_mase_degradation,-0.07670404312,0.0006950358376,4,moirai2,-0.02604527335,False,
gift-v15-medium-qualified-feasible-seed2026082701,GIFT-Medium,GIFT-Eval,medium,1,covariate_impulse_response,1,Timer-3.5,input_ablation_mase_degradation,-0.07670406962,0.0006950370906,4,timesfm2.5,-0.02604866733,False,
gift-v15-medium-qualified-feasible-seed2026082701,GIFT-Medium,GIFT-Eval,medium,1,covariate_impulse_response,1,Timer-3.5,input_ablation_mase_degradation,-0.07672429029,0.000695117554,4,toto2.0,-0.0260276643,False,
gift-v15-medium-qualified-feasible-seed2026082701,GIFT-Medium,GIFT-Eval,medium,1,covariate_impulse_response,1,moirai2,input_ablation_mase_degradation,-1.01567052e-05,1.253019782e-09,4,timesfm2.5,-3.393981274e-06,False,
gift-v15-medium-qualified-feasible-seed2026082701,GIFT-Medium,GIFT-Eval,medium,1,covariate_impulse_response,1,moirai2,input_ablation_mase_degradation,0,5.270456537e-05,4,toto2.0,1.760904667e-05,False,
gift-v15-medium-qualified-feasible-seed2026082701,GIFT-Medium,GIFT-Eval,medium,1,covariate_impulse_response,1,timesfm2.5,input_ablation_mase_degradation,1.807876981e-08,6.287030995e-05,4,toto2.0,2.100302794e-05,True,toto2.0
gift-v15-medium-qualified-feasible-seed2026082701,GIFT-Medium,GIFT-Eval,medium,1,covariate_impulse_response,2,Chronos-2,input_ablation_mase_degradation,-0.01586517884,0.08296819072,4,Timer-3.5,0.02228101339,False,
gift-v15-medium-qualified-feasible-seed2026082701,GIFT-Medium,GIFT-Eval,medium,1,covariate_impulse_response,2,Chronos-2,input_ablation_mase_degradation,-0.02835843367,-4.366744576e-05,4,moirai2,-0.00953645052,True,Chronos-2
gift-v15-medium-qualified-feasible-seed2026082701,GIFT-Medium,GIFT-Eval,medium,1,covariate_impulse_response,2,Chronos-2,input_ablation_mase_degradation,-0.02835843367,-4.366804621e-05,4,timesfm2.5,-0.009539799516,True,Chronos-2
gift-v15-medium-qualified-feasible-seed2026082701,GIFT-Medium,GIFT-Eval,medium,1,covariate_impulse_response,2,Chronos-2,input_ablation_mase_degradation,-0.02835985861,-4.370466717e-05,4,toto2.0,-0.00957131785,True,Chronos-2
gift-v15-medium-qualified-feasible-seed2026082701,GIFT-Medium,GIFT-Eval,medium,1,covariate_impulse_response,2,Timer-3.5,input_ablation_mase_degradation,-0.1113266244,0.01565792839,4,moirai2,-0.03181746391,False,
gift-v15-medium-qualified-feasible-seed2026082701,GIFT-Medium,GIFT-Eval,medium,1,covariate_impulse_response,2,Timer-3.5,input_ablation_mase_degradation,-0.1113266244,0.015647882,4,timesfm2.5,-0.03182081291,False,
gift-v15-medium-qualified-feasible-seed2026082701,GIFT-Medium,GIFT-Eval,medium,1,covariate_impulse_response,2,Timer-3.5,input_ablation_mase_degradation,-0.1113280493,0.01555478856,4,toto2.0,-0.03185233124,False,
gift-v15-medium-qualified-feasible-seed2026082701,GIFT-Medium,GIFT-Eval,medium,1,covariate_impulse_response,2,moirai2,input_ablation_mase_degradation,-1.004608761e-05,0,4,timesfm2.5,-3.348996094e-06,False,
gift-v15-medium-qualified-feasible-seed2026082701,GIFT-Medium,GIFT-Eval,medium,1,covariate_impulse_response,2,moirai2,input_ablation_mase_degradation,-0.0001031398249,-3.722141075e-08,4,toto2.0,-3.486732942e-05,True,moirai2
gift-v15-medium-qualified-feasible-seed2026082701,GIFT-Medium,GIFT-Eval,medium,1,covariate_impulse_response,2,timesfm2.5,input_ablation_mase_degradation,-9.309343709e-05,-3.662096092e-08,4,toto2.0,-3.151833332e-05,True,timesfm2.5
gift-v15-medium-qualified-feasible-seed2026082701,GIFT-Medium,GIFT-Eval,medium,1,covariate_impulse_response,3,Chronos-2,input_ablation_mase_degradation,-0.0001121081825,0.02022225098,4,Timer-3.5,0.0100550714,False,
gift-v15-medium-qualified-feasible-seed2026082701,GIFT-Medium,GIFT-Eval,medium,1,covariate_impulse_response,3,Chronos-2,input_ablation_mase_degradation,-0.0003470783304,0.01372995464,4,moirai2,0.004473040314,False,
gift-v15-medium-qualified-feasible-seed2026082701,GIFT-Medium,GIFT-Eval,medium,1,covariate_impulse_response,3,Chronos-2,input_ablation_mase_degradation,-0.0003491498766,0.01372991697,4,timesfm2.5,0.00447233638,False,
gift-v15-medium-qualified-feasible-seed2026082701,GIFT-Medium,GIFT-Eval,medium,1,covariate_impulse_response,3,Chronos-2,input_ablation_mase_degradation,-0.0004508027959,0.01372534729,4,toto2.0,0.004436859599,False,
gift-v15-medium-qualified-feasible-seed2026082701,GIFT-Medium,GIFT-Eval,medium,1,covariate_impulse_response,3,Timer-3.5,input_ablation_mase_degradation,-0.01450706261,0.0001483528157,4,moirai2,-0.005582031083,False,
gift-v15-medium-qualified-feasible-seed2026082701,GIFT-Medium,GIFT-Eval,medium,1,covariate_impulse_response,3,Timer-3.5,input_ablation_mase_degradation,-0.01450913545,0.0001483502317,4,timesfm2.5,-0.005582735017,False,
gift-v15-medium-qualified-feasible-seed2026082701,GIFT-Medium,GIFT-Eval,medium,1,covariate_impulse_response,3,Timer-3.5,input_ablation_mase_degradation,-0.01543091443,0.0001481424842,4,toto2.0,-0.005618211798,False,
gift-v15-medium-qualified-feasible-seed2026082701,GIFT-Medium,GIFT-Eval,medium,1,covariate_impulse_response,3,moirai2,input_ablation_mase_degradation,-2.072838271e-06,-2.584011852e-09,4,timesfm2.5,-7.039339994e-07,True,moirai2
gift-v15-medium-qualified-feasible-seed2026082701,GIFT-Medium,GIFT-Eval,medium,1,covariate_impulse_response,3,moirai2,input_ablation_mase_degradation,-0.0001038296313,-2.103315483e-07,4,toto2.0,-3.618071485e-05,True,moirai2
gift-v15-medium-qualified-feasible-seed2026082701,GIFT-Medium,GIFT-Eval,medium,1,covariate_impulse_response,3,timesfm2.5,input_ablation_mase_degradation,-0.000101756793,-2.077475365e-07,4,toto2.0,-3.547678085e-05,True,timesfm2.5
gift-v15-medium-qualified-feasible-seed2026082701,GIFT-Medium,GIFT-Eval,medium,1,covariate_impulse_response,4,Chronos-2,input_ablation_mase_degradation,-0.009671270434,0.004962810624,4,Timer-3.5,-0.001784185494,False,
gift-v15-medium-qualified-feasible-seed2026082701,GIFT-Medium,GIFT-Eval,medium,1,covariate_impulse_response,4,Chronos-2,input_ablation_mase_degradation,-0.004379191015,0.002120133933,4,moirai2,-0.0008268544231,False,
gift-v15-medium-qualified-feasible-seed2026082701,GIFT-Medium,GIFT-Eval,medium,1,covariate_impulse_response,4,Chronos-2,input_ablation_mase_degradation,-0.003989709233,0.002119355405,4,timesfm2.5,-0.000827175483,False,
gift-v15-medium-qualified-feasible-seed2026082701,GIFT-Medium,GIFT-Eval,medium,1,covariate_impulse_response,4,Chronos-2,input_ablation_mase_degradation,-0.003996790553,0.002114123194,4,toto2.0,-0.0008313708131,False,
gift-v15-medium-qualified-feasible-seed2026082701,GIFT-Medium,GIFT-Eval,medium,1,covariate_impulse_response,4,Timer-3.5,input_ablation_mase_degradation,-0.009342001638,0.0121808094,4,moirai2,0.0009573310706,False,
gift-v15-medium-qualified-feasible-seed2026082701,GIFT-Medium,GIFT-Eval,medium,1,covariate_impulse_response,4,Timer-3.5,input_ablation_mase_degradation,-0.009342058448,0.01218016443,4,timesfm2.5,0.0009570100108,False,
gift-v15-medium-qualified-feasible-seed2026082701,GIFT-Medium,GIFT-Eval,medium,1,covariate_impulse_response,4,Timer-3.5,input_ablation_mase_degradation,-0.009348739277,0.01217453173,4,toto2.0,0.0009528146806,False,
gift-v15-medium-qualified-feasible-seed2026082701,GIFT-Medium,GIFT-Eval,medium,1,covariate_impulse_response,4,moirai2,input_ablation_mase_degradation,-6.951928453e-07,5.307320237e-08,4,timesfm2.5,-3.210598215e-07,False,
gift-v15-medium-qualified-feasible-seed2026082701,GIFT-Medium,GIFT-Eval,medium,1,covariate_impulse_response,4,moirai2,input_ablation_mase_degradation,-8.498918395e-06,-5.33861553e-07,4,toto2.0,-4.516389974e-06,True,moirai2
gift-v15-medium-qualified-feasible-seed2026082701,GIFT-Medium,GIFT-Eval,medium,1,covariate_impulse_response,4,timesfm2.5,input_ablation_mase_degradation,-8.118201113e-06,-2.724591927e-07,4,toto2.0,-4.195330153e-06,True,timesfm2.5
gift-v15-medium-qualified-feasible-seed2026082701,GIFT-Medium,GIFT-Eval,medium,1,covariate_impulse_response,5,Chronos-2,input_ablation_mase_degradation,-0.1188538402,-0.000505038323,4,Timer-3.5,-0.05776925069,True,Chronos-2
gift-v15-medium-qualified-feasible-seed2026082701,GIFT-Medium,GIFT-Eval,medium,1,covariate_impulse_response,5,Chronos-2,input_ablation_mase_degradation,-0.1139163906,-0.0004465290041,4,moirai2,-0.03902447756,True,Chronos-2
gift-v15-medium-qualified-feasible-seed2026082701,GIFT-Medium,GIFT-Eval,medium,1,covariate_impulse_response,5,Chronos-2,input_ablation_mase_degradation,-0.1139164388,-0.0004465476337,4,timesfm2.5,-0.03902377319,True,Chronos-2
gift-v15-medium-qualified-feasible-seed2026082701,GIFT-Medium,GIFT-Eval,medium,1,covariate_impulse_response,5,Chronos-2,input_ablation_mase_degradation,-0.1139032803,-0.000447365156,4,toto2.0,-0.03894421144,True,Chronos-2
gift-v15-medium-qualified-feasible-seed2026082701,GIFT-Medium,GIFT-Eval,medium,1,covariate_impulse_response,5,Timer-3.5,input_ablation_mase_degradation,5.850931897e-05,0.05125385406,4,moirai2,0.01874477313,True,moirai2
gift-v15-medium-qualified-feasible-seed2026082701,GIFT-Medium,GIFT-Eval,medium,1,covariate_impulse_response,5,Timer-3.5,input_ablation_mase_degradation,5.849068934e-05,0.05125602797,4,timesfm2.5,0.01874547749,True,timesfm2.5
gift-v15-medium-qualified-feasible-seed2026082701,GIFT-Medium,GIFT-Eval,medium,1,covariate_impulse_response,5,Timer-3.5,input_ablation_mase_degradation,5.7673167e-05,0.05148279639,4,toto2.0,0.01882503924,True,toto2.0
gift-v15-medium-qualified-feasible-seed2026082701,GIFT-Medium,GIFT-Eval,medium,1,covariate_impulse_response,5,moirai2,input_ablation_mase_degradation,-4.240622409e-08,2.173909438e-06,4,timesfm2.5,7.043668108e-07,False,
gift-v15-medium-qualified-feasible-seed2026082701,GIFT-Medium,GIFT-Eval,medium,1,covariate_impulse_response,5,moirai2,input_ablation_mase_degradation,-8.361519724e-07,0.0002289423334,4,toto2.0,8.026611768e-05,False,
gift-v15-medium-qualified-feasible-seed2026082701,GIFT-Medium,GIFT-Eval,medium,1,covariate_impulse_response,5,timesfm2.5,input_ablation_mase_degradation,-8.175223415e-07,0.0002267684239,4,toto2.0,7.956175087e-05,False,
gift-v15-medium-qualified-feasible-seed2026082701,GIFT-Medium,GIFT-Eval,medium,1,cross_series_dependence,1,Chronos-2,input_ablation_mase_degradation,-0.02173337278,0.01438520411,6,Timer-3.5,-0.002058966249,False,
gift-v15-medium-qualified-feasible-seed2026082701,GIFT-Medium,GIFT-Eval,medium,1,cross_series_dependence,1,Chronos-2,input_ablation_mase_degradation,-0.01727340695,0.07420004513,6,moirai2,0.02363831254,False,
gift-v15-medium-qualified-feasible-seed2026082701,GIFT-Medium,GIFT-Eval,medium,1,cross_series_dependence,1,Chronos-2,input_ablation_mase_degradation,-0.01633078337,0.07612178165,6,timesfm2.5,0.02363836121,False,
gift-v15-medium-qualified-feasible-seed2026082701,GIFT-Medium,GIFT-Eval,medium,1,cross_series_dependence,1,Chronos-2,input_ablation_mase_degradation,-0.7331382634,-0.001234439005,6,toto2.0,-0.2503832132,True,Chronos-2
gift-v15-medium-qualified-feasible-seed2026082701,GIFT-Medium,GIFT-Eval,medium,1,cross_series_dependence,1,Timer-3.5,input_ablation_mase_degradation,-0.001184803478,0.07819458039,6,moirai2,0.02569727879,False,
gift-v15-medium-qualified-feasible-seed2026082701,GIFT-Medium,GIFT-Eval,medium,1,cross_series_dependence,1,Timer-3.5,input_ablation_mase_degradation,-0.001270559139,0.07805865401,6,timesfm2.5,0.02569732746,False,
gift-v15-medium-qualified-feasible-seed2026082701,GIFT-Medium,GIFT-Eval,medium,1,cross_series_dependence,1,Timer-3.5,input_ablation_mase_degradation,-0.7236772853,0.002661998683,6,toto2.0,-0.2483242469,False,
gift-v15-medium-qualified-feasible-seed2026082701,GIFT-Medium,GIFT-Eval,medium,1,cross_series_dependence,1,moirai2,input_ablation_mase_degradation,4.943680408e-10,1.324033841e-07,6,timesfm2.5,4.867175923e-08,True,timesfm2.5
gift-v15-medium-qualified-feasible-seed2026082701,GIFT-Medium,GIFT-Eval,medium,1,cross_series_dependence,1,moirai2,input_ablation_mase_degradation,-0.8063234164,0.002421605897,6,toto2.0,-0.2740215257,False,
gift-v15-medium-qualified-feasible-seed2026082701,GIFT-Medium,GIFT-Eval,medium,1,cross_series_dependence,1,timesfm2.5,input_ablation_mase_degradation,-0.8044822825,0.002162742023,6,toto2.0,-0.2740215744,False,
gift-v15-medium-qualified-feasible-seed2026082701,GIFT-Medium,GIFT-Eval,medium,1,cross_series_dependence,2,Chronos-2,input_ablation_mase_degradation,-0.07090901209,0.002411504693,6,Timer-3.5,-0.03000761148,False,
gift-v15-medium-qualified-feasible-seed2026082701,GIFT-Medium,GIFT-Eval,medium,1,cross_series_dependence,2,Chronos-2,input_ablation_mase_degradation,-0.02891024741,0.005175190306,6,moirai2,-0.01178469601,False,
gift-v15-medium-qualified-feasible-seed2026082701,GIFT-Medium,GIFT-Eval,medium,1,cross_series_dependence,2,Chronos-2,input_ablation_mase_degradation,-0.03003529843,0.00409255477,6,timesfm2.5,-0.01178472197,False,
gift-v15-medium-qualified-feasible-seed2026082701,GIFT-Medium,GIFT-Eval,medium,1,cross_series_dependence,2,Chronos-2,input_ablation_mase_degradation,-1.038226117,-0.005096993274,6,toto2.0,-0.3537869891,True,Chronos-2
gift-v15-medium-qualified-feasible-seed2026082701,GIFT-Medium,GIFT-Eval,medium,1,cross_series_dependence,2,Timer-3.5,input_ablation_mase_degradation,0.0002170395042,0.04978583753,6,moirai2,0.01822291546,True,moirai2
gift-v15-medium-qualified-feasible-seed2026082701,GIFT-Medium,GIFT-Eval,medium,1,cross_series_dependence,2,Timer-3.5,input_ablation_mase_degradation,0.0001749828713,0.04978669421,6,timesfm2.5,0.01822288951,True,timesfm2.5
gift-v15-medium-qualified-feasible-seed2026082701,GIFT-Medium,GIFT-Eval,medium,1,cross_series_dependence,2,Timer-3.5,input_ablation_mase_degradation,-0.9728895799,0.009414492519,6,toto2.0,-0.3237793776,False,
gift-v15-medium-qualified-feasible-seed2026082701,GIFT-Medium,GIFT-Eval,medium,1,cross_series_dependence,2,moirai2,input_ablation_mase_degradation,-7.777069945e-08,3.773586891e-08,6,timesfm2.5,-2.595413962e-08,False,
gift-v15-medium-qualified-feasible-seed2026082701,GIFT-Medium,GIFT-Eval,medium,1,cross_series_dependence,2,moirai2,input_ablation_mase_degradation,-1.021736163,0.006534146547,6,toto2.0,-0.3420022931,False,
gift-v15-medium-qualified-feasible-seed2026082701,GIFT-Medium,GIFT-Eval,medium,1,cross_series_dependence,2,timesfm2.5,input_ablation_mase_degradation,-1.020543454,0.006664636631,6,toto2.0,-0.3420022671,False,
gift-v15-medium-qualified-feasible-seed2026082701,GIFT-Medium,GIFT-Eval,medium,1,cross_series_dependence,3,Chronos-2,input_ablation_mase_degradation,-0.01947181082,0.1251864955,6,Timer-3.5,0.03462348455,False,
gift-v15-medium-qualified-feasible-seed2026082701,GIFT-Medium,GIFT-Eval,medium,1,cross_series_dependence,3,Chronos-2,input_ablation_mase_degradation,-0.02156539475,0.08683074802,6,moirai2,0.0215144124,False,
gift-v15-medium-qualified-feasible-seed2026082701,GIFT-Medium,GIFT-Eval,medium,1,cross_series_dependence,3,Chronos-2,input_ablation_mase_degradation,-0.02156539318,0.08950907592,6,timesfm2.5,0.02151437653,False,
gift-v15-medium-qualified-feasible-seed2026082701,GIFT-Medium,GIFT-Eval,medium,1,cross_series_dependence,3,Chronos-2,input_ablation_mase_degradation,-0.8718926057,-0.005902666368,6,toto2.0,-0.299755951,True,Chronos-2
gift-v15-medium-qualified-feasible-seed2026082701,GIFT-Medium,GIFT-Eval,medium,1,cross_series_dependence,3,Timer-3.5,input_ablation_mase_degradation,-0.03961447052,0.002276046004,6,moirai2,-0.01310907214,False,
gift-v15-medium-qualified-feasible-seed2026082701,GIFT-Medium,GIFT-Eval,medium,1,cross_series_dependence,3,Timer-3.5,input_ablation_mase_degradation,-0.03870394159,0.002298695946,6,timesfm2.5,-0.01310910802,False,
gift-v15-medium-qualified-feasible-seed2026082701,GIFT-Medium,GIFT-Eval,medium,1,cross_series_dependence,3,Timer-3.5,input_ablation_mase_degradation,-0.9948501175,0.0006834027011,6,toto2.0,-0.3343794356,False,
gift-v15-medium-qualified-feasible-seed2026082701,GIFT-Medium,GIFT-Eval,medium,1,cross_series_dependence,3,moirai2,input_ablation_mase_degradation,-8.150275298e-08,8.944771373e-09,6,timesfm2.5,-3.587052189e-08,False,
gift-v15-medium-qualified-feasible-seed2026082701,GIFT-Medium,GIFT-Eval,medium,1,cross_series_dependence,3,moirai2,input_ablation_mase_degradation,-0.9587029721,0.00345164357,6,toto2.0,-0.3212703634,False,
gift-v15-medium-qualified-feasible-seed2026082701,GIFT-Medium,GIFT-Eval,medium,1,cross_series_dependence,3,timesfm2.5,input_ablation_mase_degradation,-0.9582108449,0.00372841652,6,toto2.0,-0.3212703275,False,
gift-v15-medium-qualified-feasible-seed2026082701,GIFT-Medium,GIFT-Eval,medium,1,cross_series_dependence,4,Chronos-2,input_ablation_mase_degradation,-0.02231403997,0.07793550285,6,Timer-3.5,0.01589115819,False,
gift-v15-medium-qualified-feasible-seed2026082701,GIFT-Medium,GIFT-Eval,medium,1,cross_series_dependence,4,Chronos-2,input_ablation_mase_degradation,-0.01510863692,0.03381191113,6,moirai2,0.004665719117,False,
gift-v15-medium-qualified-feasible-seed2026082701,GIFT-Medium,GIFT-Eval,medium,1,cross_series_dependence,4,Chronos-2,input_ablation_mase_degradation,-0.01497628223,0.03381192819,6,timesfm2.5,0.004665624685,False,
gift-v15-medium-qualified-feasible-seed2026082701,GIFT-Medium,GIFT-Eval,medium,1,cross_series_dependence,4,Chronos-2,input_ablation_mase_degradation,-1.280494835,0.01644708322,6,toto2.0,-0.4253151317,False,
gift-v15-medium-qualified-feasible-seed2026082701,GIFT-Medium,GIFT-Eval,medium,1,cross_series_dependence,4,Timer-3.5,input_ablation_mase_degradation,-0.04801323747,0.01333255343,6,moirai2,-0.01122543908,False,
gift-v15-medium-qualified-feasible-seed2026082701,GIFT-Medium,GIFT-Eval,medium,1,cross_series_dependence,4,Timer-3.5,input_ablation_mase_degradation,-0.04803164824,0.01382721603,6,timesfm2.5,-0.01122553351,False,
gift-v15-medium-qualified-feasible-seed2026082701,GIFT-Medium,GIFT-Eval,medium,1,cross_series_dependence,4,Timer-3.5,input_ablation_mase_degradation,-1.363773863,0.03555521612,6,toto2.0,-0.4412062899,False,
gift-v15-medium-qualified-feasible-seed2026082701,GIFT-Medium,GIFT-Eval,medium,1,cross_series_dependence,4,moirai2,input_ablation_mase_degradation,-3.402905362e-07,6.139127239e-08,6,timesfm2.5,-9.443273869e-08,False,
gift-v15-medium-qualified-feasible-seed2026082701,GIFT-Medium,GIFT-Eval,medium,1,cross_series_dependence,4,moirai2,input_ablation_mase_degradation,-1.312140949,0.02497070125,6,toto2.0,-0.4299808508,False,
gift-v15-medium-qualified-feasible-seed2026082701,GIFT-Medium,GIFT-Eval,medium,1,cross_series_dependence,4,timesfm2.5,input_ablation_mase_degradation,-1.315130854,0.02561639048,6,toto2.0,-0.4299807564,False,
gift-v15-medium-qualified-feasible-seed2026082701,GIFT-Medium,GIFT-Eval,medium,1,cross_series_dependence,5,Chronos-2,input_ablation_mase_degradation,-0.02460908861,0.04120628489,6,Timer-3.5,0.008472189705,False,
gift-v15-medium-qualified-feasible-seed2026082701,GIFT-Medium,GIFT-Eval,medium,1,cross_series_dependence,5,Chronos-2,input_ablation_mase_degradation,-0.04753714375,0.01618442683,6,moirai2,-0.01517413623,False,
gift-v15-medium-qualified-feasible-seed2026082701,GIFT-Medium,GIFT-Eval,medium,1,cross_series_dependence,5,Chronos-2,input_ablation_mase_degradation,-0.04869227902,0.01342661874,6,timesfm2.5,-0.01517449395,False,
gift-v15-medium-qualified-feasible-seed2026082701,GIFT-Medium,GIFT-Eval,medium,1,cross_series_dependence,5,Chronos-2,input_ablation_mase_degradation,-1.287073279,0.08063424579,6,toto2.0,-0.4018374643,False,
gift-v15-medium-qualified-feasible-seed2026082701,GIFT-Medium,GIFT-Eval,medium,1,cross_series_dependence,5,Timer-3.5,input_ablation_mase_degradation,-0.07650337934,0.004817092382,6,moirai2,-0.02364632593,False,
gift-v15-medium-qualified-feasible-seed2026082701,GIFT-Medium,GIFT-Eval,medium,1,cross_series_dependence,5,Timer-3.5,input_ablation_mase_degradation,-0.07670478481,0.005356406808,6,timesfm2.5,-0.02364668365,False,
gift-v15-medium-qualified-feasible-seed2026082701,GIFT-Medium,GIFT-Eval,medium,1,cross_series_dependence,5,Timer-3.5,input_ablation_mase_degradation,-1.316755985,0.07833182889,6,toto2.0,-0.410309654,False,
gift-v15-medium-qualified-feasible-seed2026082701,GIFT-Medium,GIFT-Eval,medium,1,cross_series_dependence,5,moirai2,input_ablation_mase_degradation,-1.163915464e-06,1.821454348e-07,6,timesfm2.5,-3.577176812e-07,False,
gift-v15-medium-qualified-feasible-seed2026082701,GIFT-Medium,GIFT-Eval,medium,1,cross_series_dependence,5,moirai2,input_ablation_mase_degradation,-1.23868634,0.06704587145,6,toto2.0,-0.3866633281,False,
gift-v15-medium-qualified-feasible-seed2026082701,GIFT-Medium,GIFT-Eval,medium,1,cross_series_dependence,5,timesfm2.5,input_ablation_mase_degradation,-1.241565811,0.0728057103,6,toto2.0,-0.3866629704,False,
gift-v15-medium-qualified-feasible-seed2026082701,GIFT-Medium,GIFT-Eval,medium,1,,,Chronos-2,official_mase,-0.2718699803,0.1574816978,11,Timer-3.5,-0.03285321636,False,
gift-v15-medium-qualified-feasible-seed2026082701,GIFT-Medium,GIFT-Eval,medium,1,,,Chronos-2,official_mase,-1.932224527,-0.1201718721,11,moirai2,-0.8164942586,True,Chronos-2
gift-v15-medium-qualified-feasible-seed2026082701,GIFT-Medium,GIFT-Eval,medium,1,,,Chronos-2,official_mase,-0.1755003265,0.05577218402,11,timesfm2.5,-0.04139169957,False,
gift-v15-medium-qualified-feasible-seed2026082701,GIFT-Medium,GIFT-Eval,medium,1,,,Chronos-2,official_mase,-7.984608329,-0.06093985959,11,toto2.0,-2.745463936,True,Chronos-2
gift-v15-medium-qualified-feasible-seed2026082701,GIFT-Medium,GIFT-Eval,medium,1,,,Timer-3.5,official_mase,-1.90767543,-0.06216002435,11,moirai2,-0.7836410423,True,Timer-3.5
gift-v15-medium-qualified-feasible-seed2026082701,GIFT-Medium,GIFT-Eval,medium,1,,,Timer-3.5,official_mase,-0.1402128435,0.1138652062,11,timesfm2.5,-0.008538483211,False,
gift-v15-medium-qualified-feasible-seed2026082701,GIFT-Medium,GIFT-Eval,medium,1,,,Timer-3.5,official_mase,-7.953221707,0.007383322514,11,toto2.0,-2.71261072,False,
gift-v15-medium-qualified-feasible-seed2026082701,GIFT-Medium,GIFT-Eval,medium,1,,,moirai2,official_mase,0.1033564276,1.883680039,11,timesfm2.5,0.7751025591,True,timesfm2.5
gift-v15-medium-qualified-feasible-seed2026082701,GIFT-Medium,GIFT-Eval,medium,1,,,moirai2,official_mase,-6.136186065,0.2735357559,11,toto2.0,-1.928969677,False,
gift-v15-medium-qualified-feasible-seed2026082701,GIFT-Medium,GIFT-Eval,medium,1,,,timesfm2.5,official_mase,-7.896105341,-0.04941778345,11,toto2.0,-2.704072236,True,timesfm2.5
gift-v15-long-qualified-feasible-seed2026082701,GIFT-Long,GIFT-Eval,long,2,common_factor,1,Chronos-2,capability_effect_nrmse,-0.4875632028,-0.1912555124,4,Timer-3.5,-0.3251662225,True,Chronos-2
gift-v15-long-qualified-feasible-seed2026082701,GIFT-Long,GIFT-Eval,long,2,common_factor,1,Chronos-2,capability_effect_nrmse,-1.638567859,-0.4311954412,4,moirai2,-0.8558743977,True,Chronos-2
gift-v15-long-qualified-feasible-seed2026082701,GIFT-Long,GIFT-Eval,long,2,common_factor,1,Chronos-2,capability_effect_nrmse,-0.6263431176,-0.1974343292,4,timesfm2.5,-0.4118887234,True,Chronos-2
gift-v15-long-qualified-feasible-seed2026082701,GIFT-Long,GIFT-Eval,long,2,common_factor,1,Chronos-2,capability_effect_nrmse,-0.4985282634,-0.05048658296,4,toto2.0,-0.2804936272,True,Chronos-2
gift-v15-long-qualified-feasible-seed2026082701,GIFT-Long,GIFT-Eval,long,2,common_factor,1,Timer-3.5,capability_effect_nrmse,-1.141028448,-0.1886072627,4,moirai2,-0.5307081752,True,Timer-3.5
gift-v15-long-qualified-feasible-seed2026082701,GIFT-Long,GIFT-Eval,long,2,common_factor,1,Timer-3.5,capability_effect_nrmse,-0.2561442683,0.02584700153,4,timesfm2.5,-0.08672250086,False,
gift-v15-long-qualified-feasible-seed2026082701,GIFT-Long,GIFT-Eval,long,2,common_factor,1,Timer-3.5,capability_effect_nrmse,-0.04907434374,0.1512162088,4,toto2.0,0.04467259537,False,
gift-v15-long-qualified-feasible-seed2026082701,GIFT-Long,GIFT-Eval,long,2,common_factor,1,moirai2,capability_effect_nrmse,-0.05985849569,1.158054407,4,timesfm2.5,0.4439856743,False,
gift-v15-long-qualified-feasible-seed2026082701,GIFT-Long,GIFT-Eval,long,2,common_factor,1,moirai2,capability_effect_nrmse,0.1765215682,1.158935677,4,toto2.0,0.5753807705,True,toto2.0
gift-v15-long-qualified-feasible-seed2026082701,GIFT-Long,GIFT-Eval,long,2,common_factor,1,timesfm2.5,capability_effect_nrmse,-0.06379178251,0.326581975,4,toto2.0,0.1313950962,False,
gift-v15-long-qualified-feasible-seed2026082701,GIFT-Long,GIFT-Eval,long,2,common_factor,2,Chronos-2,capability_effect_nrmse,-0.5299154788,-0.1804674387,4,Timer-3.5,-0.3422802886,True,Chronos-2
gift-v15-long-qualified-feasible-seed2026082701,GIFT-Long,GIFT-Eval,long,2,common_factor,2,Chronos-2,capability_effect_nrmse,-1.671338427,-0.4379531098,4,moirai2,-0.8920083917,True,Chronos-2
gift-v15-long-qualified-feasible-seed2026082701,GIFT-Long,GIFT-Eval,long,2,common_factor,2,Chronos-2,capability_effect_nrmse,-0.650850058,-0.2005692297,4,timesfm2.5,-0.4253876538,True,Chronos-2
gift-v15-long-qualified-feasible-seed2026082701,GIFT-Long,GIFT-Eval,long,2,common_factor,2,Chronos-2,capability_effect_nrmse,-0.5326865516,-0.0984187477,4,toto2.0,-0.2994241467,True,Chronos-2
gift-v15-long-qualified-feasible-seed2026082701,GIFT-Long,GIFT-Eval,long,2,common_factor,2,Timer-3.5,capability_effect_nrmse,-1.103427613,-0.1793712651,4,moirai2,-0.5497281031,True,Timer-3.5
gift-v15-long-qualified-feasible-seed2026082701,GIFT-Long,GIFT-Eval,long,2,common_factor,2,Timer-3.5,capability_effect_nrmse,-0.2517163532,0.02249604843,4,timesfm2.5,-0.08310736523,False,
gift-v15-long-qualified-feasible-seed2026082701,GIFT-Long,GIFT-Eval,long,2,common_factor,2,Timer-3.5,capability_effect_nrmse,-0.05816137044,0.1438736542,4,toto2.0,0.04285614187,False,
gift-v15-long-qualified-feasible-seed2026082701,GIFT-Long,GIFT-Eval,long,2,common_factor,2,moirai2,capability_effect_nrmse,-0.02476675205,1.134455227,4,timesfm2.5,0.4666207379,False,
gift-v15-long-qualified-feasible-seed2026082701,GIFT-Long,GIFT-Eval,long,2,common_factor,2,moirai2,capability_effect_nrmse,0.19398678,1.138651875,4,toto2.0,0.592584245,True,toto2.0
gift-v15-long-qualified-feasible-seed2026082701,GIFT-Long,GIFT-Eval,long,2,common_factor,2,timesfm2.5,capability_effect_nrmse,-0.07783355931,0.3530331915,4,toto2.0,0.1259635071,False,
gift-v15-long-qualified-feasible-seed2026082701,GIFT-Long,GIFT-Eval,long,2,common_factor,3,Chronos-2,capability_effect_nrmse,-0.5887926557,-0.1906774304,4,Timer-3.5,-0.3659848689,True,Chronos-2
gift-v15-long-qualified-feasible-seed2026082701,GIFT-Long,GIFT-Eval,long,2,common_factor,3,Chronos-2,capability_effect_nrmse,-1.357070464,-0.4021312544,4,moirai2,-0.7414811872,True,Chronos-2
gift-v15-long-qualified-feasible-seed2026082701,GIFT-Long,GIFT-Eval,long,2,common_factor,3,Chronos-2,capability_effect_nrmse,-0.6729944907,-0.1700753453,4,timesfm2.5,-0.421534918,True,Chronos-2
gift-v15-long-qualified-feasible-seed2026082701,GIFT-Long,GIFT-Eval,long,2,common_factor,3,Chronos-2,capability_effect_nrmse,-0.5285433862,-0.0904509523,4,toto2.0,-0.2939389736,True,Chronos-2
gift-v15-long-qualified-feasible-seed2026082701,GIFT-Long,GIFT-Eval,long,2,common_factor,3,Timer-3.5,capability_effect_nrmse,-0.7486249771,-0.1213298346,4,moirai2,-0.3754963183,True,Timer-3.5
gift-v15-long-qualified-feasible-seed2026082701,GIFT-Long,GIFT-Eval,long,2,common_factor,3,Timer-3.5,capability_effect_nrmse,-0.2141947239,0.04313859678,4,timesfm2.5,-0.05555004911,False,
gift-v15-long-qualified-feasible-seed2026082701,GIFT-Long,GIFT-Eval,long,2,common_factor,3,Timer-3.5,capability_effect_nrmse,-0.07265105796,0.1861057464,4,toto2.0,0.07204589531,False,
gift-v15-long-qualified-feasible-seed2026082701,GIFT-Long,GIFT-Eval,long,2,common_factor,3,moirai2,capability_effect_nrmse,-0.06564983316,0.770639619,4,timesfm2.5,0.3199462692,False,
gift-v15-long-qualified-feasible-seed2026082701,GIFT-Long,GIFT-Eval,long,2,common_factor,3,moirai2,capability_effect_nrmse,0.1393086722,0.8285270782,4,toto2.0,0.4475422137,True,toto2.0
gift-v15-long-qualified-feasible-seed2026082701,GIFT-Long,GIFT-Eval,long,2,common_factor,3,timesfm2.5,capability_effect_nrmse,-0.07705703776,0.3959391926,4,toto2.0,0.1275959444,False,
gift-v15-long-qualified-feasible-seed2026082701,GIFT-Long,GIFT-Eval,long,2,common_factor,4,Chronos-2,capability_effect_nrmse,-0.6130822529,-0.1853050311,4,Timer-3.5,-0.3700296396,True,Chronos-2
gift-v15-long-qualified-feasible-seed2026082701,GIFT-Long,GIFT-Eval,long,2,common_factor,4,Chronos-2,capability_effect_nrmse,-0.9160339105,-0.2936274142,4,moirai2,-0.5274824461,True,Chronos-2
gift-v15-long-qualified-feasible-seed2026082701,GIFT-Long,GIFT-Eval,long,2,common_factor,4,Chronos-2,capability_effect_nrmse,-0.6153632458,-0.1050552585,4,timesfm2.5,-0.3602092522,True,Chronos-2
gift-v15-long-qualified-feasible-seed2026082701,GIFT-Long,GIFT-Eval,long,2,common_factor,4,Chronos-2,capability_effect_nrmse,-0.5217895412,-0.04849761987,4,toto2.0,-0.2742833125,True,Chronos-2
gift-v15-long-qualified-feasible-seed2026082701,GIFT-Long,GIFT-Eval,long,2,common_factor,4,Timer-3.5,capability_effect_nrmse,-0.2819915446,-0.057208791,4,moirai2,-0.1574528065,True,Timer-3.5
gift-v15-long-qualified-feasible-seed2026082701,GIFT-Long,GIFT-Eval,long,2,common_factor,4,Timer-3.5,capability_effect_nrmse,-0.1165069271,0.1020031987,4,timesfm2.5,0.009820387397,False,
gift-v15-long-qualified-feasible-seed2026082701,GIFT-Long,GIFT-Eval,long,2,common_factor,4,Timer-3.5,capability_effect_nrmse,-0.0742795173,0.2435136827,4,toto2.0,0.09574632707,False,
gift-v15-long-qualified-feasible-seed2026082701,GIFT-Long,GIFT-Eval,long,2,common_factor,4,moirai2,capability_effect_nrmse,-0.059689498,0.3484026657,4,timesfm2.5,0.1672731939,False,
gift-v15-long-qualified-feasible-seed2026082701,GIFT-Long,GIFT-Eval,long,2,common_factor,4,moirai2,capability_effect_nrmse,0.1151966064,0.3942443693,4,toto2.0,0.2531991336,True,toto2.0
gift-v15-long-qualified-feasible-seed2026082701,GIFT-Long,GIFT-Eval,long,2,common_factor,4,timesfm2.5,capability_effect_nrmse,-0.1149063487,0.3562689443,4,toto2.0,0.08592593967,False,
gift-v15-long-qualified-feasible-seed2026082701,GIFT-Long,GIFT-Eval,long,2,common_factor,5,Chronos-2,capability_effect_nrmse,-0.5991831637,-0.1953688723,4,Timer-3.5,-0.3638596329,True,Chronos-2
gift-v15-long-qualified-feasible-seed2026082701,GIFT-Long,GIFT-Eval,long,2,common_factor,5,Chronos-2,capability_effect_nrmse,-0.9059680521,-0.1687850001,4,moirai2,-0.4783611623,True,Chronos-2
gift-v15-long-qualified-feasible-seed2026082701,GIFT-Long,GIFT-Eval,long,2,common_factor,5,Chronos-2,capability_effect_nrmse,-0.573842097,-0.05426632318,4,timesfm2.5,-0.3140542101,True,Chronos-2
gift-v15-long-qualified-feasible-seed2026082701,GIFT-Long,GIFT-Eval,long,2,common_factor,5,Chronos-2,capability_effect_nrmse,-0.4678322574,-0.02081310109,4,toto2.0,-0.2412897495,True,Chronos-2
gift-v15-long-qualified-feasible-seed2026082701,GIFT-Long,GIFT-Eval,long,2,common_factor,5,Timer-3.5,capability_effect_nrmse,-0.2846830711,0.01413421749,4,moirai2,-0.1145015294,False,
gift-v15-long-qualified-feasible-seed2026082701,GIFT-Long,GIFT-Eval,long,2,common_factor,5,Timer-3.5,capability_effect_nrmse,-0.08008534507,0.1544070507,4,timesfm2.5,0.04980542278,False,
gift-v15-long-qualified-feasible-seed2026082701,GIFT-Long,GIFT-Eval,long,2,common_factor,5,Timer-3.5,capability_effect_nrmse,-0.02046557622,0.2559917184,4,toto2.0,0.1225698834,False,
gift-v15-long-qualified-feasible-seed2026082701,GIFT-Long,GIFT-Eval,long,2,common_factor,5,moirai2,capability_effect_nrmse,-0.03054874482,0.3522976352,4,timesfm2.5,0.1643069522,False,
gift-v15-long-qualified-feasible-seed2026082701,GIFT-Long,GIFT-Eval,long,2,common_factor,5,moirai2,capability_effect_nrmse,0.06778876714,0.4063540585,4,toto2.0,0.2370714128,True,toto2.0
gift-v15-long-qualified-feasible-seed2026082701,GIFT-Long,GIFT-Eval,long,2,common_factor,5,timesfm2.5,capability_effect_nrmse,-0.1163627319,0.3238756632,4,toto2.0,0.07276446061,False,
gift-v15-long-qualified-feasible-seed2026082701,GIFT-Long,GIFT-Eval,long,2,covariate_impulse_response,1,Chronos-2,capability_effect_nrmse,-0.2839628407,-0.03380451622,3,Timer-3.5,-0.1278559578,True,Chronos-2
gift-v15-long-qualified-feasible-seed2026082701,GIFT-Long,GIFT-Eval,long,2,covariate_impulse_response,1,Chronos-2,capability_effect_nrmse,-0.2658432096,0.1588863429,3,moirai2,-0.01477912019,False,
gift-v15-long-qualified-feasible-seed2026082701,GIFT-Long,GIFT-Eval,long,2,covariate_impulse_response,1,Chronos-2,capability_effect_nrmse,-0.0593064433,0.1973599945,3,timesfm2.5,0.084716087,False,
gift-v15-long-qualified-feasible-seed2026082701,GIFT-Long,GIFT-Eval,long,2,covariate_impulse_response,1,Chronos-2,capability_effect_nrmse,-3.440970179,0.2859507364,3,toto2.0,-1.055107095,False,
gift-v15-long-qualified-feasible-seed2026082701,GIFT-Long,GIFT-Eval,long,2,covariate_impulse_response,1,Timer-3.5,capability_effect_nrmse,0.01811963108,0.2246868593,3,moirai2,0.1130768376,True,moirai2
gift-v15-long-qualified-feasible-seed2026082701,GIFT-Long,GIFT-Eval,long,2,covariate_impulse_response,1,Timer-3.5,capability_effect_nrmse,-0.02550192708,0.4813228353,3,timesfm2.5,0.2125720448,False,
gift-v15-long-qualified-feasible-seed2026082701,GIFT-Long,GIFT-Eval,long,2,covariate_impulse_response,1,Timer-3.5,capability_effect_nrmse,-3.157007338,0.3517512528,3,toto2.0,-0.9272511375,False,
gift-v15-long-qualified-feasible-seed2026082701,GIFT-Long,GIFT-Eval,long,2,covariate_impulse_response,1,moirai2,capability_effect_nrmse,-0.1219259495,0.4632032042,3,timesfm2.5,0.09949520718,False,
gift-v15-long-qualified-feasible-seed2026082701,GIFT-Long,GIFT-Eval,long,2,covariate_impulse_response,1,moirai2,capability_effect_nrmse,-3.175126969,0.1270643935,3,toto2.0,-1.040327975,False,
gift-v15-long-qualified-feasible-seed2026082701,GIFT-Long,GIFT-Eval,long,2,covariate_impulse_response,1,timesfm2.5,capability_effect_nrmse,-3.638330174,0.1698560266,3,toto2.0,-1.139823182,False,
gift-v15-long-qualified-feasible-seed2026082701,GIFT-Long,GIFT-Eval,long,2,covariate_impulse_response,2,Chronos-2,capability_effect_nrmse,-0.4980223021,-0.04766351324,3,Timer-3.5,-0.2067629953,True,Chronos-2
gift-v15-long-qualified-feasible-seed2026082701,GIFT-Long,GIFT-Eval,long,2,covariate_impulse_response,2,Chronos-2,capability_effect_nrmse,-0.2747576899,0.06568483166,3,moirai2,-0.05233603315,False,
gift-v15-long-qualified-feasible-seed2026082701,GIFT-Long,GIFT-Eval,long,2,covariate_impulse_response,2,Chronos-2,capability_effect_nrmse,0.04111817873,0.1440530617,3,timesfm2.5,0.08059937793,True,timesfm2.5
gift-v15-long-qualified-feasible-seed2026082701,GIFT-Long,GIFT-Eval,long,2,covariate_impulse_response,2,Chronos-2,capability_effect_nrmse,-1.945122296,0.2422494965,3,toto2.0,-0.5517683978,False,
gift-v15-long-qualified-feasible-seed2026082701,GIFT-Long,GIFT-Eval,long,2,covariate_impulse_response,2,Timer-3.5,capability_effect_nrmse,0.09972827198,0.2232646122,3,moirai2,0.1544269621,True,moirai2
gift-v15-long-qualified-feasible-seed2026082701,GIFT-Long,GIFT-Eval,long,2,covariate_impulse_response,2,Timer-3.5,capability_effect_nrmse,0.08878169197,0.6420753638,3,timesfm2.5,0.2873623732,True,timesfm2.5
gift-v15-long-qualified-feasible-seed2026082701,GIFT-Long,GIFT-Eval,long,2,covariate_impulse_response,2,Timer-3.5,capability_effect_nrmse,-1.447099993,0.316852667,3,toto2.0,-0.3450054025,False,
gift-v15-long-qualified-feasible-seed2026082701,GIFT-Long,GIFT-Eval,long,2,covariate_impulse_response,2,moirai2,capability_effect_nrmse,-0.01094658001,0.4188107516,3,timesfm2.5,0.1329354111,False,
gift-v15-long-qualified-feasible-seed2026082701,GIFT-Long,GIFT-Eval,long,2,covariate_impulse_response,2,moirai2,capability_effect_nrmse,-1.670364606,0.1765646648,3,toto2.0,-0.4994323646,False,
gift-v15-long-qualified-feasible-seed2026082701,GIFT-Long,GIFT-Eval,long,2,covariate_impulse_response,2,timesfm2.5,capability_effect_nrmse,-2.089175357,0.1856226031,3,toto2.0,-0.6323677757,False,
gift-v15-long-qualified-feasible-seed2026082701,GIFT-Long,GIFT-Eval,long,2,covariate_impulse_response,3,Chronos-2,capability_effect_nrmse,-0.5259799974,-0.04393390999,3,Timer-3.5,-0.218095337,True,Chronos-2
gift-v15-long-qualified-feasible-seed2026082701,GIFT-Long,GIFT-Eval,long,2,covariate_impulse_response,3,Chronos-2,capability_effect_nrmse,-0.3003950484,0.02714174321,3,moirai2,-0.0854533011,False,
gift-v15-long-qualified-feasible-seed2026082701,GIFT-Long,GIFT-Eval,long,2,covariate_impulse_response,3,Chronos-2,capability_effect_nrmse,-0.007974481218,0.1358506494,3,timesfm2.5,0.07798973147,False,
gift-v15-long-qualified-feasible-seed2026082701,GIFT-Long,GIFT-Eval,long,2,covariate_impulse_response,3,Chronos-2,capability_effect_nrmse,-1.404272377,0.1832520314,3,toto2.0,-0.3749641939,False,
gift-v15-long-qualified-feasible-seed2026082701,GIFT-Long,GIFT-Eval,long,2,covariate_impulse_response,3,Timer-3.5,capability_effect_nrmse,0.0710756532,0.2255849491,3,moirai2,0.1326420359,True,moirai2
gift-v15-long-qualified-feasible-seed2026082701,GIFT-Long,GIFT-Eval,long,2,covariate_impulse_response,3,Timer-3.5,capability_effect_nrmse,0.07639762235,0.6618306469,3,timesfm2.5,0.2960850685,True,timesfm2.5
gift-v15-long-qualified-feasible-seed2026082701,GIFT-Long,GIFT-Eval,long,2,covariate_impulse_response,3,Timer-3.5,capability_effect_nrmse,-0.8782923798,0.267624135,3,toto2.0,-0.1568688569,False,
gift-v15-long-qualified-feasible-seed2026082701,GIFT-Long,GIFT-Eval,long,2,covariate_impulse_response,3,moirai2,capability_effect_nrmse,-0.02486788309,0.4362456978,3,timesfm2.5,0.1634430326,False,
gift-v15-long-qualified-feasible-seed2026082701,GIFT-Long,GIFT-Eval,long,2,covariate_impulse_response,3,moirai2,capability_effect_nrmse,-1.103877329,0.1663586296,3,toto2.0,-0.2895108928,False,
gift-v15-long-qualified-feasible-seed2026082701,GIFT-Long,GIFT-Eval,long,2,covariate_impulse_response,3,timesfm2.5,capability_effect_nrmse,-1.540123027,0.1912265126,3,toto2.0,-0.4529539254,False,
gift-v15-long-qualified-feasible-seed2026082701,GIFT-Long,GIFT-Eval,long,2,covariate_impulse_response,4,Chronos-2,capability_effect_nrmse,-0.499678228,-0.04668010196,3,Timer-3.5,-0.2291099104,True,Chronos-2
gift-v15-long-qualified-feasible-seed2026082701,GIFT-Long,GIFT-Eval,long,2,covariate_impulse_response,4,Chronos-2,capability_effect_nrmse,-0.3492152224,0.01000700657,3,moirai2,-0.1371373418,False,
gift-v15-long-qualified-feasible-seed2026082701,GIFT-Long,GIFT-Eval,long,2,covariate_impulse_response,4,Chronos-2,capability_effect_nrmse,-0.08872866665,0.1256928343,3,timesfm2.5,0.05407861591,False,
gift-v15-long-qualified-feasible-seed2026082701,GIFT-Long,GIFT-Eval,long,2,covariate_impulse_response,4,Chronos-2,capability_effect_nrmse,-0.8528025802,0.1207344195,3,toto2.0,-0.2051582117,False,
gift-v15-long-qualified-feasible-seed2026082701,GIFT-Long,GIFT-Eval,long,2,covariate_impulse_response,4,Timer-3.5,capability_effect_nrmse,0.05668710853,0.1504630056,3,moirai2,0.09197256862,True,moirai2
gift-v15-long-qualified-feasible-seed2026082701,GIFT-Long,GIFT-Eval,long,2,covariate_impulse_response,4,Timer-3.5,capability_effect_nrmse,0.05224273456,0.6253710622,3,timesfm2.5,0.2831885263,True,timesfm2.5
gift-v15-long-qualified-feasible-seed2026082701,GIFT-Long,GIFT-Eval,long,2,covariate_impulse_response,4,Timer-3.5,capability_effect_nrmse,-0.3531243522,0.257564927,3,toto2.0,0.02395169872,False,
gift-v15-long-qualified-feasible-seed2026082701,GIFT-Long,GIFT-Eval,long,2,covariate_impulse_response,4,moirai2,capability_effect_nrmse,-0.0165248572,0.4749080567,3,timesfm2.5,0.1912159577,False,
gift-v15-long-qualified-feasible-seed2026082701,GIFT-Long,GIFT-Eval,long,2,covariate_impulse_response,4,moirai2,capability_effect_nrmse,-0.5035873578,0.1887973352,3,toto2.0,-0.0680208699,False,
gift-v15-long-qualified-feasible-seed2026082701,GIFT-Long,GIFT-Eval,long,2,covariate_impulse_response,4,timesfm2.5,capability_effect_nrmse,-0.9784954145,0.2053221924,3,toto2.0,-0.2592368276,False,
gift-v15-long-qualified-feasible-seed2026082701,GIFT-Long,GIFT-Eval,long,2,covariate_impulse_response,5,Chronos-2,capability_effect_nrmse,-0.4110176947,0.009228844925,3,Timer-3.5,-0.1992072553,False,
gift-v15-long-qualified-feasible-seed2026082701,GIFT-Long,GIFT-Eval,long,2,covariate_impulse_response,5,Chronos-2,capability_effect_nrmse,-0.3746910949,9.705805729e-05,3,moirai2,-0.1747847218,False,
gift-v15-long-qualified-feasible-seed2026082701,GIFT-Long,GIFT-Eval,long,2,covariate_impulse_response,5,Chronos-2,capability_effect_nrmse,-0.1525903518,0.1039652927,3,timesfm2.5,0.01420965767,False,
gift-v15-long-qualified-feasible-seed2026082701,GIFT-Long,GIFT-Eval,long,2,covariate_impulse_response,5,Chronos-2,capability_effect_nrmse,-0.5287562456,0.1241471327,3,toto2.0,-0.1131813366,False,
gift-v15-long-qualified-feasible-seed2026082701,GIFT-Long,GIFT-Eval,long,2,covariate_impulse_response,5,Timer-3.5,capability_effect_nrmse,-0.009131786868,0.04607278752,3,moirai2,0.02442253348,False,
gift-v15-long-qualified-feasible-seed2026082701,GIFT-Long,GIFT-Eval,long,2,covariate_impulse_response,5,Timer-3.5,capability_effect_nrmse,0.04324256437,0.5149829873,3,timesfm2.5,0.213416913,True,timesfm2.5
gift-v15-long-qualified-feasible-seed2026082701,GIFT-Long,GIFT-Eval,long,2,covariate_impulse_response,5,Timer-3.5,capability_effect_nrmse,-0.1177385509,0.2608980191,3,toto2.0,0.08602591867,False,
gift-v15-long-qualified-feasible-seed2026082701,GIFT-Long,GIFT-Eval,long,2,covariate_impulse_response,5,moirai2,capability_effect_nrmse,-0.00283022315,0.4786563875,3,timesfm2.5,0.1889943795,False,
gift-v15-long-qualified-feasible-seed2026082701,GIFT-Long,GIFT-Eval,long,2,covariate_impulse_response,5,moirai2,capability_effect_nrmse,-0.1540651507,0.2148252316,3,toto2.0,0.06160338519,False,
gift-v15-long-qualified-feasible-seed2026082701,GIFT-Long,GIFT-Eval,long,2,covariate_impulse_response,5,timesfm2.5,capability_effect_nrmse,-0.6327215382,0.2176554547,3,toto2.0,-0.1273909943,False,
gift-v15-long-qualified-feasible-seed2026082701,GIFT-Long,GIFT-Eval,long,2,cross_series_dependence,1,Chronos-2,capability_effect_nrmse,-0.2601836104,-0.03187665772,6,Timer-3.5,-0.1277957094,True,Chronos-2
gift-v15-long-qualified-feasible-seed2026082701,GIFT-Long,GIFT-Eval,long,2,cross_series_dependence,1,Chronos-2,capability_effect_nrmse,-0.1668683708,-0.04934419585,6,moirai2,-0.1047029161,True,Chronos-2
gift-v15-long-qualified-feasible-seed2026082701,GIFT-Long,GIFT-Eval,long,2,cross_series_dependence,1,Chronos-2,capability_effect_nrmse,-0.3426297576,-0.1063015046,6,timesfm2.5,-0.224310942,True,Chronos-2
gift-v15-long-qualified-feasible-seed2026082701,GIFT-Long,GIFT-Eval,long,2,cross_series_dependence,1,Chronos-2,capability_effect_nrmse,-1.288306246,-0.07382889074,6,toto2.0,-0.5649215776,True,Chronos-2
gift-v15-long-qualified-feasible-seed2026082701,GIFT-Long,GIFT-Eval,long,2,cross_series_dependence,1,Timer-3.5,capability_effect_nrmse,-0.07503495887,0.1212205454,6,moirai2,0.02309279328,False,
gift-v15-long-qualified-feasible-seed2026082701,GIFT-Long,GIFT-Eval,long,2,cross_series_dependence,1,Timer-3.5,capability_effect_nrmse,-0.2809544981,0.1009607786,6,timesfm2.5,-0.09651523258,False,
gift-v15-long-qualified-feasible-seed2026082701,GIFT-Long,GIFT-Eval,long,2,cross_series_dependence,1,Timer-3.5,capability_effect_nrmse,-1.177724371,0.03259987169,6,toto2.0,-0.4371258682,False,
gift-v15-long-qualified-feasible-seed2026082701,GIFT-Long,GIFT-Eval,long,2,cross_series_dependence,1,moirai2,capability_effect_nrmse,-0.2492733666,0.01005731491,6,timesfm2.5,-0.1196080259,False,
gift-v15-long-qualified-feasible-seed2026082701,GIFT-Long,GIFT-Eval,long,2,cross_series_dependence,1,moirai2,capability_effect_nrmse,-1.200831588,0.004194793707,6,toto2.0,-0.4602186615,False,
gift-v15-long-qualified-feasible-seed2026082701,GIFT-Long,GIFT-Eval,long,2,cross_series_dependence,1,timesfm2.5,capability_effect_nrmse,-0.9886929832,0.1351058422,6,toto2.0,-0.3406106356,False,
gift-v15-long-qualified-feasible-seed2026082701,GIFT-Long,GIFT-Eval,long,2,cross_series_dependence,2,Chronos-2,capability_effect_nrmse,-0.2565312135,-0.04797916899,6,Timer-3.5,-0.1354878651,True,Chronos-2
gift-v15-long-qualified-feasible-seed2026082701,GIFT-Long,GIFT-Eval,long,2,cross_series_dependence,2,Chronos-2,capability_effect_nrmse,-0.219082773,-0.04973479103,6,moirai2,-0.1281236807,True,Chronos-2
gift-v15-long-qualified-feasible-seed2026082701,GIFT-Long,GIFT-Eval,long,2,cross_series_dependence,2,Chronos-2,capability_effect_nrmse,-0.3546976384,-0.08686331869,6,timesfm2.5,-0.2149775743,True,Chronos-2
gift-v15-long-qualified-feasible-seed2026082701,GIFT-Long,GIFT-Eval,long,2,cross_series_dependence,2,Chronos-2,capability_effect_nrmse,-0.988854135,-0.09997881452,6,toto2.0,-0.4638554264,True,Chronos-2
gift-v15-long-qualified-feasible-seed2026082701,GIFT-Long,GIFT-Eval,long,2,cross_series_dependence,2,Timer-3.5,capability_effect_nrmse,-0.09054375846,0.1028321435,6,moirai2,0.007364184422,False,
gift-v15-long-qualified-feasible-seed2026082701,GIFT-Long,GIFT-Eval,long,2,cross_series_dependence,2,Timer-3.5,capability_effect_nrmse,-0.2583203398,0.1091045873,6,timesfm2.5,-0.07948970923,False,
gift-v15-long-qualified-feasible-seed2026082701,GIFT-Long,GIFT-Eval,long,2,cross_series_dependence,2,Timer-3.5,capability_effect_nrmse,-0.8731514344,0.02602399947,6,toto2.0,-0.3283675613,False,
gift-v15-long-qualified-feasible-seed2026082701,GIFT-Long,GIFT-Eval,long,2,cross_series_dependence,2,moirai2,capability_effect_nrmse,-0.2338988376,0.03920960006,6,timesfm2.5,-0.08685389365,False,
gift-v15-long-qualified-feasible-seed2026082701,GIFT-Long,GIFT-Eval,long,2,cross_series_dependence,2,moirai2,capability_effect_nrmse,-0.8388118621,0.006310388715,6,toto2.0,-0.3357317458,False,
gift-v15-long-qualified-feasible-seed2026082701,GIFT-Long,GIFT-Eval,long,2,cross_series_dependence,2,timesfm2.5,capability_effect_nrmse,-0.7370882767,0.1608371477,6,toto2.0,-0.2488778521,False,
gift-v15-long-qualified-feasible-seed2026082701,GIFT-Long,GIFT-Eval,long,2,cross_series_dependence,3,Chronos-2,capability_effect_nrmse,-0.1780821951,-0.03705712085,6,Timer-3.5,-0.1045046661,True,Chronos-2
gift-v15-long-qualified-feasible-seed2026082701,GIFT-Long,GIFT-Eval,long,2,cross_series_dependence,3,Chronos-2,capability_effect_nrmse,-0.2119004253,-0.04753609929,6,moirai2,-0.1242254681,True,Chronos-2
gift-v15-long-qualified-feasible-seed2026082701,GIFT-Long,GIFT-Eval,long,2,cross_series_dependence,3,Chronos-2,capability_effect_nrmse,-0.2891642786,-0.06587196868,6,timesfm2.5,-0.1729225972,True,Chronos-2
gift-v15-long-qualified-feasible-seed2026082701,GIFT-Long,GIFT-Eval,long,2,cross_series_dependence,3,Chronos-2,capability_effect_nrmse,-0.866014733,-0.1078194611,6,toto2.0,-0.424220962,True,Chronos-2
gift-v15-long-qualified-feasible-seed2026082701,GIFT-Long,GIFT-Eval,long,2,cross_series_dependence,3,Timer-3.5,capability_effect_nrmse,-0.09275358355,0.04871982787,6,moirai2,-0.01972080206,False,
gift-v15-long-qualified-feasible-seed2026082701,GIFT-Long,GIFT-Eval,long,2,cross_series_dependence,3,Timer-3.5,capability_effect_nrmse,-0.2154681884,0.0796015363,6,timesfm2.5,-0.06841793116,False,
gift-v15-long-qualified-feasible-seed2026082701,GIFT-Long,GIFT-Eval,long,2,cross_series_dependence,3,Timer-3.5,capability_effect_nrmse,-0.7726324261,0.001496313533,6,toto2.0,-0.3197162959,False,
gift-v15-long-qualified-feasible-seed2026082701,GIFT-Long,GIFT-Eval,long,2,cross_series_dependence,3,moirai2,capability_effect_nrmse,-0.1891458818,0.0642035712,6,timesfm2.5,-0.0486971291,False,
gift-v15-long-qualified-feasible-seed2026082701,GIFT-Long,GIFT-Eval,long,2,cross_series_dependence,3,moirai2,capability_effect_nrmse,-0.733625697,-0.01694833102,6,toto2.0,-0.2999954938,True,moirai2
gift-v15-long-qualified-feasible-seed2026082701,GIFT-Long,GIFT-Eval,long,2,cross_series_dependence,3,timesfm2.5,capability_effect_nrmse,-0.6765868412,0.1052125444,6,toto2.0,-0.2512983647,False,
gift-v15-long-qualified-feasible-seed2026082701,GIFT-Long,GIFT-Eval,long,2,cross_series_dependence,4,Chronos-2,capability_effect_nrmse,-0.1346624939,-0.02832492833,6,Timer-3.5,-0.07706180288,True,Chronos-2
gift-v15-long-qualified-feasible-seed2026082701,GIFT-Long,GIFT-Eval,long,2,cross_series_dependence,4,Chronos-2,capability_effect_nrmse,-0.2647822686,-0.04582497537,6,moirai2,-0.1441604448,True,Chronos-2
gift-v15-long-qualified-feasible-seed2026082701,GIFT-Long,GIFT-Eval,long,2,cross_series_dependence,4,Chronos-2,capability_effect_nrmse,-0.2258768703,-0.04653012984,6,timesfm2.5,-0.130046918,True,Chronos-2
gift-v15-long-qualified-feasible-seed2026082701,GIFT-Long,GIFT-Eval,long,2,cross_series_dependence,4,Chronos-2,capability_effect_nrmse,-0.7134095521,-0.1040822005,6,toto2.0,-0.3694597397,True,Chronos-2
gift-v15-long-qualified-feasible-seed2026082701,GIFT-Long,GIFT-Eval,long,2,cross_series_dependence,4,Timer-3.5,capability_effect_nrmse,-0.1771135703,0.01420073289,6,moirai2,-0.06709864192,False,
gift-v15-long-qualified-feasible-seed2026082701,GIFT-Long,GIFT-Eval,long,2,cross_series_dependence,4,Timer-3.5,capability_effect_nrmse,-0.1753359776,0.05762184941,6,timesfm2.5,-0.05298511517,False,
gift-v15-long-qualified-feasible-seed2026082701,GIFT-Long,GIFT-Eval,long,2,cross_series_dependence,4,Timer-3.5,capability_effect_nrmse,-0.6317053962,-0.01441142932,6,toto2.0,-0.2923979369,True,Timer-3.5
gift-v15-long-qualified-feasible-seed2026082701,GIFT-Long,GIFT-Eval,long,2,cross_series_dependence,4,moirai2,capability_effect_nrmse,-0.1207417625,0.1453691193,6,timesfm2.5,0.01411352675,False,
gift-v15-long-qualified-feasible-seed2026082701,GIFT-Long,GIFT-Eval,long,2,cross_series_dependence,4,moirai2,capability_effect_nrmse,-0.5627390018,-0.001714046613,6,toto2.0,-0.2252992949,True,moirai2
gift-v15-long-qualified-feasible-seed2026082701,GIFT-Long,GIFT-Eval,long,2,cross_series_dependence,4,timesfm2.5,capability_effect_nrmse,-0.5836779522,0.05939267931,6,toto2.0,-0.2394128217,False,
gift-v15-long-qualified-feasible-seed2026082701,GIFT-Long,GIFT-Eval,long,2,cross_series_dependence,5,Chronos-2,capability_effect_nrmse,-0.1157732664,-0.01781944798,6,Timer-3.5,-0.06182658472,True,Chronos-2
gift-v15-long-qualified-feasible-seed2026082701,GIFT-Long,GIFT-Eval,long,2,cross_series_dependence,5,Chronos-2,capability_effect_nrmse,-0.2089313402,-0.05462601632,6,moirai2,-0.1256795456,True,Chronos-2
gift-v15-long-qualified-feasible-seed2026082701,GIFT-Long,GIFT-Eval,long,2,cross_series_dependence,5,Chronos-2,capability_effect_nrmse,-0.1276925963,-0.04312806292,6,timesfm2.5,-0.08148219698,True,Chronos-2
gift-v15-long-qualified-feasible-seed2026082701,GIFT-Long,GIFT-Eval,long,2,cross_series_dependence,5,Chronos-2,capability_effect_nrmse,-0.6463866526,-0.09917526329,6,toto2.0,-0.3393157816,True,Chronos-2
gift-v15-long-qualified-feasible-seed2026082701,GIFT-Long,GIFT-Eval,long,2,cross_series_dependence,5,Timer-3.5,capability_effect_nrmse,-0.1270582675,-0.0009435503031,6,moirai2,-0.06385296091,True,Timer-3.5
gift-v15-long-qualified-feasible-seed2026082701,GIFT-Long,GIFT-Eval,long,2,cross_series_dependence,5,Timer-3.5,capability_effect_nrmse,-0.08538156358,0.05885895355,6,timesfm2.5,-0.01965561227,False,
gift-v15-long-qualified-feasible-seed2026082701,GIFT-Long,GIFT-Eval,long,2,cross_series_dependence,5,Timer-3.5,capability_effect_nrmse,-0.604829639,-0.03113967706,6,toto2.0,-0.2774891968,True,Timer-3.5
gift-v15-long-qualified-feasible-seed2026082701,GIFT-Long,GIFT-Eval,long,2,cross_series_dependence,5,moirai2,capability_effect_nrmse,-0.03738680591,0.1410884613,6,timesfm2.5,0.04419734864,False,
gift-v15-long-qualified-feasible-seed2026082701,GIFT-Long,GIFT-Eval,long,2,cross_series_dependence,5,moirai2,capability_effect_nrmse,-0.512713413,0.008430453662,6,toto2.0,-0.2136362359,False,
gift-v15-long-qualified-feasible-seed2026082701,GIFT-Long,GIFT-Eval,long,2,cross_series_dependence,5,timesfm2.5,capability_effect_nrmse,-0.5870679741,0.01153858897,6,toto2.0,-0.2578335846,False,
gift-v15-long-qualified-feasible-seed2026082701,GIFT-Long,GIFT-Eval,long,2,multi_seasonal,1,Chronos-2,capability_effect_nrmse,-0.4499484326,-0.06873053534,11,Timer-3.5,-0.250353729,True,Chronos-2
gift-v15-long-qualified-feasible-seed2026082701,GIFT-Long,GIFT-Eval,long,2,multi_seasonal,1,Chronos-2,capability_effect_nrmse,-1.346119623,-0.3682547831,11,moirai2,-0.8148265864,True,Chronos-2
gift-v15-long-qualified-feasible-seed2026082701,GIFT-Long,GIFT-Eval,long,2,multi_seasonal,1,Chronos-2,capability_effect_nrmse,-0.1076043551,0.116300246,11,timesfm2.5,-0.002414136829,False,
gift-v15-long-qualified-feasible-seed2026082701,GIFT-Long,GIFT-Eval,long,2,multi_seasonal,1,Chronos-2,capability_effect_nrmse,-0.5132246397,0.2641409372,11,toto2.0,-0.06642678436,False,
gift-v15-long-qualified-feasible-seed2026082701,GIFT-Long,GIFT-Eval,long,2,multi_seasonal,1,Timer-3.5,capability_effect_nrmse,-1.076047166,-0.05590125347,11,moirai2,-0.5644728573,True,Timer-3.5
gift-v15-long-qualified-feasible-seed2026082701,GIFT-Long,GIFT-Eval,long,2,multi_seasonal,1,Timer-3.5,capability_effect_nrmse,0.06729616323,0.4258777216,11,timesfm2.5,0.2479395922,True,timesfm2.5
gift-v15-long-qualified-feasible-seed2026082701,GIFT-Long,GIFT-Eval,long,2,multi_seasonal,1,Timer-3.5,capability_effect_nrmse,-0.2850955781,0.517219362,11,toto2.0,0.1839269447,False,
gift-v15-long-qualified-feasible-seed2026082701,GIFT-Long,GIFT-Eval,long,2,multi_seasonal,1,moirai2,capability_effect_nrmse,0.3430685906,1.318818492,11,timesfm2.5,0.8124124495,True,timesfm2.5
gift-v15-long-qualified-feasible-seed2026082701,GIFT-Long,GIFT-Eval,long,2,multi_seasonal,1,moirai2,capability_effect_nrmse,0.2047220237,1.33156755,11,toto2.0,0.748399802,True,toto2.0
gift-v15-long-qualified-feasible-seed2026082701,GIFT-Long,GIFT-Eval,long,2,multi_seasonal,1,timesfm2.5,capability_effect_nrmse,-0.455486196,0.2631915971,11,toto2.0,-0.06401264753,False,
gift-v15-long-qualified-feasible-seed2026082701,GIFT-Long,GIFT-Eval,long,2,multi_seasonal,2,Chronos-2,capability_effect_nrmse,-0.3809991398,-0.09228983993,11,Timer-3.5,-0.2321351122,True,Chronos-2
gift-v15-long-qualified-feasible-seed2026082701,GIFT-Long,GIFT-Eval,long,2,multi_seasonal,2,Chronos-2,capability_effect_nrmse,-1.153271393,-0.2903123681,11,moirai2,-0.6688773659,True,Chronos-2
gift-v15-long-qualified-feasible-seed2026082701,GIFT-Long,GIFT-Eval,long,2,multi_seasonal,2,Chronos-2,capability_effect_nrmse,-0.1351973402,0.05804088735,11,timesfm2.5,-0.03793458322,False,
gift-v15-long-qualified-feasible-seed2026082701,GIFT-Long,GIFT-Eval,long,2,multi_seasonal,2,Chronos-2,capability_effect_nrmse,-0.4984071397,0.2534761961,11,toto2.0,-0.07163905681,False,
gift-v15-long-qualified-feasible-seed2026082701,GIFT-Long,GIFT-Eval,long,2,multi_seasonal,2,Timer-3.5,capability_effect_nrmse,-0.9113471146,0.01896690692,11,moirai2,-0.4367422537,False,
gift-v15-long-qualified-feasible-seed2026082701,GIFT-Long,GIFT-Eval,long,2,multi_seasonal,2,Timer-3.5,capability_effect_nrmse,0.04305835816,0.3663417272,11,timesfm2.5,0.194200529,True,timesfm2.5
gift-v15-long-qualified-feasible-seed2026082701,GIFT-Long,GIFT-Eval,long,2,multi_seasonal,2,Timer-3.5,capability_effect_nrmse,-0.2600782825,0.5292276355,11,toto2.0,0.1604960554,False,
gift-v15-long-qualified-feasible-seed2026082701,GIFT-Long,GIFT-Eval,long,2,multi_seasonal,2,moirai2,capability_effect_nrmse,0.2040613308,1.07257946,11,timesfm2.5,0.6309427827,True,timesfm2.5
gift-v15-long-qualified-feasible-seed2026082701,GIFT-Long,GIFT-Eval,long,2,multi_seasonal,2,moirai2,capability_effect_nrmse,0.09809373481,1.103353929,11,toto2.0,0.5972383091,True,toto2.0
gift-v15-long-qualified-feasible-seed2026082701,GIFT-Long,GIFT-Eval,long,2,multi_seasonal,2,timesfm2.5,capability_effect_nrmse,-0.5001312769,0.3230416537,11,toto2.0,-0.03370447359,False,
gift-v15-long-qualified-feasible-seed2026082701,GIFT-Long,GIFT-Eval,long,2,multi_seasonal,3,Chronos-2,capability_effect_nrmse,-0.4250675546,-0.1385849477,11,Timer-3.5,-0.2723138035,True,Chronos-2
gift-v15-long-qualified-feasible-seed2026082701,GIFT-Long,GIFT-Eval,long,2,multi_seasonal,3,Chronos-2,capability_effect_nrmse,-1.295735465,-0.2660270271,11,moirai2,-0.7278773355,True,Chronos-2
gift-v15-long-qualified-feasible-seed2026082701,GIFT-Long,GIFT-Eval,long,2,multi_seasonal,3,Chronos-2,capability_effect_nrmse,-0.1423153811,0.04841426507,11,timesfm2.5,-0.04950086233,False,
gift-v15-long-qualified-feasible-seed2026082701,GIFT-Long,GIFT-Eval,long,2,multi_seasonal,3,Chronos-2,capability_effect_nrmse,-0.5455462546,0.2855139581,11,toto2.0,-0.07428893322,False,
gift-v15-long-qualified-feasible-seed2026082701,GIFT-Long,GIFT-Eval,long,2,multi_seasonal,3,Timer-3.5,capability_effect_nrmse,-0.9939336667,0.008937261646,11,moirai2,-0.455563532,False,
gift-v15-long-qualified-feasible-seed2026082701,GIFT-Long,GIFT-Eval,long,2,multi_seasonal,3,Timer-3.5,capability_effect_nrmse,0.05864360594,0.4001898627,11,timesfm2.5,0.2228129412,True,timesfm2.5
gift-v15-long-qualified-feasible-seed2026082701,GIFT-Long,GIFT-Eval,long,2,multi_seasonal,3,Timer-3.5,capability_effect_nrmse,-0.2061961002,0.5491780581,11,toto2.0,0.1980248703,False,
gift-v15-long-qualified-feasible-seed2026082701,GIFT-Long,GIFT-Eval,long,2,multi_seasonal,3,moirai2,capability_effect_nrmse,0.2172286812,1.226303481,11,timesfm2.5,0.6783764732,True,timesfm2.5
gift-v15-long-qualified-feasible-seed2026082701,GIFT-Long,GIFT-Eval,long,2,multi_seasonal,3,moirai2,capability_effect_nrmse,0.1366599634,1.248102264,11,toto2.0,0.6535884023,True,toto2.0
gift-v15-long-qualified-feasible-seed2026082701,GIFT-Long,GIFT-Eval,long,2,multi_seasonal,3,timesfm2.5,capability_effect_nrmse,-0.4616979486,0.3406073154,11,toto2.0,-0.02478807089,False,
gift-v15-long-qualified-feasible-seed2026082701,GIFT-Long,GIFT-Eval,long,2,multi_seasonal,4,Chronos-2,capability_effect_nrmse,-0.3989996151,-0.1297349259,11,Timer-3.5,-0.2579391709,True,Chronos-2
gift-v15-long-qualified-feasible-seed2026082701,GIFT-Long,GIFT-Eval,long,2,multi_seasonal,4,Chronos-2,capability_effect_nrmse,-1.22315928,-0.2340059159,11,moirai2,-0.7003490238,True,Chronos-2
gift-v15-long-qualified-feasible-seed2026082701,GIFT-Long,GIFT-Eval,long,2,multi_seasonal,4,Chronos-2,capability_effect_nrmse,-0.2227846684,0.04795422029,11,timesfm2.5,-0.08416636457,False,
gift-v15-long-qualified-feasible-seed2026082701,GIFT-Long,GIFT-Eval,long,2,multi_seasonal,4,Chronos-2,capability_effect_nrmse,-0.6168007507,0.2572702768,11,toto2.0,-0.112511837,False,
gift-v15-long-qualified-feasible-seed2026082701,GIFT-Long,GIFT-Eval,long,2,multi_seasonal,4,Timer-3.5,capability_effect_nrmse,-0.9617728002,0.02078185937,11,moirai2,-0.4424098529,False,
gift-v15-long-qualified-feasible-seed2026082701,GIFT-Long,GIFT-Eval,long,2,multi_seasonal,4,Timer-3.5,capability_effect_nrmse,-0.01216525305,0.3777946485,11,timesfm2.5,0.1737728064,False,
gift-v15-long-qualified-feasible-seed2026082701,GIFT-Long,GIFT-Eval,long,2,multi_seasonal,4,Timer-3.5,capability_effect_nrmse,-0.2919100999,0.5211187645,11,toto2.0,0.145427334,False,
gift-v15-long-qualified-feasible-seed2026082701,GIFT-Long,GIFT-Eval,long,2,multi_seasonal,4,moirai2,capability_effect_nrmse,0.1875249464,1.106609994,11,timesfm2.5,0.6161826593,True,timesfm2.5
gift-v15-long-qualified-feasible-seed2026082701,GIFT-Long,GIFT-Eval,long,2,multi_seasonal,4,moirai2,capability_effect_nrmse,0.08350941492,1.107198377,11,toto2.0,0.5878371868,True,toto2.0
gift-v15-long-qualified-feasible-seed2026082701,GIFT-Long,GIFT-Eval,long,2,multi_seasonal,4,timesfm2.5,capability_effect_nrmse,-0.5118428812,0.3597584787,11,toto2.0,-0.02834547242,False,
gift-v15-long-qualified-feasible-seed2026082701,GIFT-Long,GIFT-Eval,long,2,multi_seasonal,5,Chronos-2,capability_effect_nrmse,-0.388062859,-0.1287604592,11,Timer-3.5,-0.2538389269,True,Chronos-2
gift-v15-long-qualified-feasible-seed2026082701,GIFT-Long,GIFT-Eval,long,2,multi_seasonal,5,Chronos-2,capability_effect_nrmse,-1.427387333,-0.1547637284,11,moirai2,-0.7032455701,True,Chronos-2
gift-v15-long-qualified-feasible-seed2026082701,GIFT-Long,GIFT-Eval,long,2,multi_seasonal,5,Chronos-2,capability_effect_nrmse,-0.2216017614,0.04873445174,11,timesfm2.5,-0.08328524636,False,
gift-v15-long-qualified-feasible-seed2026082701,GIFT-Long,GIFT-Eval,long,2,multi_seasonal,5,Chronos-2,capability_effect_nrmse,-0.5706747807,0.2581850001,11,toto2.0,-0.09125169119,False,
gift-v15-long-qualified-feasible-seed2026082701,GIFT-Long,GIFT-Eval,long,2,multi_seasonal,5,Timer-3.5,capability_effect_nrmse,-1.190172378,0.08891492865,11,moirai2,-0.4494066433,False,
gift-v15-long-qualified-feasible-seed2026082701,GIFT-Long,GIFT-Eval,long,2,multi_seasonal,5,Timer-3.5,capability_effect_nrmse,-0.006686521945,0.3571036836,11,timesfm2.5,0.1705536805,False,
gift-v15-long-qualified-feasible-seed2026082701,GIFT-Long,GIFT-Eval,long,2,multi_seasonal,5,Timer-3.5,capability_effect_nrmse,-0.238998227,0.5233030656,11,toto2.0,0.1625872357,False,
gift-v15-long-qualified-feasible-seed2026082701,GIFT-Long,GIFT-Eval,long,2,multi_seasonal,5,moirai2,capability_effect_nrmse,0.1270841336,1.338026332,11,timesfm2.5,0.6199603238,True,timesfm2.5
gift-v15-long-qualified-feasible-seed2026082701,GIFT-Long,GIFT-Eval,long,2,multi_seasonal,5,moirai2,capability_effect_nrmse,-0.02955301991,1.444608369,11,toto2.0,0.6119938789,False,
gift-v15-long-qualified-feasible-seed2026082701,GIFT-Long,GIFT-Eval,long,2,multi_seasonal,5,timesfm2.5,capability_effect_nrmse,-0.4683337743,0.3491858001,11,toto2.0,-0.007966444833,False,
gift-v15-long-qualified-feasible-seed2026082701,GIFT-Long,GIFT-Eval,long,2,predictable_intermittency,1,Chronos-2,capability_effect_nrmse,-0.1094570777,-0.03352244067,11,Timer-3.5,-0.06606339779,True,Chronos-2
gift-v15-long-qualified-feasible-seed2026082701,GIFT-Long,GIFT-Eval,long,2,predictable_intermittency,1,Chronos-2,capability_effect_nrmse,-1.865827919,-0.03568712088,11,moirai2,-0.7053259223,True,Chronos-2
gift-v15-long-qualified-feasible-seed2026082701,GIFT-Long,GIFT-Eval,long,2,predictable_intermittency,1,Chronos-2,capability_effect_nrmse,-0.07497337536,0.008674397041,11,timesfm2.5,-0.02954216109,False,
gift-v15-long-qualified-feasible-seed2026082701,GIFT-Long,GIFT-Eval,long,2,predictable_intermittency,1,Chronos-2,capability_effect_nrmse,-0.2234012131,0.08374808753,11,toto2.0,-0.04391227446,False,
gift-v15-long-qualified-feasible-seed2026082701,GIFT-Long,GIFT-Eval,long,2,predictable_intermittency,1,Timer-3.5,capability_effect_nrmse,-1.817806212,0.0578476159,11,moirai2,-0.6392625245,False,
gift-v15-long-qualified-feasible-seed2026082701,GIFT-Long,GIFT-Eval,long,2,predictable_intermittency,1,Timer-3.5,capability_effect_nrmse,-0.02302824628,0.1067535323,11,timesfm2.5,0.0365212367,False,
gift-v15-long-qualified-feasible-seed2026082701,GIFT-Long,GIFT-Eval,long,2,predictable_intermittency,1,Timer-3.5,capability_effect_nrmse,-0.1829025951,0.1691243309,11,toto2.0,0.02215112334,False,
gift-v15-long-qualified-feasible-seed2026082701,GIFT-Long,GIFT-Eval,long,2,predictable_intermittency,1,moirai2,capability_effect_nrmse,0.02740070096,1.730144554,11,timesfm2.5,0.6757837612,True,timesfm2.5
gift-v15-long-qualified-feasible-seed2026082701,GIFT-Long,GIFT-Eval,long,2,predictable_intermittency,1,moirai2,capability_effect_nrmse,-0.06960829557,1.825931509,11,toto2.0,0.6614136478,False,
gift-v15-long-qualified-feasible-seed2026082701,GIFT-Long,GIFT-Eval,long,2,predictable_intermittency,1,timesfm2.5,capability_effect_nrmse,-0.2087839561,0.1093561964,11,toto2.0,-0.01437011337,False,
gift-v15-long-qualified-feasible-seed2026082701,GIFT-Long,GIFT-Eval,long,2,predictable_intermittency,2,Chronos-2,capability_effect_nrmse,-0.1209119911,-0.01184614794,11,Timer-3.5,-0.06240832307,True,Chronos-2
gift-v15-long-qualified-feasible-seed2026082701,GIFT-Long,GIFT-Eval,long,2,predictable_intermittency,2,Chronos-2,capability_effect_nrmse,-2.939446604,0.01251096727,11,moirai2,-1.056545182,False,
gift-v15-long-qualified-feasible-seed2026082701,GIFT-Long,GIFT-Eval,long,2,predictable_intermittency,2,Chronos-2,capability_effect_nrmse,-0.1300377917,0.02299882332,11,timesfm2.5,-0.03891961948,False,
gift-v15-long-qualified-feasible-seed2026082701,GIFT-Long,GIFT-Eval,long,2,predictable_intermittency,2,Chronos-2,capability_effect_nrmse,-0.3165776191,0.03319839832,11,toto2.0,-0.1040913589,False,
gift-v15-long-qualified-feasible-seed2026082701,GIFT-Long,GIFT-Eval,long,2,predictable_intermittency,2,Timer-3.5,capability_effect_nrmse,-2.864390135,0.09770049567,11,moirai2,-0.9941368592,False,
gift-v15-long-qualified-feasible-seed2026082701,GIFT-Long,GIFT-Eval,long,2,predictable_intermittency,2,Timer-3.5,capability_effect_nrmse,-0.07931518996,0.1124564253,11,timesfm2.5,0.02348870359,False,
gift-v15-long-qualified-feasible-seed2026082701,GIFT-Long,GIFT-Eval,long,2,predictable_intermittency,2,Timer-3.5,capability_effect_nrmse,-0.3049097649,0.1359882781,11,toto2.0,-0.04168303587,False,
gift-v15-long-qualified-feasible-seed2026082701,GIFT-Long,GIFT-Eval,long,2,predictable_intermittency,2,moirai2,capability_effect_nrmse,-0.005456390516,2.88367401,11,timesfm2.5,1.017625563,False,
gift-v15-long-qualified-feasible-seed2026082701,GIFT-Long,GIFT-Eval,long,2,predictable_intermittency,2,moirai2,capability_effect_nrmse,-0.2311156778,2.95126452,11,toto2.0,0.9524538233,False,
gift-v15-long-qualified-feasible-seed2026082701,GIFT-Long,GIFT-Eval,long,2,predictable_intermittency,2,timesfm2.5,capability_effect_nrmse,-0.3192034897,0.1220111928,11,toto2.0,-0.06517173945,False,
gift-v15-long-qualified-feasible-seed2026082701,GIFT-Long,GIFT-Eval,long,2,predictable_intermittency,3,Chronos-2,capability_effect_nrmse,-0.1029373577,0.006520774887,11,Timer-3.5,-0.05563653056,False,
gift-v15-long-qualified-feasible-seed2026082701,GIFT-Long,GIFT-Eval,long,2,predictable_intermittency,3,Chronos-2,capability_effect_nrmse,-0.7087185282,0.04096932217,11,moirai2,-0.2328918387,False,
gift-v15-long-qualified-feasible-seed2026082701,GIFT-Long,GIFT-Eval,long,2,predictable_intermittency,3,Chronos-2,capability_effect_nrmse,-0.03852882189,0.05180287386,11,timesfm2.5,0.005725224118,False,
gift-v15-long-qualified-feasible-seed2026082701,GIFT-Long,GIFT-Eval,long,2,predictable_intermittency,3,Chronos-2,capability_effect_nrmse,-0.390534281,0.05298218001,11,toto2.0,-0.1232274742,False,
gift-v15-long-qualified-feasible-seed2026082701,GIFT-Long,GIFT-Eval,long,2,predictable_intermittency,3,Timer-3.5,capability_effect_nrmse,-0.6729405394,0.1086277751,11,moirai2,-0.1772553081,False,
gift-v15-long-qualified-feasible-seed2026082701,GIFT-Long,GIFT-Eval,long,2,predictable_intermittency,3,Timer-3.5,capability_effect_nrmse,0.0143511489,0.1206312754,11,timesfm2.5,0.06136175467,True,timesfm2.5
gift-v15-long-qualified-feasible-seed2026082701,GIFT-Long,GIFT-Eval,long,2,predictable_intermittency,3,Timer-3.5,capability_effect_nrmse,-0.3926701758,0.146350644,11,toto2.0,-0.06759094364,False,
gift-v15-long-qualified-feasible-seed2026082701,GIFT-Long,GIFT-Eval,long,2,predictable_intermittency,3,moirai2,capability_effect_nrmse,-0.0165277741,0.7052304997,11,timesfm2.5,0.2386170628,False,
gift-v15-long-qualified-feasible-seed2026082701,GIFT-Long,GIFT-Eval,long,2,predictable_intermittency,3,moirai2,capability_effect_nrmse,-0.3772959219,0.7020843496,11,toto2.0,0.1096643645,False,
gift-v15-long-qualified-feasible-seed2026082701,GIFT-Long,GIFT-Eval,long,2,predictable_intermittency,3,timesfm2.5,capability_effect_nrmse,-0.4466231115,0.05790151523,11,toto2.0,-0.1289526983,False,
gift-v15-long-qualified-feasible-seed2026082701,GIFT-Long,GIFT-Eval,long,2,predictable_intermittency,4,Chronos-2,capability_effect_nrmse,-0.1132233035,0.02228663844,11,Timer-3.5,-0.04339796091,False,
gift-v15-long-qualified-feasible-seed2026082701,GIFT-Long,GIFT-Eval,long,2,predictable_intermittency,4,Chronos-2,capability_effect_nrmse,-1.460719684,-0.03939506024,11,moirai2,-0.5874059859,True,Chronos-2
gift-v15-long-qualified-feasible-seed2026082701,GIFT-Long,GIFT-Eval,long,2,predictable_intermittency,4,Chronos-2,capability_effect_nrmse,-0.109047112,0.04516861545,11,timesfm2.5,-0.02171212638,False,
gift-v15-long-qualified-feasible-seed2026082701,GIFT-Long,GIFT-Eval,long,2,predictable_intermittency,4,Chronos-2,capability_effect_nrmse,-0.6940694071,0.1233171291,11,toto2.0,-0.2001099839,False,
gift-v15-long-qualified-feasible-seed2026082701,GIFT-Long,GIFT-Eval,long,2,predictable_intermittency,4,Timer-3.5,capability_effect_nrmse,-1.39336461,0.04409048144,11,moirai2,-0.544008025,False,
gift-v15-long-qualified-feasible-seed2026082701,GIFT-Long,GIFT-Eval,long,2,predictable_intermittency,4,Timer-3.5,capability_effect_nrmse,-0.08484438298,0.1199062962,11,timesfm2.5,0.02168583453,False,
gift-v15-long-qualified-feasible-seed2026082701,GIFT-Long,GIFT-Eval,long,2,predictable_intermittency,4,Timer-3.5,capability_effect_nrmse,-0.6954579133,0.1812624377,11,toto2.0,-0.156712023,False,
gift-v15-long-qualified-feasible-seed2026082701,GIFT-Long,GIFT-Eval,long,2,predictable_intermittency,4,moirai2,capability_effect_nrmse,0.04179802336,1.387340342,11,timesfm2.5,0.5656938596,True,timesfm2.5
gift-v15-long-qualified-feasible-seed2026082701,GIFT-Long,GIFT-Eval,long,2,predictable_intermittency,4,moirai2,capability_effect_nrmse,-0.4997711102,1.421722766,11,toto2.0,0.387296002,False,
gift-v15-long-qualified-feasible-seed2026082701,GIFT-Long,GIFT-Eval,long,2,predictable_intermittency,4,timesfm2.5,capability_effect_nrmse,-0.7254696082,0.1958032887,11,toto2.0,-0.1783978575,False,
gift-v15-long-qualified-feasible-seed2026082701,GIFT-Long,GIFT-Eval,long,2,predictable_intermittency,5,Chronos-2,capability_effect_nrmse,-0.170199101,-0.05178109436,11,Timer-3.5,-0.1086005124,True,Chronos-2
gift-v15-long-qualified-feasible-seed2026082701,GIFT-Long,GIFT-Eval,long,2,predictable_intermittency,5,Chronos-2,capability_effect_nrmse,-1.578574559,0.04193687297,11,moirai2,-0.5780732671,False,
gift-v15-long-qualified-feasible-seed2026082701,GIFT-Long,GIFT-Eval,long,2,predictable_intermittency,5,Chronos-2,capability_effect_nrmse,-0.06273762888,0.05217366128,11,timesfm2.5,-0.002886069142,False,
gift-v15-long-qualified-feasible-seed2026082701,GIFT-Long,GIFT-Eval,long,2,predictable_intermittency,5,Chronos-2,capability_effect_nrmse,-0.573306597,0.05897780628,11,toto2.0,-0.1933789134,False,
gift-v15-long-qualified-feasible-seed2026082701,GIFT-Long,GIFT-Eval,long,2,predictable_intermittency,5,Timer-3.5,capability_effect_nrmse,-1.500873754,0.176388806,11,moirai2,-0.4694727547,False,
gift-v15-long-qualified-feasible-seed2026082701,GIFT-Long,GIFT-Eval,long,2,predictable_intermittency,5,Timer-3.5,capability_effect_nrmse,0.02105923067,0.2041978248,11,timesfm2.5,0.1057144433,True,timesfm2.5
gift-v15-long-qualified-feasible-seed2026082701,GIFT-Long,GIFT-Eval,long,2,predictable_intermittency,5,Timer-3.5,capability_effect_nrmse,-0.5034139201,0.1981204036,11,toto2.0,-0.08477840099,False,
gift-v15-long-qualified-feasible-seed2026082701,GIFT-Long,GIFT-Eval,long,2,predictable_intermittency,5,moirai2,capability_effect_nrmse,-0.01671719397,1.560371192,11,timesfm2.5,0.575187198,False,
gift-v15-long-qualified-feasible-seed2026082701,GIFT-Long,GIFT-Eval,long,2,predictable_intermittency,5,moirai2,capability_effect_nrmse,-0.4329815389,1.533381697,11,toto2.0,0.3846943537,False,
gift-v15-long-qualified-feasible-seed2026082701,GIFT-Long,GIFT-Eval,long,2,predictable_intermittency,5,timesfm2.5,capability_effect_nrmse,-0.5371012325,0.06640843913,11,toto2.0,-0.1904928442,False,
gift-v15-long-qualified-feasible-seed2026082701,GIFT-Long,GIFT-Eval,long,2,regime_switching,1,Chronos-2,capability_effect_nrmse,-0.08592144656,-0.01785577729,11,Timer-3.5,-0.0513839266,True,Chronos-2
gift-v15-long-qualified-feasible-seed2026082701,GIFT-Long,GIFT-Eval,long,2,regime_switching,1,Chronos-2,capability_effect_nrmse,-0.3373983369,-0.04554653744,11,moirai2,-0.1597986196,True,Chronos-2
gift-v15-long-qualified-feasible-seed2026082701,GIFT-Long,GIFT-Eval,long,2,regime_switching,1,Chronos-2,capability_effect_nrmse,-0.03374558458,-0.01623780082,11,timesfm2.5,-0.02497648952,True,Chronos-2
gift-v15-long-qualified-feasible-seed2026082701,GIFT-Long,GIFT-Eval,long,2,regime_switching,1,Chronos-2,capability_effect_nrmse,-0.110044592,-0.02290213274,11,toto2.0,-0.07050730091,True,Chronos-2
gift-v15-long-qualified-feasible-seed2026082701,GIFT-Long,GIFT-Eval,long,2,regime_switching,1,Timer-3.5,capability_effect_nrmse,-0.2986595949,0.004894365373,11,moirai2,-0.108414693,False,
gift-v15-long-qualified-feasible-seed2026082701,GIFT-Long,GIFT-Eval,long,2,regime_switching,1,Timer-3.5,capability_effect_nrmse,9.904687218e-05,0.05737164305,11,timesfm2.5,0.02640743707,True,timesfm2.5
gift-v15-long-qualified-feasible-seed2026082701,GIFT-Long,GIFT-Eval,long,2,regime_switching,1,Timer-3.5,capability_effect_nrmse,-0.06203510371,0.0194433063,11,toto2.0,-0.01912337432,False,
gift-v15-long-qualified-feasible-seed2026082701,GIFT-Long,GIFT-Eval,long,2,regime_switching,1,moirai2,capability_effect_nrmse,0.02134095906,0.3165378703,11,timesfm2.5,0.1348221301,True,timesfm2.5
gift-v15-long-qualified-feasible-seed2026082701,GIFT-Long,GIFT-Eval,long,2,regime_switching,1,moirai2,capability_effect_nrmse,-0.02742099267,0.2704239943,11,toto2.0,0.08929131871,False,
gift-v15-long-qualified-feasible-seed2026082701,GIFT-Long,GIFT-Eval,long,2,regime_switching,1,timesfm2.5,capability_effect_nrmse,-0.08843419105,-0.0009879774948,11,toto2.0,-0.04553081139,True,timesfm2.5
gift-v15-long-qualified-feasible-seed2026082701,GIFT-Long,GIFT-Eval,long,2,regime_switching,2,Chronos-2,capability_effect_nrmse,-0.1188183529,-0.05049906202,11,Timer-3.5,-0.08485491463,True,Chronos-2
gift-v15-long-qualified-feasible-seed2026082701,GIFT-Long,GIFT-Eval,long,2,regime_switching,2,Chronos-2,capability_effect_nrmse,-0.2827151553,-0.07296196235,11,moirai2,-0.1674805754,True,Chronos-2
gift-v15-long-qualified-feasible-seed2026082701,GIFT-Long,GIFT-Eval,long,2,regime_switching,2,Chronos-2,capability_effect_nrmse,-0.04071942235,-0.01670073941,11,timesfm2.5,-0.0289975106,True,Chronos-2
gift-v15-long-qualified-feasible-seed2026082701,GIFT-Long,GIFT-Eval,long,2,regime_switching,2,Chronos-2,capability_effect_nrmse,-0.08278484791,-0.002908709753,11,toto2.0,-0.04807283549,True,Chronos-2
gift-v15-long-qualified-feasible-seed2026082701,GIFT-Long,GIFT-Eval,long,2,regime_switching,2,Timer-3.5,capability_effect_nrmse,-0.2193868229,0.01850070851,11,moirai2,-0.0826256608,False,
gift-v15-long-qualified-feasible-seed2026082701,GIFT-Long,GIFT-Eval,long,2,regime_switching,2,Timer-3.5,capability_effect_nrmse,0.02579337308,0.09067521281,11,timesfm2.5,0.05585740403,True,timesfm2.5
gift-v15-long-qualified-feasible-seed2026082701,GIFT-Long,GIFT-Eval,long,2,regime_switching,2,Timer-3.5,capability_effect_nrmse,-0.01102880169,0.08676748945,11,toto2.0,0.03678207914,False,
gift-v15-long-qualified-feasible-seed2026082701,GIFT-Long,GIFT-Eval,long,2,regime_switching,2,moirai2,capability_effect_nrmse,0.04712214202,0.2529583824,11,timesfm2.5,0.1384830648,True,timesfm2.5
gift-v15-long-qualified-feasible-seed2026082701,GIFT-Long,GIFT-Eval,long,2,regime_switching,2,moirai2,capability_effect_nrmse,0.04187685903,0.2274629793,11,toto2.0,0.1194077399,True,toto2.0
gift-v15-long-qualified-feasible-seed2026082701,GIFT-Long,GIFT-Eval,long,2,regime_switching,2,timesfm2.5,capability_effect_nrmse,-0.05632308688,0.02679001155,11,toto2.0,-0.01907532489,False,
gift-v15-long-qualified-feasible-seed2026082701,GIFT-Long,GIFT-Eval,long,2,regime_switching,3,Chronos-2,capability_effect_nrmse,-0.1429525401,-0.0591705024,11,Timer-3.5,-0.09978202669,True,Chronos-2
gift-v15-long-qualified-feasible-seed2026082701,GIFT-Long,GIFT-Eval,long,2,regime_switching,3,Chronos-2,capability_effect_nrmse,-0.4046379603,-0.1609807903,11,moirai2,-0.278856872,True,Chronos-2
gift-v15-long-qualified-feasible-seed2026082701,GIFT-Long,GIFT-Eval,long,2,regime_switching,3,Chronos-2,capability_effect_nrmse,-0.07316148663,-0.02542129517,11,timesfm2.5,-0.0473845462,True,Chronos-2
gift-v15-long-qualified-feasible-seed2026082701,GIFT-Long,GIFT-Eval,long,2,regime_switching,3,Chronos-2,capability_effect_nrmse,-0.3519238237,-0.06614696465,11,toto2.0,-0.1837197102,True,Chronos-2
gift-v15-long-qualified-feasible-seed2026082701,GIFT-Long,GIFT-Eval,long,2,regime_switching,3,Timer-3.5,capability_effect_nrmse,-0.3081769742,-0.06094525105,11,moirai2,-0.1790748453,True,Timer-3.5
gift-v15-long-qualified-feasible-seed2026082701,GIFT-Long,GIFT-Eval,long,2,regime_switching,3,Timer-3.5,capability_effect_nrmse,0.002988149814,0.104338291,11,timesfm2.5,0.05239748049,True,timesfm2.5
gift-v15-long-qualified-feasible-seed2026082701,GIFT-Long,GIFT-Eval,long,2,regime_switching,3,Timer-3.5,capability_effect_nrmse,-0.2759052655,0.06947514257,11,toto2.0,-0.08393768355,False,
gift-v15-long-qualified-feasible-seed2026082701,GIFT-Long,GIFT-Eval,long,2,regime_switching,3,moirai2,capability_effect_nrmse,0.1194348788,0.3514133749,11,timesfm2.5,0.2314723258,True,timesfm2.5
gift-v15-long-qualified-feasible-seed2026082701,GIFT-Long,GIFT-Eval,long,2,regime_switching,3,moirai2,capability_effect_nrmse,-0.1132707613,0.2933181994,11,toto2.0,0.09513716173,False,
gift-v15-long-qualified-feasible-seed2026082701,GIFT-Long,GIFT-Eval,long,2,regime_switching,3,timesfm2.5,capability_effect_nrmse,-0.2879638279,-0.01961287474,11,toto2.0,-0.136335164,True,timesfm2.5
gift-v15-long-qualified-feasible-seed2026082701,GIFT-Long,GIFT-Eval,long,2,regime_switching,4,Chronos-2,capability_effect_nrmse,-0.186748693,-0.07802869267,11,Timer-3.5,-0.1323239233,True,Chronos-2
gift-v15-long-qualified-feasible-seed2026082701,GIFT-Long,GIFT-Eval,long,2,regime_switching,4,Chronos-2,capability_effect_nrmse,-0.560960076,-0.2149669675,11,moirai2,-0.3741773447,True,Chronos-2
gift-v15-long-qualified-feasible-seed2026082701,GIFT-Long,GIFT-Eval,long,2,regime_switching,4,Chronos-2,capability_effect_nrmse,-0.08003752185,-0.01681866157,11,timesfm2.5,-0.045063717,True,Chronos-2
gift-v15-long-qualified-feasible-seed2026082701,GIFT-Long,GIFT-Eval,long,2,regime_switching,4,Chronos-2,capability_effect_nrmse,-0.4958801278,-0.1776232577,11,toto2.0,-0.3260386367,True,Chronos-2
gift-v15-long-qualified-feasible-seed2026082701,GIFT-Long,GIFT-Eval,long,2,regime_switching,4,Timer-3.5,capability_effect_nrmse,-0.4307251777,-0.0815598785,11,moirai2,-0.2418534214,True,Timer-3.5
gift-v15-long-qualified-feasible-seed2026082701,GIFT-Long,GIFT-Eval,long,2,regime_switching,4,Timer-3.5,capability_effect_nrmse,0.03892278175,0.1518375881,11,timesfm2.5,0.08726020635,True,timesfm2.5
gift-v15-long-qualified-feasible-seed2026082701,GIFT-Long,GIFT-Eval,long,2,regime_switching,4,Timer-3.5,capability_effect_nrmse,-0.3672396266,-0.0216788257,11,toto2.0,-0.1937147133,True,Timer-3.5
gift-v15-long-qualified-feasible-seed2026082701,GIFT-Long,GIFT-Eval,long,2,regime_switching,4,moirai2,capability_effect_nrmse,0.162369315,0.5324333428,11,timesfm2.5,0.3291136277,True,timesfm2.5
gift-v15-long-qualified-feasible-seed2026082701,GIFT-Long,GIFT-Eval,long,2,regime_switching,4,moirai2,capability_effect_nrmse,-0.1582529749,0.2349451397,11,toto2.0,0.04813870804,False,
gift-v15-long-qualified-feasible-seed2026082701,GIFT-Long,GIFT-Eval,long,2,regime_switching,4,timesfm2.5,capability_effect_nrmse,-0.4673681289,-0.114863875,11,toto2.0,-0.2809749197,True,timesfm2.5
gift-v15-long-qualified-feasible-seed2026082701,GIFT-Long,GIFT-Eval,long,2,regime_switching,5,Chronos-2,capability_effect_nrmse,-0.2844675625,-0.1055951129,11,Timer-3.5,-0.1820132391,True,Chronos-2
gift-v15-long-qualified-feasible-seed2026082701,GIFT-Long,GIFT-Eval,long,2,regime_switching,5,Chronos-2,capability_effect_nrmse,-0.471449512,-0.1901331372,11,moirai2,-0.3285993704,True,Chronos-2
gift-v15-long-qualified-feasible-seed2026082701,GIFT-Long,GIFT-Eval,long,2,regime_switching,5,Chronos-2,capability_effect_nrmse,-0.09803538457,-0.02805619579,11,timesfm2.5,-0.05912463408,True,Chronos-2
gift-v15-long-qualified-feasible-seed2026082701,GIFT-Long,GIFT-Eval,long,2,regime_switching,5,Chronos-2,capability_effect_nrmse,-0.460341107,-0.2951523253,11,toto2.0,-0.3738599511,True,Chronos-2
gift-v15-long-qualified-feasible-seed2026082701,GIFT-Long,GIFT-Eval,long,2,regime_switching,5,Timer-3.5,capability_effect_nrmse,-0.3103102952,0.006299036433,11,moirai2,-0.1465861313,False,
gift-v15-long-qualified-feasible-seed2026082701,GIFT-Long,GIFT-Eval,long,2,regime_switching,5,Timer-3.5,capability_effect_nrmse,0.07196611949,0.1864775783,11,timesfm2.5,0.122888605,True,timesfm2.5
gift-v15-long-qualified-feasible-seed2026082701,GIFT-Long,GIFT-Eval,long,2,regime_switching,5,Timer-3.5,capability_effect_nrmse,-0.3535922304,-0.02304240613,11,toto2.0,-0.191846712,True,Timer-3.5
gift-v15-long-qualified-feasible-seed2026082701,GIFT-Long,GIFT-Eval,long,2,regime_switching,5,moirai2,capability_effect_nrmse,0.1322924691,0.422639514,11,timesfm2.5,0.2694747363,True,timesfm2.5
gift-v15-long-qualified-feasible-seed2026082701,GIFT-Long,GIFT-Eval,long,2,regime_switching,5,moirai2,capability_effect_nrmse,-0.2354160612,0.1402716927,11,toto2.0,-0.04526058071,False,
gift-v15-long-qualified-feasible-seed2026082701,GIFT-Long,GIFT-Eval,long,2,regime_switching,5,timesfm2.5,capability_effect_nrmse,-0.4167956445,-0.2139595386,11,toto2.0,-0.314735317,True,timesfm2.5
gift-v15-long-qualified-feasible-seed2026082701,GIFT-Long,GIFT-Eval,long,2,time_varying_seasonality,1,Chronos-2,capability_effect_nrmse,-1.186531373,0.04186981207,10,Timer-3.5,-0.425078397,False,
gift-v15-long-qualified-feasible-seed2026082701,GIFT-Long,GIFT-Eval,long,2,time_varying_seasonality,1,Chronos-2,capability_effect_nrmse,-0.4869199667,0.04882347598,10,moirai2,-0.1859424931,False,
gift-v15-long-qualified-feasible-seed2026082701,GIFT-Long,GIFT-Eval,long,2,time_varying_seasonality,1,Chronos-2,capability_effect_nrmse,-0.2445910221,0.1085097444,10,timesfm2.5,-0.06931222223,False,
gift-v15-long-qualified-feasible-seed2026082701,GIFT-Long,GIFT-Eval,long,2,time_varying_seasonality,1,Chronos-2,capability_effect_nrmse,-1.523117217,0.1384446087,10,toto2.0,-0.5651204741,False,
gift-v15-long-qualified-feasible-seed2026082701,GIFT-Long,GIFT-Eval,long,2,time_varying_seasonality,1,Timer-3.5,capability_effect_nrmse,-0.08203426391,0.7233903663,10,moirai2,0.2391359039,False,
gift-v15-long-qualified-feasible-seed2026082701,GIFT-Long,GIFT-Eval,long,2,time_varying_seasonality,1,Timer-3.5,capability_effect_nrmse,-0.1382722369,1.10115747,10,timesfm2.5,0.3557661747,False,
gift-v15-long-qualified-feasible-seed2026082701,GIFT-Long,GIFT-Eval,long,2,time_varying_seasonality,1,Timer-3.5,capability_effect_nrmse,-0.6831238393,0.2884800649,10,toto2.0,-0.1400420771,False,
gift-v15-long-qualified-feasible-seed2026082701,GIFT-Long,GIFT-Eval,long,2,time_varying_seasonality,1,moirai2,capability_effect_nrmse,-0.09385344306,0.4068909642,10,timesfm2.5,0.1166302708,False,
gift-v15-long-qualified-feasible-seed2026082701,GIFT-Long,GIFT-Eval,long,2,time_varying_seasonality,1,moirai2,capability_effect_nrmse,-1.107257938,0.1761722987,10,toto2.0,-0.379177981,False,
gift-v15-long-qualified-feasible-seed2026082701,GIFT-Long,GIFT-Eval,long,2,time_varying_seasonality,1,timesfm2.5,capability_effect_nrmse,-1.481727422,0.1777852207,10,toto2.0,-0.4958082518,False,
gift-v15-long-qualified-feasible-seed2026082701,GIFT-Long,GIFT-Eval,long,2,time_varying_seasonality,2,Chronos-2,capability_effect_nrmse,-0.9588979466,-0.04551382103,10,Timer-3.5,-0.4103417622,True,Chronos-2
gift-v15-long-qualified-feasible-seed2026082701,GIFT-Long,GIFT-Eval,long,2,time_varying_seasonality,2,Chronos-2,capability_effect_nrmse,-0.5899023699,-0.06796316767,10,moirai2,-0.2847448161,True,Chronos-2
gift-v15-long-qualified-feasible-seed2026082701,GIFT-Long,GIFT-Eval,long,2,time_varying_seasonality,2,Chronos-2,capability_effect_nrmse,-0.2359269916,0.06189789199,10,timesfm2.5,-0.08708211418,False,
gift-v15-long-qualified-feasible-seed2026082701,GIFT-Long,GIFT-Eval,long,2,time_varying_seasonality,2,Chronos-2,capability_effect_nrmse,-0.9634682703,0.1686641391,10,toto2.0,-0.3018042824,False,
gift-v15-long-qualified-feasible-seed2026082701,GIFT-Long,GIFT-Eval,long,2,time_varying_seasonality,2,Timer-3.5,capability_effect_nrmse,-0.1129561031,0.3979952828,10,moirai2,0.1255969461,False,
gift-v15-long-qualified-feasible-seed2026082701,GIFT-Long,GIFT-Eval,long,2,time_varying_seasonality,2,Timer-3.5,capability_effect_nrmse,-0.02547175229,0.8525997113,10,timesfm2.5,0.323259648,False,
gift-v15-long-qualified-feasible-seed2026082701,GIFT-Long,GIFT-Eval,long,2,time_varying_seasonality,2,Timer-3.5,capability_effect_nrmse,-0.1548021865,0.385212065,10,toto2.0,0.1085374798,False,
gift-v15-long-qualified-feasible-seed2026082701,GIFT-Long,GIFT-Eval,long,2,time_varying_seasonality,2,moirai2,capability_effect_nrmse,-0.01320968436,0.4677985301,10,timesfm2.5,0.1976627019,False,
gift-v15-long-qualified-feasible-seed2026082701,GIFT-Long,GIFT-Eval,long,2,time_varying_seasonality,2,moirai2,capability_effect_nrmse,-0.4346075971,0.2834788668,10,toto2.0,-0.01705946629,False,
gift-v15-long-qualified-feasible-seed2026082701,GIFT-Long,GIFT-Eval,long,2,time_varying_seasonality,2,timesfm2.5,capability_effect_nrmse,-0.8805087896,0.2440732302,10,toto2.0,-0.2147221682,False,
gift-v15-long-qualified-feasible-seed2026082701,GIFT-Long,GIFT-Eval,long,2,time_varying_seasonality,3,Chronos-2,capability_effect_nrmse,-0.7287291158,-0.06424577973,10,Timer-3.5,-0.3639515345,True,Chronos-2
gift-v15-long-qualified-feasible-seed2026082701,GIFT-Long,GIFT-Eval,long,2,time_varying_seasonality,3,Chronos-2,capability_effect_nrmse,-0.6566601985,-0.146305349,10,moirai2,-0.3623818253,True,Chronos-2
gift-v15-long-qualified-feasible-seed2026082701,GIFT-Long,GIFT-Eval,long,2,time_varying_seasonality,3,Chronos-2,capability_effect_nrmse,-0.2292907019,-0.0006354114211,10,timesfm2.5,-0.12417532,True,Chronos-2
gift-v15-long-qualified-feasible-seed2026082701,GIFT-Long,GIFT-Eval,long,2,time_varying_seasonality,3,Chronos-2,capability_effect_nrmse,-0.7153817852,0.1334509446,10,toto2.0,-0.2080885696,False,
gift-v15-long-qualified-feasible-seed2026082701,GIFT-Long,GIFT-Eval,long,2,time_varying_seasonality,3,Timer-3.5,capability_effect_nrmse,-0.1627093851,0.1714997615,10,moirai2,0.001569709185,False,
gift-v15-long-qualified-feasible-seed2026082701,GIFT-Long,GIFT-Eval,long,2,time_varying_seasonality,3,Timer-3.5,capability_effect_nrmse,-0.02927065879,0.6236456095,10,timesfm2.5,0.2397762145,False,
gift-v15-long-qualified-feasible-seed2026082701,GIFT-Long,GIFT-Eval,long,2,time_varying_seasonality,3,Timer-3.5,capability_effect_nrmse,-0.1074386402,0.447756267,10,toto2.0,0.1558629649,False,
gift-v15-long-qualified-feasible-seed2026082701,GIFT-Long,GIFT-Eval,long,2,time_varying_seasonality,3,moirai2,capability_effect_nrmse,0.01345016586,0.5263747199,10,timesfm2.5,0.2382065053,True,timesfm2.5
gift-v15-long-qualified-feasible-seed2026082701,GIFT-Long,GIFT-Eval,long,2,time_varying_seasonality,3,moirai2,capability_effect_nrmse,-0.08171452876,0.3671069156,10,toto2.0,0.1542932557,False,
gift-v15-long-qualified-feasible-seed2026082701,GIFT-Long,GIFT-Eval,long,2,time_varying_seasonality,3,timesfm2.5,capability_effect_nrmse,-0.5684455163,0.2745277796,10,toto2.0,-0.08391324958,False,
gift-v15-long-qualified-feasible-seed2026082701,GIFT-Long,GIFT-Eval,long,2,time_varying_seasonality,4,Chronos-2,capability_effect_nrmse,-0.5699651214,-0.1019011564,10,Timer-3.5,-0.3203869774,True,Chronos-2
gift-v15-long-qualified-feasible-seed2026082701,GIFT-Long,GIFT-Eval,long,2,time_varying_seasonality,4,Chronos-2,capability_effect_nrmse,-0.5988685365,-0.2224445768,10,moirai2,-0.3894120548,True,Chronos-2
gift-v15-long-qualified-feasible-seed2026082701,GIFT-Long,GIFT-Eval,long,2,time_varying_seasonality,4,Chronos-2,capability_effect_nrmse,-0.1921012859,-0.03848931937,10,timesfm2.5,-0.1236585953,True,Chronos-2
gift-v15-long-qualified-feasible-seed2026082701,GIFT-Long,GIFT-Eval,long,2,time_varying_seasonality,4,Chronos-2,capability_effect_nrmse,-0.5085872409,0.1467186882,10,toto2.0,-0.1343869476,False,
gift-v15-long-qualified-feasible-seed2026082701,GIFT-Long,GIFT-Eval,long,2,time_varying_seasonality,4,Timer-3.5,capability_effect_nrmse,-0.1966247723,0.06769394244,10,moirai2,-0.06902507735,False,
gift-v15-long-qualified-feasible-seed2026082701,GIFT-Long,GIFT-Eval,long,2,time_varying_seasonality,4,Timer-3.5,capability_effect_nrmse,0.008209083123,0.4428216022,10,timesfm2.5,0.1967283821,True,timesfm2.5
gift-v15-long-qualified-feasible-seed2026082701,GIFT-Long,GIFT-Eval,long,2,time_varying_seasonality,4,Timer-3.5,capability_effect_nrmse,-0.01601493701,0.4209592624,10,toto2.0,0.1860000298,False,
gift-v15-long-qualified-feasible-seed2026082701,GIFT-Long,GIFT-Eval,long,2,time_varying_seasonality,4,moirai2,capability_effect_nrmse,0.09356048197,0.4781730398,10,timesfm2.5,0.2657534595,True,timesfm2.5
gift-v15-long-qualified-feasible-seed2026082701,GIFT-Long,GIFT-Eval,long,2,time_varying_seasonality,4,moirai2,capability_effect_nrmse,0.07393649417,0.4398857222,10,toto2.0,0.2550251072,True,toto2.0
gift-v15-long-qualified-feasible-seed2026082701,GIFT-Long,GIFT-Eval,long,2,time_varying_seasonality,4,timesfm2.5,capability_effect_nrmse,-0.3793624161,0.2716768494,10,toto2.0,-0.0107283523,False,
gift-v15-long-qualified-feasible-seed2026082701,GIFT-Long,GIFT-Eval,long,2,time_varying_seasonality,5,Chronos-2,capability_effect_nrmse,-0.4735824127,-0.1326217496,10,Timer-3.5,-0.2972083615,True,Chronos-2
gift-v15-long-qualified-feasible-seed2026082701,GIFT-Long,GIFT-Eval,long,2,time_varying_seasonality,5,Chronos-2,capability_effect_nrmse,-0.6249132022,-0.2991647987,10,moirai2,-0.4309920133,True,Chronos-2
gift-v15-long-qualified-feasible-seed2026082701,GIFT-Long,GIFT-Eval,long,2,time_varying_seasonality,5,Chronos-2,capability_effect_nrmse,-0.1677148298,-0.04488800054,10,timesfm2.5,-0.104657015,True,Chronos-2
gift-v15-long-qualified-feasible-seed2026082701,GIFT-Long,GIFT-Eval,long,2,time_varying_seasonality,5,Chronos-2,capability_effect_nrmse,-0.3905281939,0.1438651157,10,toto2.0,-0.08793903374,False,
gift-v15-long-qualified-feasible-seed2026082701,GIFT-Long,GIFT-Eval,long,2,time_varying_seasonality,5,Timer-3.5,capability_effect_nrmse,-0.2500045551,-0.01340748042,10,moirai2,-0.1337836518,True,Timer-3.5
gift-v15-long-qualified-feasible-seed2026082701,GIFT-Long,GIFT-Eval,long,2,time_varying_seasonality,5,Timer-3.5,capability_effect_nrmse,0.01321884332,0.3795549376,10,timesfm2.5,0.1925513465,True,timesfm2.5
gift-v15-long-qualified-feasible-seed2026082701,GIFT-Long,GIFT-Eval,long,2,time_varying_seasonality,5,Timer-3.5,capability_effect_nrmse,0.01419090193,0.4112317629,10,toto2.0,0.2092693277,True,toto2.0
gift-v15-long-qualified-feasible-seed2026082701,GIFT-Long,GIFT-Eval,long,2,time_varying_seasonality,5,moirai2,capability_effect_nrmse,0.1681133897,0.5389843864,10,timesfm2.5,0.3263349983,True,timesfm2.5
gift-v15-long-qualified-feasible-seed2026082701,GIFT-Long,GIFT-Eval,long,2,time_varying_seasonality,5,moirai2,capability_effect_nrmse,0.1865158264,0.5015397893,10,toto2.0,0.3430529795,True,toto2.0
gift-v15-long-qualified-feasible-seed2026082701,GIFT-Long,GIFT-Eval,long,2,time_varying_seasonality,5,timesfm2.5,capability_effect_nrmse,-0.282666042,0.2353926282,10,toto2.0,0.01671798123,False,
gift-v15-long-qualified-feasible-seed2026082701,GIFT-Long,GIFT-Eval,long,2,trend,1,Chronos-2,capability_effect_nrmse,-0.219724178,-0.098175793,10,Timer-3.5,-0.1569100018,True,Chronos-2
gift-v15-long-qualified-feasible-seed2026082701,GIFT-Long,GIFT-Eval,long,2,trend,1,Chronos-2,capability_effect_nrmse,-0.2384407144,-0.1022935975,10,moirai2,-0.1686882923,True,Chronos-2
gift-v15-long-qualified-feasible-seed2026082701,GIFT-Long,GIFT-Eval,long,2,trend,1,Chronos-2,capability_effect_nrmse,-0.2188525901,-0.03286888479,10,timesfm2.5,-0.1037693606,True,Chronos-2
gift-v15-long-qualified-feasible-seed2026082701,GIFT-Long,GIFT-Eval,long,2,trend,1,Chronos-2,capability_effect_nrmse,-0.6031340908,-0.1050861298,10,toto2.0,-0.310193672,True,Chronos-2
gift-v15-long-qualified-feasible-seed2026082701,GIFT-Long,GIFT-Eval,long,2,trend,1,Timer-3.5,capability_effect_nrmse,-0.1000967078,0.06890751545,10,moirai2,-0.01177829054,False,
gift-v15-long-qualified-feasible-seed2026082701,GIFT-Long,GIFT-Eval,long,2,trend,1,Timer-3.5,capability_effect_nrmse,-0.04230114584,0.1300712675,10,timesfm2.5,0.05314064122,False,
gift-v15-long-qualified-feasible-seed2026082701,GIFT-Long,GIFT-Eval,long,2,trend,1,Timer-3.5,capability_effect_nrmse,-0.4338225305,0.06911269996,10,toto2.0,-0.1532836702,False,
gift-v15-long-qualified-feasible-seed2026082701,GIFT-Long,GIFT-Eval,long,2,trend,1,moirai2,capability_effect_nrmse,-0.06750408306,0.1706604235,10,timesfm2.5,0.06491893176,False,
gift-v15-long-qualified-feasible-seed2026082701,GIFT-Long,GIFT-Eval,long,2,trend,1,moirai2,capability_effect_nrmse,-0.4522316846,0.09798519458,10,toto2.0,-0.1415053797,False,
gift-v15-long-qualified-feasible-seed2026082701,GIFT-Long,GIFT-Eval,long,2,trend,1,timesfm2.5,capability_effect_nrmse,-0.4149032405,-0.04374561959,10,toto2.0,-0.2064243115,True,timesfm2.5
gift-v15-long-qualified-feasible-seed2026082701,GIFT-Long,GIFT-Eval,long,2,trend,2,Chronos-2,capability_effect_nrmse,-0.2217733044,-0.09144013099,10,Timer-3.5,-0.151306283,True,Chronos-2
gift-v15-long-qualified-feasible-seed2026082701,GIFT-Long,GIFT-Eval,long,2,trend,2,Chronos-2,capability_effect_nrmse,-0.2191710579,-0.106919786,10,moirai2,-0.1593072585,True,Chronos-2
gift-v15-long-qualified-feasible-seed2026082701,GIFT-Long,GIFT-Eval,long,2,trend,2,Chronos-2,capability_effect_nrmse,-0.1467987709,-0.02440607551,10,timesfm2.5,-0.07370578379,True,Chronos-2
gift-v15-long-qualified-feasible-seed2026082701,GIFT-Long,GIFT-Eval,long,2,trend,2,Chronos-2,capability_effect_nrmse,-0.3983371995,-0.09191505258,10,toto2.0,-0.2276471084,True,Chronos-2
gift-v15-long-qualified-feasible-seed2026082701,GIFT-Long,GIFT-Eval,long,2,trend,2,Timer-3.5,capability_effect_nrmse,-0.08187721239,0.05998199323,10,moirai2,-0.008000975522,False,
gift-v15-long-qualified-feasible-seed2026082701,GIFT-Long,GIFT-Eval,long,2,trend,2,Timer-3.5,capability_effect_nrmse,0.005284006673,0.1549073614,10,timesfm2.5,0.07760049919,True,timesfm2.5
gift-v15-long-qualified-feasible-seed2026082701,GIFT-Long,GIFT-Eval,long,2,trend,2,Timer-3.5,capability_effect_nrmse,-0.2669387574,0.09026814516,10,toto2.0,-0.07634082545,False,
gift-v15-long-qualified-feasible-seed2026082701,GIFT-Long,GIFT-Eval,long,2,trend,2,moirai2,capability_effect_nrmse,-0.005784633828,0.1662792817,10,timesfm2.5,0.08560147472,False,
gift-v15-long-qualified-feasible-seed2026082701,GIFT-Long,GIFT-Eval,long,2,trend,2,moirai2,capability_effect_nrmse,-0.2715344726,0.09940112313,10,toto2.0,-0.06833984993,False,
gift-v15-long-qualified-feasible-seed2026082701,GIFT-Long,GIFT-Eval,long,2,trend,2,timesfm2.5,capability_effect_nrmse,-0.2960884633,-0.04791202402,10,toto2.0,-0.1539413246,True,timesfm2.5
gift-v15-long-qualified-feasible-seed2026082701,GIFT-Long,GIFT-Eval,long,2,trend,3,Chronos-2,capability_effect_nrmse,-0.169302004,-0.07848398813,10,Timer-3.5,-0.1223674325,True,Chronos-2
gift-v15-long-qualified-feasible-seed2026082701,GIFT-Long,GIFT-Eval,long,2,trend,3,Chronos-2,capability_effect_nrmse,-0.2038909615,-0.07836322553,10,moirai2,-0.1385066347,True,Chronos-2
gift-v15-long-qualified-feasible-seed2026082701,GIFT-Long,GIFT-Eval,long,2,trend,3,Chronos-2,capability_effect_nrmse,-0.1052427749,-0.02130097022,10,timesfm2.5,-0.05635374718,True,Chronos-2
gift-v15-long-qualified-feasible-seed2026082701,GIFT-Long,GIFT-Eval,long,2,trend,3,Chronos-2,capability_effect_nrmse,-0.3133095329,-0.08121639431,10,toto2.0,-0.1827388527,True,Chronos-2
gift-v15-long-qualified-feasible-seed2026082701,GIFT-Long,GIFT-Eval,long,2,trend,3,Timer-3.5,capability_effect_nrmse,-0.08017612258,0.03516399673,10,moirai2,-0.01613920229,False,
gift-v15-long-qualified-feasible-seed2026082701,GIFT-Long,GIFT-Eval,long,2,trend,3,Timer-3.5,capability_effect_nrmse,0.01073785295,0.115636611,10,timesfm2.5,0.06601368528,True,timesfm2.5
gift-v15-long-qualified-feasible-seed2026082701,GIFT-Long,GIFT-Eval,long,2,trend,3,Timer-3.5,capability_effect_nrmse,-0.2212351556,0.06724821508,10,toto2.0,-0.06037142027,False,
gift-v15-long-qualified-feasible-seed2026082701,GIFT-Long,GIFT-Eval,long,2,trend,3,moirai2,capability_effect_nrmse,0.01159418385,0.153848524,10,timesfm2.5,0.08215288757,True,timesfm2.5
gift-v15-long-qualified-feasible-seed2026082701,GIFT-Long,GIFT-Eval,long,2,trend,3,moirai2,capability_effect_nrmse,-0.209102133,0.09305955468,10,toto2.0,-0.04423221798,False,
gift-v15-long-qualified-feasible-seed2026082701,GIFT-Long,GIFT-Eval,long,2,trend,3,timesfm2.5,capability_effect_nrmse,-0.2395356744,-0.03796285578,10,toto2.0,-0.1263851055,True,timesfm2.5
gift-v15-long-qualified-feasible-seed2026082701,GIFT-Long,GIFT-Eval,long,2,trend,4,Chronos-2,capability_effect_nrmse,-0.1611823227,-0.07514508329,10,Timer-3.5,-0.1140246028,True,Chronos-2
gift-v15-long-qualified-feasible-seed2026082701,GIFT-Long,GIFT-Eval,long,2,trend,4,Chronos-2,capability_effect_nrmse,-0.2099904667,-0.08314805062,10,moirai2,-0.1424166393,True,Chronos-2
gift-v15-long-qualified-feasible-seed2026082701,GIFT-Long,GIFT-Eval,long,2,trend,4,Chronos-2,capability_effect_nrmse,-0.07936034701,-0.01582681169,10,timesfm2.5,-0.04283408565,True,Chronos-2
gift-v15-long-qualified-feasible-seed2026082701,GIFT-Long,GIFT-Eval,long,2,trend,4,Chronos-2,capability_effect_nrmse,-0.2205714739,-0.06433017035,10,toto2.0,-0.1393126104,True,Chronos-2
gift-v15-long-qualified-feasible-seed2026082701,GIFT-Long,GIFT-Eval,long,2,trend,4,Timer-3.5,capability_effect_nrmse,-0.09221472212,0.01955951761,10,moirai2,-0.0283920365,False,
gift-v15-long-qualified-feasible-seed2026082701,GIFT-Long,GIFT-Eval,long,2,trend,4,Timer-3.5,capability_effect_nrmse,0.0191913794,0.121334163,10,timesfm2.5,0.07119051716,True,timesfm2.5
gift-v15-long-qualified-feasible-seed2026082701,GIFT-Long,GIFT-Eval,long,2,trend,4,Timer-3.5,capability_effect_nrmse,-0.139561302,0.08594169314,10,toto2.0,-0.0252880076,False,
gift-v15-long-qualified-feasible-seed2026082701,GIFT-Long,GIFT-Eval,long,2,trend,4,moirai2,capability_effect_nrmse,0.040408701,0.1667773453,10,timesfm2.5,0.09958255366,True,timesfm2.5
gift-v15-long-qualified-feasible-seed2026082701,GIFT-Long,GIFT-Eval,long,2,trend,4,moirai2,capability_effect_nrmse,-0.1121965962,0.1200806364,10,toto2.0,0.003104028901,False,
gift-v15-long-qualified-feasible-seed2026082701,GIFT-Long,GIFT-Eval,long,2,trend,4,timesfm2.5,capability_effect_nrmse,-0.1719054618,-0.03074181657,10,toto2.0,-0.09647852476,True,timesfm2.5
gift-v15-long-qualified-feasible-seed2026082701,GIFT-Long,GIFT-Eval,long,2,trend,5,Chronos-2,capability_effect_nrmse,-0.1412456009,-0.06050045197,10,Timer-3.5,-0.0989557167,True,Chronos-2
gift-v15-long-qualified-feasible-seed2026082701,GIFT-Long,GIFT-Eval,long,2,trend,5,Chronos-2,capability_effect_nrmse,-0.2100910813,-0.08925193299,10,moirai2,-0.1459443533,True,Chronos-2
gift-v15-long-qualified-feasible-seed2026082701,GIFT-Long,GIFT-Eval,long,2,trend,5,Chronos-2,capability_effect_nrmse,-0.05741711911,-0.01393293994,10,timesfm2.5,-0.03406639356,True,Chronos-2
gift-v15-long-qualified-feasible-seed2026082701,GIFT-Long,GIFT-Eval,long,2,trend,5,Chronos-2,capability_effect_nrmse,-0.1836317169,-0.04971512059,10,toto2.0,-0.1152389814,True,Chronos-2
gift-v15-long-qualified-feasible-seed2026082701,GIFT-Long,GIFT-Eval,long,2,trend,5,Timer-3.5,capability_effect_nrmse,-0.1054375701,-0.004102652694,10,moirai2,-0.04698863659,True,Timer-3.5
gift-v15-long-qualified-feasible-seed2026082701,GIFT-Long,GIFT-Eval,long,2,trend,5,Timer-3.5,capability_effect_nrmse,0.0231234234,0.1095142605,10,timesfm2.5,0.06488932314,True,timesfm2.5
gift-v15-long-qualified-feasible-seed2026082701,GIFT-Long,GIFT-Eval,long,2,trend,5,Timer-3.5,capability_effect_nrmse,-0.1113576678,0.07841569286,10,toto2.0,-0.01628326471,False,
gift-v15-long-qualified-feasible-seed2026082701,GIFT-Long,GIFT-Eval,long,2,trend,5,moirai2,capability_effect_nrmse,0.05918241093,0.1741357009,10,timesfm2.5,0.1118779597,True,timesfm2.5
gift-v15-long-qualified-feasible-seed2026082701,GIFT-Long,GIFT-Eval,long,2,trend,5,moirai2,capability_effect_nrmse,-0.08572469838,0.1447613935,10,toto2.0,0.03070537188,False,
gift-v15-long-qualified-feasible-seed2026082701,GIFT-Long,GIFT-Eval,long,2,trend,5,timesfm2.5,capability_effect_nrmse,-0.1473588204,-0.02191885379,10,toto2.0,-0.08117258785,True,timesfm2.5
gift-v15-long-qualified-feasible-seed2026082701,GIFT-Long,GIFT-Eval,long,2,common_factor,1,Chronos-2,input_ablation_mase_degradation,-0.0319192331,-0.01147625819,4,Timer-3.5,-0.02422816016,True,Chronos-2
gift-v15-long-qualified-feasible-seed2026082701,GIFT-Long,GIFT-Eval,long,2,common_factor,1,Chronos-2,input_ablation_mase_degradation,-0.03757229792,-0.0116106222,4,moirai2,-0.02644469589,True,Chronos-2
gift-v15-long-qualified-feasible-seed2026082701,GIFT-Long,GIFT-Eval,long,2,common_factor,1,Chronos-2,input_ablation_mase_degradation,-0.03757229792,-0.0116106222,4,timesfm2.5,-0.02644469589,True,Chronos-2
gift-v15-long-qualified-feasible-seed2026082701,GIFT-Long,GIFT-Eval,long,2,common_factor,1,Chronos-2,input_ablation_mase_degradation,-0.1239139722,0.02421167772,4,toto2.0,-0.04249628061,False,
gift-v15-long-qualified-feasible-seed2026082701,GIFT-Long,GIFT-Eval,long,2,common_factor,1,Timer-3.5,input_ablation_mase_degradation,-0.005390924817,-0.000202208785,4,moirai2,-0.002216535728,True,Timer-3.5
gift-v15-long-qualified-feasible-seed2026082701,GIFT-Long,GIFT-Eval,long,2,common_factor,1,Timer-3.5,input_ablation_mase_degradation,-0.005390924817,-0.0001343640118,4,timesfm2.5,-0.002216535728,True,Timer-3.5
gift-v15-long-qualified-feasible-seed2026082701,GIFT-Long,GIFT-Eval,long,2,common_factor,1,Timer-3.5,input_ablation_mase_degradation,-0.08434742203,0.05323128916,4,toto2.0,-0.01826812045,False,
gift-v15-long-qualified-feasible-seed2026082701,GIFT-Long,GIFT-Eval,long,2,common_factor,1,moirai2,input_ablation_mase_degradation,0,0,4,timesfm2.5,0,False,
gift-v15-long-qualified-feasible-seed2026082701,GIFT-Long,GIFT-Eval,long,2,common_factor,1,moirai2,input_ablation_mase_degradation,-0.1002964767,0.05881025003,4,toto2.0,-0.01605158472,False,
gift-v15-long-qualified-feasible-seed2026082701,GIFT-Long,GIFT-Eval,long,2,common_factor,1,timesfm2.5,input_ablation_mase_degradation,-0.1002964767,0.05862221398,4,toto2.0,-0.01605158472,False,
gift-v15-long-qualified-feasible-seed2026082701,GIFT-Long,GIFT-Eval,long,2,common_factor,2,Chronos-2,input_ablation_mase_degradation,-0.1015120839,0.03915561636,4,Timer-3.5,-0.03117823375,False,
gift-v15-long-qualified-feasible-seed2026082701,GIFT-Long,GIFT-Eval,long,2,common_factor,2,Chronos-2,input_ablation_mase_degradation,-0.1012632194,0.03535927199,4,moirai2,-0.03295197371,False,
gift-v15-long-qualified-feasible-seed2026082701,GIFT-Long,GIFT-Eval,long,2,common_factor,2,Chronos-2,input_ablation_mase_degradation,-0.1012632194,0.03535927199,4,timesfm2.5,-0.03295197371,False,
gift-v15-long-qualified-feasible-seed2026082701,GIFT-Long,GIFT-Eval,long,2,common_factor,2,Chronos-2,input_ablation_mase_degradation,-0.2111883344,0.1055126637,4,toto2.0,-0.05818164485,False,
gift-v15-long-qualified-feasible-seed2026082701,GIFT-Long,GIFT-Eval,long,2,common_factor,2,Timer-3.5,input_ablation_mase_degradation,-0.005562922338,0.001038187397,4,moirai2,-0.001773739961,False,
gift-v15-long-qualified-feasible-seed2026082701,GIFT-Long,GIFT-Eval,long,2,common_factor,2,Timer-3.5,input_ablation_mase_degradation,-0.005562922338,0.001038187397,4,timesfm2.5,-0.001773739961,False,
gift-v15-long-qualified-feasible-seed2026082701,GIFT-Long,GIFT-Eval,long,2,common_factor,2,Timer-3.5,input_ablation_mase_degradation,-0.118412359,0.07506791123,4,toto2.0,-0.02700341109,False,
gift-v15-long-qualified-feasible-seed2026082701,GIFT-Long,GIFT-Eval,long,2,common_factor,2,moirai2,input_ablation_mase_degradation,0,0,4,timesfm2.5,0,False,
gift-v15-long-qualified-feasible-seed2026082701,GIFT-Long,GIFT-Eval,long,2,common_factor,2,moirai2,input_ablation_mase_degradation,-0.1197171947,0.08089748182,4,toto2.0,-0.02522967113,False,
gift-v15-long-qualified-feasible-seed2026082701,GIFT-Long,GIFT-Eval,long,2,common_factor,2,timesfm2.5,input_ablation_mase_degradation,-0.1197171947,0.08089748182,4,toto2.0,-0.02522967113,False,
gift-v15-long-qualified-feasible-seed2026082701,GIFT-Long,GIFT-Eval,long,2,common_factor,3,Chronos-2,input_ablation_mase_degradation,-0.1201280507,0.05152830338,4,Timer-3.5,-0.02322450319,False,
gift-v15-long-qualified-feasible-seed2026082701,GIFT-Long,GIFT-Eval,long,2,common_factor,3,Chronos-2,input_ablation_mase_degradation,-0.1234161897,0.05935896186,4,moirai2,-0.02161795323,False,
gift-v15-long-qualified-feasible-seed2026082701,GIFT-Long,GIFT-Eval,long,2,common_factor,3,Chronos-2,input_ablation_mase_degradation,-0.1234161897,0.05935896186,4,timesfm2.5,-0.02161795323,False,
gift-v15-long-qualified-feasible-seed2026082701,GIFT-Long,GIFT-Eval,long,2,common_factor,3,Chronos-2,input_ablation_mase_degradation,-0.1463888578,0.1302362295,4,toto2.0,-0.0208225676,False,
gift-v15-long-qualified-feasible-seed2026082701,GIFT-Long,GIFT-Eval,long,2,common_factor,3,Timer-3.5,input_ablation_mase_degradation,-0.00328813902,0.007830658473,4,moirai2,0.001606549967,False,
gift-v15-long-qualified-feasible-seed2026082701,GIFT-Long,GIFT-Eval,long,2,common_factor,3,Timer-3.5,input_ablation_mase_degradation,-0.00328813902,0.007830658473,4,timesfm2.5,0.001606549967,False,
gift-v15-long-qualified-feasible-seed2026082701,GIFT-Long,GIFT-Eval,long,2,common_factor,3,Timer-3.5,input_ablation_mase_degradation,-0.07699759207,0.0969729734,4,toto2.0,0.002401935592,False,
gift-v15-long-qualified-feasible-seed2026082701,GIFT-Long,GIFT-Eval,long,2,common_factor,3,moirai2,input_ablation_mase_degradation,0,0,4,timesfm2.5,0,False,
gift-v15-long-qualified-feasible-seed2026082701,GIFT-Long,GIFT-Eval,long,2,common_factor,3,moirai2,input_ablation_mase_degradation,-0.07796545811,0.09010049289,4,toto2.0,0.0007953856258,False,
gift-v15-long-qualified-feasible-seed2026082701,GIFT-Long,GIFT-Eval,long,2,common_factor,3,timesfm2.5,input_ablation_mase_degradation,-0.07796545811,0.09010049289,4,toto2.0,0.0007953856258,False,
gift-v15-long-qualified-feasible-seed2026082701,GIFT-Long,GIFT-Eval,long,2,common_factor,4,Chronos-2,input_ablation_mase_degradation,-0.02790868406,0.1037093508,4,Timer-3.5,0.03789444921,False,
gift-v15-long-qualified-feasible-seed2026082701,GIFT-Long,GIFT-Eval,long,2,common_factor,4,Chronos-2,input_ablation_mase_degradation,-0.02639616313,0.1007655709,4,moirai2,0.03807295658,False,
gift-v15-long-qualified-feasible-seed2026082701,GIFT-Long,GIFT-Eval,long,2,common_factor,4,Chronos-2,input_ablation_mase_degradation,-0.02639616313,0.1007655709,4,timesfm2.5,0.03807295658,False,
gift-v15-long-qualified-feasible-seed2026082701,GIFT-Long,GIFT-Eval,long,2,common_factor,4,Chronos-2,input_ablation_mase_degradation,-0.1074409834,0.2003367941,4,toto2.0,0.03861456782,False,
gift-v15-long-qualified-feasible-seed2026082701,GIFT-Long,GIFT-Eval,long,2,common_factor,4,Timer-3.5,input_ablation_mase_degradation,-0.007616977133,0.009762265523,4,moirai2,0.0001785073668,False,
gift-v15-long-qualified-feasible-seed2026082701,GIFT-Long,GIFT-Eval,long,2,common_factor,4,Timer-3.5,input_ablation_mase_degradation,-0.007616977133,0.009762265523,4,timesfm2.5,0.0001785073668,False,
gift-v15-long-qualified-feasible-seed2026082701,GIFT-Long,GIFT-Eval,long,2,common_factor,4,Timer-3.5,input_ablation_mase_degradation,-0.07474536383,0.105531649,4,toto2.0,0.0007201186067,False,
gift-v15-long-qualified-feasible-seed2026082701,GIFT-Long,GIFT-Eval,long,2,common_factor,4,moirai2,input_ablation_mase_degradation,0,0,4,timesfm2.5,0,False,
gift-v15-long-qualified-feasible-seed2026082701,GIFT-Long,GIFT-Eval,long,2,common_factor,4,moirai2,input_ablation_mase_degradation,-0.08038275706,0.08685546186,4,toto2.0,0.0005416112399,False,
gift-v15-long-qualified-feasible-seed2026082701,GIFT-Long,GIFT-Eval,long,2,common_factor,4,timesfm2.5,input_ablation_mase_degradation,-0.08038275706,0.08630110373,4,toto2.0,0.0005416112399,False,
gift-v15-long-qualified-feasible-seed2026082701,GIFT-Long,GIFT-Eval,long,2,common_factor,5,Chronos-2,input_ablation_mase_degradation,-0.1020781735,0.1775865557,4,Timer-3.5,0.02595659912,False,
gift-v15-long-qualified-feasible-seed2026082701,GIFT-Long,GIFT-Eval,long,2,common_factor,5,Chronos-2,input_ablation_mase_degradation,-0.1018696456,0.1661500801,4,moirai2,0.01950795798,False,
gift-v15-long-qualified-feasible-seed2026082701,GIFT-Long,GIFT-Eval,long,2,common_factor,5,Chronos-2,input_ablation_mase_degradation,-0.1018701088,0.1653860866,4,timesfm2.5,0.01950784421,False,
gift-v15-long-qualified-feasible-seed2026082701,GIFT-Long,GIFT-Eval,long,2,common_factor,5,Chronos-2,input_ablation_mase_degradation,-0.1641121711,0.1967216007,4,toto2.0,0.00374191877,False,
gift-v15-long-qualified-feasible-seed2026082701,GIFT-Long,GIFT-Eval,long,2,common_factor,5,Timer-3.5,input_ablation_mase_degradation,-0.01314101921,0.0002085279369,4,moirai2,-0.006448641134,False,
gift-v15-long-qualified-feasible-seed2026082701,GIFT-Long,GIFT-Eval,long,2,common_factor,5,Timer-3.5,input_ablation_mase_degradation,-0.01314089726,0.0002080646798,4,timesfm2.5,-0.006448754903,False,
gift-v15-long-qualified-feasible-seed2026082701,GIFT-Long,GIFT-Eval,long,2,common_factor,5,Timer-3.5,input_ablation_mase_degradation,-0.08405052991,0.02335063223,4,toto2.0,-0.02221468035,False,
gift-v15-long-qualified-feasible-seed2026082701,GIFT-Long,GIFT-Eval,long,2,common_factor,5,moirai2,input_ablation_mase_degradation,-6.948856365e-07,3.535799435e-07,4,timesfm2.5,-1.137685643e-07,False,
gift-v15-long-qualified-feasible-seed2026082701,GIFT-Long,GIFT-Eval,long,2,common_factor,5,moirai2,input_ablation_mase_degradation,-0.08330533323,0.03649165144,4,toto2.0,-0.01576603921,False,
gift-v15-long-qualified-feasible-seed2026082701,GIFT-Long,GIFT-Eval,long,2,common_factor,5,timesfm2.5,input_ablation_mase_degradation,-0.08330533323,0.04139941641,4,toto2.0,-0.01576592544,False,
gift-v15-long-qualified-feasible-seed2026082701,GIFT-Long,GIFT-Eval,long,2,covariate_impulse_response,1,Chronos-2,input_ablation_mase_degradation,3.965992297e-05,0.05959313787,3,Timer-3.5,0.02275114934,True,Timer-3.5
gift-v15-long-qualified-feasible-seed2026082701,GIFT-Long,GIFT-Eval,long,2,covariate_impulse_response,1,Chronos-2,input_ablation_mase_degradation,-0.01749488202,0.004937557658,3,moirai2,-0.00417847714,False,
gift-v15-long-qualified-feasible-seed2026082701,GIFT-Long,GIFT-Eval,long,2,covariate_impulse_response,1,Chronos-2,input_ablation_mase_degradation,-0.01749488202,0.004934127061,3,timesfm2.5,-0.004179620672,False,
gift-v15-long-qualified-feasible-seed2026082701,GIFT-Long,GIFT-Eval,long,2,covariate_impulse_response,1,Chronos-2,input_ablation_mase_degradation,-0.0175042262,0.005574082914,3,toto2.0,-0.003969410888,False,
gift-v15-long-qualified-feasible-seed2026082701,GIFT-Long,GIFT-Eval,long,2,covariate_impulse_response,1,Timer-3.5,input_ablation_mase_degradation,-0.05465558021,-1.776698377e-05,3,moirai2,-0.02692962648,True,Timer-3.5
gift-v15-long-qualified-feasible-seed2026082701,GIFT-Long,GIFT-Eval,long,2,covariate_impulse_response,1,Timer-3.5,input_ablation_mase_degradation,-0.05465901081,-1.776698377e-05,3,timesfm2.5,-0.02693077002,True,Timer-3.5
gift-v15-long-qualified-feasible-seed2026082701,GIFT-Long,GIFT-Eval,long,2,covariate_impulse_response,1,Timer-3.5,input_ablation_mase_degradation,-0.05401905496,-1.774930206e-05,3,toto2.0,-0.02672056023,True,Timer-3.5
gift-v15-long-qualified-feasible-seed2026082701,GIFT-Long,GIFT-Eval,long,2,covariate_impulse_response,1,moirai2,input_ablation_mase_degradation,-3.430597076e-06,0,3,timesfm2.5,-1.143532359e-06,False,
gift-v15-long-qualified-feasible-seed2026082701,GIFT-Long,GIFT-Eval,long,2,covariate_impulse_response,1,moirai2,input_ablation_mase_degradation,-9.344183013e-06,0.0006365252562,3,toto2.0,0.0002090662516,False,
gift-v15-long-qualified-feasible-seed2026082701,GIFT-Long,GIFT-Eval,long,2,covariate_impulse_response,1,timesfm2.5,input_ablation_mase_degradation,-9.344183013e-06,0.0006399558533,3,toto2.0,0.000210209784,False,
gift-v15-long-qualified-feasible-seed2026082701,GIFT-Long,GIFT-Eval,long,2,covariate_impulse_response,2,Chronos-2,input_ablation_mase_degradation,-0.03985275746,0.009516321212,3,Timer-3.5,-0.01002497239,False,
gift-v15-long-qualified-feasible-seed2026082701,GIFT-Long,GIFT-Eval,long,2,covariate_impulse_response,2,Chronos-2,input_ablation_mase_degradation,-0.03451872943,0.01663668013,3,moirai2,-0.005936810537,False,
gift-v15-long-qualified-feasible-seed2026082701,GIFT-Long,GIFT-Eval,long,2,covariate_impulse_response,2,Chronos-2,input_ablation_mase_degradation,-0.03451872943,0.01664006351,3,timesfm2.5,-0.005935682404,False,
gift-v15-long-qualified-feasible-seed2026082701,GIFT-Long,GIFT-Eval,long,2,covariate_impulse_response,2,Chronos-2,input_ablation_mase_degradation,-0.03450797639,0.01611312041,3,toto2.0,-0.006107817333,False,
gift-v15-long-qualified-feasible-seed2026082701,GIFT-Long,GIFT-Eval,long,2,covariate_impulse_response,2,Timer-3.5,input_ablation_mase_degradation,-0.0001899013738,0.007120358913,3,moirai2,0.004088161857,False,
gift-v15-long-qualified-feasible-seed2026082701,GIFT-Long,GIFT-Eval,long,2,covariate_impulse_response,2,Timer-3.5,input_ablation_mase_degradation,-0.0001899003615,0.0071237423,3,timesfm2.5,0.00408928999,False,
gift-v15-long-qualified-feasible-seed2026082701,GIFT-Long,GIFT-Eval,long,2,covariate_impulse_response,2,Timer-3.5,input_ablation_mase_degradation,-0.0001901150814,0.006596799195,3,toto2.0,0.003917155061,False,
gift-v15-long-qualified-feasible-seed2026082701,GIFT-Long,GIFT-Eval,long,2,covariate_impulse_response,2,moirai2,input_ablation_mase_degradation,0,3.383387025e-06,3,timesfm2.5,1.128133105e-06,False,
gift-v15-long-qualified-feasible-seed2026082701,GIFT-Long,GIFT-Eval,long,2,covariate_impulse_response,2,moirai2,input_ablation_mase_degradation,-0.000523559718,1.075303826e-05,3,toto2.0,-0.0001710067958,False,
gift-v15-long-qualified-feasible-seed2026082701,GIFT-Long,GIFT-Eval,long,2,covariate_impulse_response,2,timesfm2.5,input_ablation_mase_degradation,-0.000526943105,1.075303826e-05,3,toto2.0,-0.0001721349289,False,
gift-v15-long-qualified-feasible-seed2026082701,GIFT-Long,GIFT-Eval,long,2,covariate_impulse_response,3,Chronos-2,input_ablation_mase_degradation,-0.1710201622,0.0007140951476,3,Timer-3.5,-0.05781989331,False,
gift-v15-long-qualified-feasible-seed2026082701,GIFT-Long,GIFT-Eval,long,2,covariate_impulse_response,3,Chronos-2,input_ablation_mase_degradation,-0.0151139893,0.01487598106,3,moirai2,0.0001146987372,False,
gift-v15-long-qualified-feasible-seed2026082701,GIFT-Long,GIFT-Eval,long,2,covariate_impulse_response,3,Chronos-2,input_ablation_mase_degradation,-0.0151139893,0.01487963197,3,timesfm2.5,0.0001159173903,False,
gift-v15-long-qualified-feasible-seed2026082701,GIFT-Long,GIFT-Eval,long,2,covariate_impulse_response,3,Chronos-2,input_ablation_mase_degradation,-0.01511023988,0.01421769984,3,toto2.0,-0.0001032172141,False,
gift-v15-long-qualified-feasible-seed2026082701,GIFT-Long,GIFT-Eval,long,2,covariate_impulse_response,3,Timer-3.5,input_ablation_mase_degradation,-0.0001319906966,0.1559061729,3,moirai2,0.05793459205,False,
gift-v15-long-qualified-feasible-seed2026082701,GIFT-Long,GIFT-Eval,long,2,covariate_impulse_response,3,Timer-3.5,input_ablation_mase_degradation,-0.000131985648,0.1559061729,3,timesfm2.5,0.0579358107,False,
gift-v15-long-qualified-feasible-seed2026082701,GIFT-Long,GIFT-Eval,long,2,covariate_impulse_response,3,Timer-3.5,input_ablation_mase_degradation,-0.0001312067475,0.1559099223,3,toto2.0,0.0577166761,False,
gift-v15-long-qualified-feasible-seed2026082701,GIFT-Long,GIFT-Eval,long,2,covariate_impulse_response,3,moirai2,input_ablation_mase_degradation,0,3.650910649e-06,3,timesfm2.5,1.218653058e-06,False,
gift-v15-long-qualified-feasible-seed2026082701,GIFT-Long,GIFT-Eval,long,2,covariate_impulse_response,3,moirai2,input_ablation_mase_degradation,-0.0006582812216,3.749418371e-06,3,toto2.0,-0.0002179159514,False,
gift-v15-long-qualified-feasible-seed2026082701,GIFT-Long,GIFT-Eval,long,2,covariate_impulse_response,3,timesfm2.5,input_ablation_mase_degradation,-0.0006619321323,3.749418371e-06,3,toto2.0,-0.0002191346044,False,
gift-v15-long-qualified-feasible-seed2026082701,GIFT-Long,GIFT-Eval,long,2,covariate_impulse_response,4,Chronos-2,input_ablation_mase_degradation,-0.05357396579,0.01509863952,3,Timer-3.5,-0.01262718442,False,
gift-v15-long-qualified-feasible-seed2026082701,GIFT-Long,GIFT-Eval,long,2,covariate_impulse_response,4,Chronos-2,input_ablation_mase_degradation,-0.01703408929,0.02228937604,3,moirai2,0.001941130379,False,
gift-v15-long-qualified-feasible-seed2026082701,GIFT-Long,GIFT-Eval,long,2,covariate_impulse_response,4,Chronos-2,input_ablation_mase_degradation,-0.01703402585,0.02228684244,3,timesfm2.5,0.00194030829,False,
gift-v15-long-qualified-feasible-seed2026082701,GIFT-Long,GIFT-Eval,long,2,covariate_impulse_response,4,Chronos-2,input_ablation_mase_degradation,-0.0171467627,0.02126513824,3,toto2.0,0.001562398203,False,
gift-v15-long-qualified-feasible-seed2026082701,GIFT-Long,GIFT-Eval,long,2,covariate_impulse_response,4,Timer-3.5,input_ablation_mase_degradation,-2.566862334e-05,0.0365398765,3,moirai2,0.0145683148,False,
gift-v15-long-qualified-feasible-seed2026082701,GIFT-Long,GIFT-Eval,long,2,covariate_impulse_response,4,Timer-3.5,input_ablation_mase_degradation,-2.566472838e-05,0.03653993995,3,timesfm2.5,0.01456749271,False,
gift-v15-long-qualified-feasible-seed2026082701,GIFT-Long,GIFT-Eval,long,2,covariate_impulse_response,4,Timer-3.5,input_ablation_mase_degradation,-2.495393544e-05,0.03642720309,3,toto2.0,0.01418958263,False,
gift-v15-long-qualified-feasible-seed2026082701,GIFT-Long,GIFT-Eval,long,2,covariate_impulse_response,4,moirai2,input_ablation_mase_degradation,-2.533606096e-06,6.344331393e-08,3,timesfm2.5,-8.220892745e-07,False,
gift-v15-long-qualified-feasible-seed2026082701,GIFT-Long,GIFT-Eval,long,2,covariate_impulse_response,4,moirai2,input_ablation_mase_degradation,-0.001024237804,7.146878984e-07,3,toto2.0,-0.0003787321756,False,
gift-v15-long-qualified-feasible-seed2026082701,GIFT-Long,GIFT-Eval,long,2,covariate_impulse_response,4,timesfm2.5,input_ablation_mase_degradation,-0.001021704198,7.107929393e-07,3,toto2.0,-0.0003779100863,False,
gift-v15-long-qualified-feasible-seed2026082701,GIFT-Long,GIFT-Eval,long,2,covariate_impulse_response,5,Chronos-2,input_ablation_mase_degradation,-0.03110985068,0.007159101132,3,Timer-3.5,-0.007808909004,False,
gift-v15-long-qualified-feasible-seed2026082701,GIFT-Long,GIFT-Eval,long,2,covariate_impulse_response,5,Chronos-2,input_ablation_mase_degradation,-0.04213335394,0.01175517693,3,moirai2,-0.009816732261,False,
gift-v15-long-qualified-feasible-seed2026082701,GIFT-Long,GIFT-Eval,long,2,covariate_impulse_response,5,Chronos-2,input_ablation_mase_degradation,-0.04213391664,0.01176128277,3,timesfm2.5,-0.00981484003,False,
gift-v15-long-qualified-feasible-seed2026082701,GIFT-Long,GIFT-Eval,long,2,covariate_impulse_response,5,Chronos-2,input_ablation_mase_degradation,-0.04218317746,0.01302319171,3,toto2.0,-0.009411352152,False,
gift-v15-long-qualified-feasible-seed2026082701,GIFT-Long,GIFT-Eval,long,2,covariate_impulse_response,5,Timer-3.5,input_ablation_mase_degradation,-0.01102350327,0.004596075802,3,moirai2,-0.002007823257,False,
gift-v15-long-qualified-feasible-seed2026082701,GIFT-Long,GIFT-Eval,long,2,covariate_impulse_response,5,Timer-3.5,input_ablation_mase_degradation,-0.01102406597,0.004602181635,3,timesfm2.5,-0.002005931025,False,
gift-v15-long-qualified-feasible-seed2026082701,GIFT-Long,GIFT-Eval,long,2,covariate_impulse_response,5,Timer-3.5,input_ablation_mase_degradation,-0.01107332678,0.005864090575,3,toto2.0,-0.001602443147,False,
gift-v15-long-qualified-feasible-seed2026082701,GIFT-Long,GIFT-Eval,long,2,covariate_impulse_response,5,moirai2,input_ablation_mase_degradation,-5.627008537e-07,6.105833332e-06,3,timesfm2.5,1.892231292e-06,False,
gift-v15-long-qualified-feasible-seed2026082701,GIFT-Long,GIFT-Eval,long,2,covariate_impulse_response,5,moirai2,input_ablation_mase_degradation,-4.982351615e-05,0.001268014774,3,toto2.0,0.0004053801092,False,
gift-v15-long-qualified-feasible-seed2026082701,GIFT-Long,GIFT-Eval,long,2,covariate_impulse_response,5,timesfm2.5,input_ablation_mase_degradation,-4.92608153e-05,0.00126190894,3,toto2.0,0.0004034878779,False,
gift-v15-long-qualified-feasible-seed2026082701,GIFT-Long,GIFT-Eval,long,2,cross_series_dependence,1,Chronos-2,input_ablation_mase_degradation,-0.3059080981,-0.006128558276,6,Timer-3.5,-0.1147563484,True,Chronos-2
gift-v15-long-qualified-feasible-seed2026082701,GIFT-Long,GIFT-Eval,long,2,cross_series_dependence,1,Chronos-2,input_ablation_mase_degradation,-0.03236555603,0.04986658222,6,moirai2,0.003497490388,False,
gift-v15-long-qualified-feasible-seed2026082701,GIFT-Long,GIFT-Eval,long,2,cross_series_dependence,1,Chronos-2,input_ablation_mase_degradation,-0.03238534319,0.05251918794,6,timesfm2.5,0.003497567962,False,
gift-v15-long-qualified-feasible-seed2026082701,GIFT-Long,GIFT-Eval,long,2,cross_series_dependence,1,Chronos-2,input_ablation_mase_degradation,-2.765529156,0.005061230242,6,toto2.0,-0.932491145,False,
gift-v15-long-qualified-feasible-seed2026082701,GIFT-Long,GIFT-Eval,long,2,cross_series_dependence,1,Timer-3.5,input_ablation_mase_degradation,0.0006554906895,0.3524705554,6,moirai2,0.1182538388,True,moirai2
gift-v15-long-qualified-feasible-seed2026082701,GIFT-Long,GIFT-Eval,long,2,cross_series_dependence,1,Timer-3.5,input_ablation_mase_degradation,0.0006555682634,0.3524741764,6,timesfm2.5,0.1182539164,True,timesfm2.5
gift-v15-long-qualified-feasible-seed2026082701,GIFT-Long,GIFT-Eval,long,2,cross_series_dependence,1,Timer-3.5,input_ablation_mase_degradation,-2.463674858,0.03424836811,6,toto2.0,-0.8177347966,False,
gift-v15-long-qualified-feasible-seed2026082701,GIFT-Long,GIFT-Eval,long,2,cross_series_dependence,1,moirai2,input_ablation_mase_degradation,0,2.026784486e-07,6,timesfm2.5,7.757392068e-08,False,
gift-v15-long-qualified-feasible-seed2026082701,GIFT-Long,GIFT-Eval,long,2,cross_series_dependence,1,moirai2,input_ablation_mase_degradation,-2.821440093,0.03502189263,6,toto2.0,-0.9359886354,False,
gift-v15-long-qualified-feasible-seed2026082701,GIFT-Long,GIFT-Eval,long,2,cross_series_dependence,1,timesfm2.5,input_ablation_mase_degradation,-2.818526333,0.03075029961,6,toto2.0,-0.935988713,False,
gift-v15-long-qualified-feasible-seed2026082701,GIFT-Long,GIFT-Eval,long,2,cross_series_dependence,2,Chronos-2,input_ablation_mase_degradation,-0.03014098811,0.04777835181,6,Timer-3.5,0.005699462811,False,
gift-v15-long-qualified-feasible-seed2026082701,GIFT-Long,GIFT-Eval,long,2,cross_series_dependence,2,Chronos-2,input_ablation_mase_degradation,-0.03144442272,0.1145145358,6,moirai2,0.0267000644,False,
gift-v15-long-qualified-feasible-seed2026082701,GIFT-Long,GIFT-Eval,long,2,cross_series_dependence,2,Chronos-2,input_ablation_mase_degradation,-0.03240896473,0.1140756895,6,timesfm2.5,0.02670017999,False,
gift-v15-long-qualified-feasible-seed2026082701,GIFT-Long,GIFT-Eval,long,2,cross_series_dependence,2,Chronos-2,input_ablation_mase_degradation,-2.098386428,-0.0176826799,6,toto2.0,-0.7204475627,True,Chronos-2
gift-v15-long-qualified-feasible-seed2026082701,GIFT-Long,GIFT-Eval,long,2,cross_series_dependence,2,Timer-3.5,input_ablation_mase_degradation,-0.003499428341,0.06661932733,6,moirai2,0.02100060159,False,
gift-v15-long-qualified-feasible-seed2026082701,GIFT-Long,GIFT-Eval,long,2,cross_series_dependence,2,Timer-3.5,input_ablation_mase_degradation,-0.003385755236,0.0669054781,6,timesfm2.5,0.02100071718,False,
gift-v15-long-qualified-feasible-seed2026082701,GIFT-Long,GIFT-Eval,long,2,cross_series_dependence,2,Timer-3.5,input_ablation_mase_degradation,-2.14139972,-0.007905638423,6,toto2.0,-0.7261470255,True,Timer-3.5
gift-v15-long-qualified-feasible-seed2026082701,GIFT-Long,GIFT-Eval,long,2,cross_series_dependence,2,moirai2,input_ablation_mase_degradation,-5.829512898e-08,4.140641771e-07,6,timesfm2.5,1.155863439e-07,False,
gift-v15-long-qualified-feasible-seed2026082701,GIFT-Long,GIFT-Eval,long,2,cross_series_dependence,2,moirai2,input_ablation_mase_degradation,-2.208512857,-0.006075266885,6,toto2.0,-0.7471476271,True,moirai2
gift-v15-long-qualified-feasible-seed2026082701,GIFT-Long,GIFT-Eval,long,2,cross_series_dependence,2,timesfm2.5,input_ablation_mase_degradation,-2.205970347,-0.006219344993,6,toto2.0,-0.7471477427,True,timesfm2.5
gift-v15-long-qualified-feasible-seed2026082701,GIFT-Long,GIFT-Eval,long,2,cross_series_dependence,3,Chronos-2,input_ablation_mase_degradation,-0.4215600849,0.02010557423,6,Timer-3.5,-0.1352062128,False,
gift-v15-long-qualified-feasible-seed2026082701,GIFT-Long,GIFT-Eval,long,2,cross_series_dependence,3,Chronos-2,input_ablation_mase_degradation,-0.009181754627,0.06048909056,6,moirai2,0.01823458948,False,
gift-v15-long-qualified-feasible-seed2026082701,GIFT-Long,GIFT-Eval,long,2,cross_series_dependence,3,Chronos-2,input_ablation_mase_degradation,-0.009183363646,0.06048900185,6,timesfm2.5,0.01823377427,False,
gift-v15-long-qualified-feasible-seed2026082701,GIFT-Long,GIFT-Eval,long,2,cross_series_dependence,3,Chronos-2,input_ablation_mase_degradation,-2.284470012,0.001050637725,6,toto2.0,-0.7693158226,False,
gift-v15-long-qualified-feasible-seed2026082701,GIFT-Long,GIFT-Eval,long,2,cross_series_dependence,3,Timer-3.5,input_ablation_mase_degradation,-0.02740647265,0.4841611915,6,moirai2,0.1534408022,False,
gift-v15-long-qualified-feasible-seed2026082701,GIFT-Long,GIFT-Eval,long,2,cross_series_dependence,3,Timer-3.5,input_ablation_mase_degradation,-0.02520537559,0.4850630061,6,timesfm2.5,0.153439987,False,
gift-v15-long-qualified-feasible-seed2026082701,GIFT-Long,GIFT-Eval,long,2,cross_series_dependence,3,Timer-3.5,input_ablation_mase_degradation,-1.86545423,0.001354220595,6,toto2.0,-0.6341096098,False,
gift-v15-long-qualified-feasible-seed2026082701,GIFT-Long,GIFT-Eval,long,2,cross_series_dependence,3,moirai2,input_ablation_mase_degradation,-2.257491342e-06,-1.069729401e-08,6,timesfm2.5,-8.152065587e-07,True,moirai2
gift-v15-long-qualified-feasible-seed2026082701,GIFT-Long,GIFT-Eval,long,2,cross_series_dependence,3,moirai2,input_ablation_mase_degradation,-2.347727089,0.006537688881,6,toto2.0,-0.7875504121,False,
gift-v15-long-qualified-feasible-seed2026082701,GIFT-Long,GIFT-Eval,long,2,cross_series_dependence,3,timesfm2.5,input_ablation_mase_degradation,-2.345469242,0.006636239316,6,toto2.0,-0.7875495969,False,
gift-v15-long-qualified-feasible-seed2026082701,GIFT-Long,GIFT-Eval,long,2,cross_series_dependence,4,Chronos-2,input_ablation_mase_degradation,-0.02446546163,0.2803572708,6,Timer-3.5,0.083466384,False,
gift-v15-long-qualified-feasible-seed2026082701,GIFT-Long,GIFT-Eval,long,2,cross_series_dependence,4,Chronos-2,input_ablation_mase_degradation,-0.01862912811,0.02772375456,6,moirai2,0.001070979513,False,
gift-v15-long-qualified-feasible-seed2026082701,GIFT-Long,GIFT-Eval,long,2,cross_series_dependence,4,Chronos-2,input_ablation_mase_degradation,-0.0206983638,0.02772268253,6,timesfm2.5,0.001071215065,False,
gift-v15-long-qualified-feasible-seed2026082701,GIFT-Long,GIFT-Eval,long,2,cross_series_dependence,4,Chronos-2,input_ablation_mase_degradation,-0.0423943349,2.570479522,6,toto2.0,0.8368787565,False,
gift-v15-long-qualified-feasible-seed2026082701,GIFT-Long,GIFT-Eval,long,2,cross_series_dependence,4,Timer-3.5,input_ablation_mase_degradation,-0.2545147881,0.00637647542,6,moirai2,-0.08239540449,False,
gift-v15-long-qualified-feasible-seed2026082701,GIFT-Long,GIFT-Eval,long,2,cross_series_dependence,4,Timer-3.5,input_ablation_mase_degradation,-0.2545684249,0.006245739668,6,timesfm2.5,-0.08239516893,False,
gift-v15-long-qualified-feasible-seed2026082701,GIFT-Long,GIFT-Eval,long,2,cross_series_dependence,4,Timer-3.5,input_ablation_mase_degradation,-0.02920047044,2.28990852,6,toto2.0,0.7534123725,False,
gift-v15-long-qualified-feasible-seed2026082701,GIFT-Long,GIFT-Eval,long,2,cross_series_dependence,4,moirai2,input_ablation_mase_degradation,7.811815762e-10,6.116176527e-07,6,timesfm2.5,2.355517022e-07,True,timesfm2.5
gift-v15-long-qualified-feasible-seed2026082701,GIFT-Long,GIFT-Eval,long,2,cross_series_dependence,4,moirai2,input_ablation_mase_degradation,-0.03063432823,2.542920845,6,toto2.0,0.835807777,False,
gift-v15-long-qualified-feasible-seed2026082701,GIFT-Long,GIFT-Eval,long,2,cross_series_dependence,4,timesfm2.5,input_ablation_mase_degradation,-0.03036822506,2.542819511,6,toto2.0,0.8358075415,False,
gift-v15-long-qualified-feasible-seed2026082701,GIFT-Long,GIFT-Eval,long,2,cross_series_dependence,5,Chronos-2,input_ablation_mase_degradation,-0.05842938065,0.5413299447,6,Timer-3.5,0.1574372723,False,
gift-v15-long-qualified-feasible-seed2026082701,GIFT-Long,GIFT-Eval,long,2,cross_series_dependence,5,Chronos-2,input_ablation_mase_degradation,-0.05965804481,0.1601486146,6,moirai2,0.03135669,False,
gift-v15-long-qualified-feasible-seed2026082701,GIFT-Long,GIFT-Eval,long,2,cross_series_dependence,5,Chronos-2,input_ablation_mase_degradation,-0.05867374157,0.1615085769,6,timesfm2.5,0.0313557406,False,
gift-v15-long-qualified-feasible-seed2026082701,GIFT-Long,GIFT-Eval,long,2,cross_series_dependence,5,Chronos-2,input_ablation_mase_degradation,-0.02659465597,1.090490935,6,toto2.0,0.3524865576,False,
gift-v15-long-qualified-feasible-seed2026082701,GIFT-Long,GIFT-Eval,long,2,cross_series_dependence,5,Timer-3.5,input_ablation_mase_degradation,-0.3821790157,0.00532277566,6,moirai2,-0.1260805823,False,
gift-v15-long-qualified-feasible-seed2026082701,GIFT-Long,GIFT-Eval,long,2,cross_series_dependence,5,Timer-3.5,input_ablation_mase_degradation,-0.3824154516,0.006371050198,6,timesfm2.5,-0.1260815317,False,
gift-v15-long-qualified-feasible-seed2026082701,GIFT-Long,GIFT-Eval,long,2,cross_series_dependence,5,Timer-3.5,input_ablation_mase_degradation,0.000479357326,0.5585452709,6,toto2.0,0.1950492853,True,toto2.0
gift-v15-long-qualified-feasible-seed2026082701,GIFT-Long,GIFT-Eval,long,2,cross_series_dependence,5,moirai2,input_ablation_mase_degradation,-1.797679392e-06,-1.245447035e-07,6,timesfm2.5,-9.494004067e-07,True,moirai2
gift-v15-long-qualified-feasible-seed2026082701,GIFT-Long,GIFT-Eval,long,2,cross_series_dependence,5,moirai2,input_ablation_mase_degradation,-0.001197025986,0.939891175,6,toto2.0,0.3211298676,False,
gift-v15-long-qualified-feasible-seed2026082701,GIFT-Long,GIFT-Eval,long,2,cross_series_dependence,5,timesfm2.5,input_ablation_mase_degradation,-0.001482869116,0.9385677044,6,toto2.0,0.321130817,False,
gift-v15-long-qualified-feasible-seed2026082701,GIFT-Long,GIFT-Eval,long,2,,,Chronos-2,official_mase,-0.1721845929,0.1248681886,11,Timer-3.5,-0.00469735571,False,
gift-v15-long-qualified-feasible-seed2026082701,GIFT-Long,GIFT-Eval,long,2,,,Chronos-2,official_mase,-3.272534851,-0.1476888925,11,moirai2,-1.324663085,True,Chronos-2
gift-v15-long-qualified-feasible-seed2026082701,GIFT-Long,GIFT-Eval,long,2,,,Chronos-2,official_mase,-0.3076173084,0.0548271024,11,timesfm2.5,-0.10654431,False,
gift-v15-long-qualified-feasible-seed2026082701,GIFT-Long,GIFT-Eval,long,2,,,Chronos-2,official_mase,-28.28024963,-0.07620087871,11,toto2.0,-9.52934068,True,Chronos-2
gift-v15-long-qualified-feasible-seed2026082701,GIFT-Long,GIFT-Eval,long,2,,,Timer-3.5,official_mase,-3.09028617,-0.2366527511,11,moirai2,-1.319965729,True,Timer-3.5
gift-v15-long-qualified-feasible-seed2026082701,GIFT-Long,GIFT-Eval,long,2,,,Timer-3.5,official_mase,-0.2130847075,0.001025516537,11,timesfm2.5,-0.1018469543,False,
gift-v15-long-qualified-feasible-seed2026082701,GIFT-Long,GIFT-Eval,long,2,,,Timer-3.5,official_mase,-28.13411914,-0.1444433553,11,toto2.0,-9.524643324,True,Timer-3.5
gift-v15-long-qualified-feasible-seed2026082701,GIFT-Long,GIFT-Eval,long,2,,,moirai2,official_mase,0.1366261632,3.008844956,11,timesfm2.5,1.218118775,True,timesfm2.5
gift-v15-long-qualified-feasible-seed2026082701,GIFT-Long,GIFT-Eval,long,2,,,moirai2,official_mase,-25.19734543,0.4422350194,11,toto2.0,-8.204677595,False,
gift-v15-long-qualified-feasible-seed2026082701,GIFT-Long,GIFT-Eval,long,2,,,timesfm2.5,official_mase,-27.98506084,-0.04869400918,11,toto2.0,-9.42279637,True,timesfm2.5
fev-mini20-full-v6,FEV-Mini20,FEV-Bench,native,3,common_factor,1,Chronos-2,capability_effect_nrmse,-0.2023791398,0.06237744337,9,Timer-3.5,-0.08944489754,False,
fev-mini20-full-v6,FEV-Mini20,FEV-Bench,native,3,common_factor,1,Chronos-2,capability_effect_nrmse,-0.09982715066,-0.008433140705,9,moirai2,-0.05475353422,True,Chronos-2
fev-mini20-full-v6,FEV-Mini20,FEV-Bench,native,3,common_factor,1,Chronos-2,capability_effect_nrmse,-0.1540199717,0.1592418823,9,timesfm2.5,-0.003008489386,False,
fev-mini20-full-v6,FEV-Mini20,FEV-Bench,native,3,common_factor,1,Chronos-2,capability_effect_nrmse,-0.08117171421,0.1750180195,9,tirex2,0.02861667171,False,
fev-mini20-full-v6,FEV-Mini20,FEV-Bench,native,3,common_factor,1,Chronos-2,capability_effect_nrmse,-0.1179095763,0.09622290138,9,toto2.0,-0.01697420294,False,
fev-mini20-full-v6,FEV-Mini20,FEV-Bench,native,3,common_factor,1,Timer-3.5,capability_effect_nrmse,-0.07270210454,0.1188529015,9,moirai2,0.03469136331,False,
fev-mini20-full-v6,FEV-Mini20,FEV-Bench,native,3,common_factor,1,Timer-3.5,capability_effect_nrmse,0.00912915115,0.1726032138,9,timesfm2.5,0.08643640815,True,timesfm2.5
fev-mini20-full-v6,FEV-Mini20,FEV-Bench,native,3,common_factor,1,Timer-3.5,capability_effect_nrmse,0.06928129012,0.1680336632,9,tirex2,0.1180615693,True,tirex2
fev-mini20-full-v6,FEV-Mini20,FEV-Bench,native,3,common_factor,1,Timer-3.5,capability_effect_nrmse,-0.007166296649,0.1452053767,9,toto2.0,0.0724706946,False,
fev-mini20-full-v6,FEV-Mini20,FEV-Bench,native,3,common_factor,1,moirai2,capability_effect_nrmse,-0.0666881314,0.1940238494,9,timesfm2.5,0.05174504484,False,
fev-mini20-full-v6,FEV-Mini20,FEV-Bench,native,3,common_factor,1,moirai2,capability_effect_nrmse,-0.0009160150872,0.2030275449,9,tirex2,0.08337020594,False,
fev-mini20-full-v6,FEV-Mini20,FEV-Bench,native,3,common_factor,1,moirai2,capability_effect_nrmse,-0.02981995501,0.1117688516,9,toto2.0,0.03777933128,False,
fev-mini20-full-v6,FEV-Mini20,FEV-Bench,native,3,common_factor,1,timesfm2.5,capability_effect_nrmse,-0.02190416183,0.08505686143,9,tirex2,0.0316251611,False,
fev-mini20-full-v6,FEV-Mini20,FEV-Bench,native,3,common_factor,1,timesfm2.5,capability_effect_nrmse,-0.1472415194,0.09923113741,9,toto2.0,-0.01396571355,False,
fev-mini20-full-v6,FEV-Mini20,FEV-Bench,native,3,common_factor,1,tirex2,capability_effect_nrmse,-0.1454776387,0.03435566521,9,toto2.0,-0.04559087465,False,
fev-mini20-full-v6,FEV-Mini20,FEV-Bench,native,3,common_factor,2,Chronos-2,capability_effect_nrmse,-0.1638480381,0.08156482514,9,Timer-3.5,-0.05860743883,False,
fev-mini20-full-v6,FEV-Mini20,FEV-Bench,native,3,common_factor,2,Chronos-2,capability_effect_nrmse,-0.1100118825,-0.04945834512,9,moirai2,-0.07793861063,True,Chronos-2
fev-mini20-full-v6,FEV-Mini20,FEV-Bench,native,3,common_factor,2,Chronos-2,capability_effect_nrmse,-0.1390715421,0.1648862022,9,timesfm2.5,0.0007770832677,False,
fev-mini20-full-v6,FEV-Mini20,FEV-Bench,native,3,common_factor,2,Chronos-2,capability_effect_nrmse,-0.09007780087,0.1649297583,9,tirex2,0.01899790465,False,
fev-mini20-full-v6,FEV-Mini20,FEV-Bench,native,3,common_factor,2,Chronos-2,capability_effect_nrmse,-0.05383250358,0.04892710375,9,toto2.0,-0.00967339854,False,
fev-mini20-full-v6,FEV-Mini20,FEV-Bench,native,3,common_factor,2,Timer-3.5,capability_effect_nrmse,-0.1591448904,0.0766293066,9,moirai2,-0.0193311718,False,
fev-mini20-full-v6,FEV-Mini20,FEV-Bench,native,3,common_factor,2,Timer-3.5,capability_effect_nrmse,0.0005697515536,0.122765674,9,timesfm2.5,0.0593845221,True,timesfm2.5
fev-mini20-full-v6,FEV-Mini20,FEV-Bench,native,3,common_factor,2,Timer-3.5,capability_effect_nrmse,0.02721682464,0.1269924905,9,tirex2,0.07760534347,True,tirex2
fev-mini20-full-v6,FEV-Mini20,FEV-Bench,native,3,common_factor,2,Timer-3.5,capability_effect_nrmse,-0.03525939455,0.1275514923,9,toto2.0,0.04893404029,False,
fev-mini20-full-v6,FEV-Mini20,FEV-Bench,native,3,common_factor,2,moirai2,capability_effect_nrmse,-0.04648636164,0.238287581,9,timesfm2.5,0.0787156939,False,
fev-mini20-full-v6,FEV-Mini20,FEV-Bench,native,3,common_factor,2,moirai2,capability_effect_nrmse,-0.00138131141,0.2486616807,9,tirex2,0.09693651528,False,
fev-mini20-full-v6,FEV-Mini20,FEV-Bench,native,3,common_factor,2,moirai2,capability_effect_nrmse,0.02555363481,0.1181449896,9,toto2.0,0.06826521209,True,toto2.0
fev-mini20-full-v6,FEV-Mini20,FEV-Bench,native,3,common_factor,2,timesfm2.5,capability_effect_nrmse,-0.02714964977,0.07017091449,9,tirex2,0.01822082138,False,
fev-mini20-full-v6,FEV-Mini20,FEV-Bench,native,3,common_factor,2,timesfm2.5,capability_effect_nrmse,-0.1274644993,0.09621655224,9,toto2.0,-0.01045048181,False,
fev-mini20-full-v6,FEV-Mini20,FEV-Bench,native,3,common_factor,2,tirex2,capability_effect_nrmse,-0.1315869569,0.05560833777,9,toto2.0,-0.02867130318,False,
fev-mini20-full-v6,FEV-Mini20,FEV-Bench,native,3,common_factor,3,Chronos-2,capability_effect_nrmse,-0.1547900562,0.0187340271,9,Timer-3.5,-0.06793221327,False,
fev-mini20-full-v6,FEV-Mini20,FEV-Bench,native,3,common_factor,3,Chronos-2,capability_effect_nrmse,-0.160738066,-0.05577169534,9,moirai2,-0.1032481815,True,Chronos-2
fev-mini20-full-v6,FEV-Mini20,FEV-Bench,native,3,common_factor,3,Chronos-2,capability_effect_nrmse,-0.1242626091,0.09919069391,9,timesfm2.5,-0.01325106518,False,
fev-mini20-full-v6,FEV-Mini20,FEV-Bench,native,3,common_factor,3,Chronos-2,capability_effect_nrmse,-0.08595096418,0.08532052944,9,tirex2,-0.008022273953,False,
fev-mini20-full-v6,FEV-Mini20,FEV-Bench,native,3,common_factor,3,Chronos-2,capability_effect_nrmse,-0.04100939824,0.03594425996,9,toto2.0,-0.005030402033,False,
fev-mini20-full-v6,FEV-Mini20,FEV-Bench,native,3,common_factor,3,Timer-3.5,capability_effect_nrmse,-0.1608993985,0.05715191767,9,moirai2,-0.03531596821,False,
fev-mini20-full-v6,FEV-Mini20,FEV-Bench,native,3,common_factor,3,Timer-3.5,capability_effect_nrmse,0.003973265594,0.1049925559,9,timesfm2.5,0.05468114809,True,timesfm2.5
fev-mini20-full-v6,FEV-Mini20,FEV-Bench,native,3,common_factor,3,Timer-3.5,capability_effect_nrmse,0.009914864802,0.1077005733,9,tirex2,0.05990993932,True,tirex2
fev-mini20-full-v6,FEV-Mini20,FEV-Bench,native,3,common_factor,3,Timer-3.5,capability_effect_nrmse,0.004754913285,0.1244459305,9,toto2.0,0.06290181124,True,toto2.0
fev-mini20-full-v6,FEV-Mini20,FEV-Bench,native,3,common_factor,3,moirai2,capability_effect_nrmse,-0.03343358876,0.2511252281,9,timesfm2.5,0.0899971163,False,
fev-mini20-full-v6,FEV-Mini20,FEV-Bench,native,3,common_factor,3,moirai2,capability_effect_nrmse,-0.002066180051,0.2295978486,9,tirex2,0.09522590753,False,
fev-mini20-full-v6,FEV-Mini20,FEV-Bench,native,3,common_factor,3,moirai2,capability_effect_nrmse,0.03567737768,0.1894587281,9,toto2.0,0.09821777945,True,toto2.0
fev-mini20-full-v6,FEV-Mini20,FEV-Bench,native,3,common_factor,3,timesfm2.5,capability_effect_nrmse,-0.04191120128,0.05982838748,9,tirex2,0.00522879123,False,
fev-mini20-full-v6,FEV-Mini20,FEV-Bench,native,3,common_factor,3,timesfm2.5,capability_effect_nrmse,-0.07444692114,0.0886175163,9,toto2.0,0.00822066315,False,
fev-mini20-full-v6,FEV-Mini20,FEV-Bench,native,3,common_factor,3,tirex2,capability_effect_nrmse,-0.05927255722,0.06487501739,9,toto2.0,0.00299187192,False,
fev-mini20-full-v6,FEV-Mini20,FEV-Bench,native,3,common_factor,4,Chronos-2,capability_effect_nrmse,-0.1400641625,-0.01249296299,9,Timer-3.5,-0.07163453474,True,Chronos-2
fev-mini20-full-v6,FEV-Mini20,FEV-Bench,native,3,common_factor,4,Chronos-2,capability_effect_nrmse,-0.2091569131,-0.0557101869,9,moirai2,-0.1169446803,True,Chronos-2
fev-mini20-full-v6,FEV-Mini20,FEV-Bench,native,3,common_factor,4,Chronos-2,capability_effect_nrmse,-0.1124822561,0.05297490278,9,timesfm2.5,-0.02649923232,False,
fev-mini20-full-v6,FEV-Mini20,FEV-Bench,native,3,common_factor,4,Chronos-2,capability_effect_nrmse,-0.08783702942,0.03182234568,9,tirex2,-0.029076925,False,
fev-mini20-full-v6,FEV-Mini20,FEV-Bench,native,3,common_factor,4,Chronos-2,capability_effect_nrmse,-0.037205225,0.02224921313,9,toto2.0,-0.006977858034,False,
fev-mini20-full-v6,FEV-Mini20,FEV-Bench,native,3,common_factor,4,Timer-3.5,capability_effect_nrmse,-0.1685508036,0.04876420871,9,moirai2,-0.04531014558,False,
fev-mini20-full-v6,FEV-Mini20,FEV-Bench,native,3,common_factor,4,Timer-3.5,capability_effect_nrmse,0.0006954616309,0.08834474729,9,timesfm2.5,0.04513530242,True,timesfm2.5
fev-mini20-full-v6,FEV-Mini20,FEV-Bench,native,3,common_factor,4,Timer-3.5,capability_effect_nrmse,-0.008701496183,0.08823727222,9,tirex2,0.04255760974,False,
fev-mini20-full-v6,FEV-Mini20,FEV-Bench,native,3,common_factor,4,Timer-3.5,capability_effect_nrmse,0.01909139376,0.1147066078,9,toto2.0,0.06465667671,True,toto2.0
fev-mini20-full-v6,FEV-Mini20,FEV-Bench,native,3,common_factor,4,moirai2,capability_effect_nrmse,-0.02651674853,0.2448548768,9,timesfm2.5,0.090445448,False,
fev-mini20-full-v6,FEV-Mini20,FEV-Bench,native,3,common_factor,4,moirai2,capability_effect_nrmse,-0.007994948625,0.2251127964,9,tirex2,0.08786775533,False,
fev-mini20-full-v6,FEV-Mini20,FEV-Bench,native,3,common_factor,4,moirai2,capability_effect_nrmse,0.03946685016,0.2131089512,9,toto2.0,0.1099668223,True,toto2.0
fev-mini20-full-v6,FEV-Mini20,FEV-Bench,native,3,common_factor,4,timesfm2.5,capability_effect_nrmse,-0.06216843871,0.05598051765,9,tirex2,-0.002577692678,False,
fev-mini20-full-v6,FEV-Mini20,FEV-Bench,native,3,common_factor,4,timesfm2.5,capability_effect_nrmse,-0.04416412024,0.08904447153,9,toto2.0,0.01952137429,False,
fev-mini20-full-v6,FEV-Mini20,FEV-Bench,native,3,common_factor,4,tirex2,capability_effect_nrmse,-0.02963549582,0.08080874774,9,toto2.0,0.02209906697,False,
fev-mini20-full-v6,FEV-Mini20,FEV-Bench,native,3,common_factor,5,Chronos-2,capability_effect_nrmse,-0.1328067156,-0.02772826281,9,Timer-3.5,-0.07613090827,True,Chronos-2
fev-mini20-full-v6,FEV-Mini20,FEV-Bench,native,3,common_factor,5,Chronos-2,capability_effect_nrmse,-0.2152614366,-0.04846432492,9,moirai2,-0.1173545602,True,Chronos-2
fev-mini20-full-v6,FEV-Mini20,FEV-Bench,native,3,common_factor,5,Chronos-2,capability_effect_nrmse,-0.1031930979,0.03032180441,9,timesfm2.5,-0.0325657551,False,
fev-mini20-full-v6,FEV-Mini20,FEV-Bench,native,3,common_factor,5,Chronos-2,capability_effect_nrmse,-0.07269268877,0.001223332542,9,tirex2,-0.03494259971,False,
fev-mini20-full-v6,FEV-Mini20,FEV-Bench,native,3,common_factor,5,Chronos-2,capability_effect_nrmse,-0.02952449311,0.01987058332,9,toto2.0,-0.006232789385,False,
fev-mini20-full-v6,FEV-Mini20,FEV-Bench,native,3,common_factor,5,Timer-3.5,capability_effect_nrmse,-0.1414722576,0.03334422526,9,moirai2,-0.04122365189,False,
fev-mini20-full-v6,FEV-Mini20,FEV-Bench,native,3,common_factor,5,Timer-3.5,capability_effect_nrmse,-0.002267273591,0.08803152305,9,timesfm2.5,0.04356515317,False,
fev-mini20-full-v6,FEV-Mini20,FEV-Bench,native,3,common_factor,5,Timer-3.5,capability_effect_nrmse,0.007582841015,0.0759711775,9,tirex2,0.04118830856,True,tirex2
fev-mini20-full-v6,FEV-Mini20,FEV-Bench,native,3,common_factor,5,Timer-3.5,capability_effect_nrmse,0.02604494047,0.108577161,9,toto2.0,0.06989811889,True,toto2.0
fev-mini20-full-v6,FEV-Mini20,FEV-Bench,native,3,common_factor,5,moirai2,capability_effect_nrmse,-0.01829894076,0.2238345968,9,timesfm2.5,0.08478880507,False,
fev-mini20-full-v6,FEV-Mini20,FEV-Bench,native,3,common_factor,5,moirai2,capability_effect_nrmse,0.007160278886,0.1882977888,9,tirex2,0.08241196046,True,tirex2
fev-mini20-full-v6,FEV-Mini20,FEV-Bench,native,3,common_factor,5,moirai2,capability_effect_nrmse,0.03867276871,0.2168881359,9,toto2.0,0.1111217708,True,toto2.0
fev-mini20-full-v6,FEV-Mini20,FEV-Bench,native,3,common_factor,5,timesfm2.5,capability_effect_nrmse,-0.05004035972,0.04311689132,9,tirex2,-0.00237684461,False,
fev-mini20-full-v6,FEV-Mini20,FEV-Bench,native,3,common_factor,5,timesfm2.5,capability_effect_nrmse,-0.01914192192,0.08027311425,9,toto2.0,0.02633296571,False,
fev-mini20-full-v6,FEV-Mini20,FEV-Bench,native,3,common_factor,5,tirex2,capability_effect_nrmse,-0.003320376566,0.06379031025,9,toto2.0,0.02870981032,False,
fev-mini20-full-v6,FEV-Mini20,FEV-Bench,native,3,covariate_impulse_response,1,Chronos-2,capability_effect_nrmse,-0.114715659,0.4633803597,8,Timer-3.5,0.1451930387,False,
fev-mini20-full-v6,FEV-Mini20,FEV-Bench,native,3,covariate_impulse_response,1,Chronos-2,capability_effect_nrmse,-0.1790776846,0.4976534024,8,moirai2,0.1362549771,False,
fev-mini20-full-v6,FEV-Mini20,FEV-Bench,native,3,covariate_impulse_response,1,Chronos-2,capability_effect_nrmse,-0.4797433627,0.224030934,8,timesfm2.5,-0.09728629168,False,
fev-mini20-full-v6,FEV-Mini20,FEV-Bench,native,3,covariate_impulse_response,1,Chronos-2,capability_effect_nrmse,-0.02100340578,0.3162724882,8,tirex2,0.1368244204,False,
fev-mini20-full-v6,FEV-Mini20,FEV-Bench,native,3,covariate_impulse_response,1,Chronos-2,capability_effect_nrmse,0.01194799558,0.5156687641,8,toto2.0,0.2293198999,True,toto2.0
fev-mini20-full-v6,FEV-Mini20,FEV-Bench,native,3,covariate_impulse_response,1,Timer-3.5,capability_effect_nrmse,-0.08294228654,0.0516891147,8,moirai2,-0.008938061556,False,
fev-mini20-full-v6,FEV-Mini20,FEV-Bench,native,3,covariate_impulse_response,1,Timer-3.5,capability_effect_nrmse,-0.8432658416,0.07193520634,8,timesfm2.5,-0.2424793303,False,
fev-mini20-full-v6,FEV-Mini20,FEV-Bench,native,3,covariate_impulse_response,1,Timer-3.5,capability_effect_nrmse,-0.1248856298,0.1215224185,8,tirex2,-0.008368618233,False,
fev-mini20-full-v6,FEV-Mini20,FEV-Bench,native,3,covariate_impulse_response,1,Timer-3.5,capability_effect_nrmse,0.004172004947,0.1874898269,8,toto2.0,0.08412686122,True,toto2.0
fev-mini20-full-v6,FEV-Mini20,FEV-Bench,native,3,covariate_impulse_response,1,moirai2,capability_effect_nrmse,-0.8909737145,0.1344380249,8,timesfm2.5,-0.2335412688,False,
fev-mini20-full-v6,FEV-Mini20,FEV-Bench,native,3,covariate_impulse_response,1,moirai2,capability_effect_nrmse,-0.1898632568,0.2011531072,8,tirex2,0.0005694433236,False,
fev-mini20-full-v6,FEV-Mini20,FEV-Bench,native,3,covariate_impulse_response,1,moirai2,capability_effect_nrmse,-0.01938530342,0.252730634,8,toto2.0,0.09306492277,False,
fev-mini20-full-v6,FEV-Mini20,FEV-Bench,native,3,covariate_impulse_response,1,timesfm2.5,capability_effect_nrmse,-0.09096385309,0.7721308842,8,tirex2,0.2341107121,False,
fev-mini20-full-v6,FEV-Mini20,FEV-Bench,native,3,covariate_impulse_response,1,timesfm2.5,capability_effect_nrmse,-0.04062161793,0.9435174177,8,toto2.0,0.3266061916,False,
fev-mini20-full-v6,FEV-Mini20,FEV-Bench,native,3,covariate_impulse_response,1,tirex2,capability_effect_nrmse,0.01236472817,0.1967751546,8,toto2.0,0.09249547945,True,toto2.0
fev-mini20-full-v6,FEV-Mini20,FEV-Bench,native,3,covariate_impulse_response,2,Chronos-2,capability_effect_nrmse,-0.1108830439,0.4218397694,8,Timer-3.5,0.1334988249,False,
fev-mini20-full-v6,FEV-Mini20,FEV-Bench,native,3,covariate_impulse_response,2,Chronos-2,capability_effect_nrmse,-0.1688546701,0.4593978191,8,moirai2,0.1156119762,False,
fev-mini20-full-v6,FEV-Mini20,FEV-Bench,native,3,covariate_impulse_response,2,Chronos-2,capability_effect_nrmse,-0.07541281025,0.2741664247,8,timesfm2.5,0.08378113555,False,
fev-mini20-full-v6,FEV-Mini20,FEV-Bench,native,3,covariate_impulse_response,2,Chronos-2,capability_effect_nrmse,-0.02094006769,0.319201739,8,tirex2,0.1345778204,False,
fev-mini20-full-v6,FEV-Mini20,FEV-Bench,native,3,covariate_impulse_response,2,Chronos-2,capability_effect_nrmse,0.008661952505,0.511887269,8,toto2.0,0.2295604801,True,toto2.0
fev-mini20-full-v6,FEV-Mini20,FEV-Bench,native,3,covariate_impulse_response,2,Timer-3.5,capability_effect_nrmse,-0.0996224017,0.0491713722,8,moirai2,-0.01788684862,False,
fev-mini20-full-v6,FEV-Mini20,FEV-Bench,native,3,covariate_impulse_response,2,Timer-3.5,capability_effect_nrmse,-0.2552226972,0.0688138505,8,timesfm2.5,-0.0497176893,False,
fev-mini20-full-v6,FEV-Mini20,FEV-Bench,native,3,covariate_impulse_response,2,Timer-3.5,capability_effect_nrmse,-0.1209926258,0.1318266201,8,tirex2,0.001078995591,False,
fev-mini20-full-v6,FEV-Mini20,FEV-Bench,native,3,covariate_impulse_response,2,Timer-3.5,capability_effect_nrmse,0.01555722793,0.1854108673,8,toto2.0,0.09606165523,True,toto2.0
fev-mini20-full-v6,FEV-Mini20,FEV-Bench,native,3,covariate_impulse_response,2,moirai2,capability_effect_nrmse,-0.290612918,0.1363015821,8,timesfm2.5,-0.03183084069,False,
fev-mini20-full-v6,FEV-Mini20,FEV-Bench,native,3,covariate_impulse_response,2,moirai2,capability_effect_nrmse,-0.1586389917,0.2081521399,8,tirex2,0.01896584421,False,
fev-mini20-full-v6,FEV-Mini20,FEV-Bench,native,3,covariate_impulse_response,2,moirai2,capability_effect_nrmse,0.008618207301,0.2618727936,8,toto2.0,0.1139485038,True,toto2.0
fev-mini20-full-v6,FEV-Mini20,FEV-Bench,native,3,covariate_impulse_response,2,timesfm2.5,capability_effect_nrmse,-0.0776773405,0.2024331455,8,tirex2,0.0507966849,False,
fev-mini20-full-v6,FEV-Mini20,FEV-Bench,native,3,covariate_impulse_response,2,timesfm2.5,capability_effect_nrmse,-0.0137836926,0.3657281324,8,toto2.0,0.1457793445,False,
fev-mini20-full-v6,FEV-Mini20,FEV-Bench,native,3,covariate_impulse_response,2,tirex2,capability_effect_nrmse,0.01608561411,0.1903927756,8,toto2.0,0.09498265964,True,toto2.0
fev-mini20-full-v6,FEV-Mini20,FEV-Bench,native,3,covariate_impulse_response,3,Chronos-2,capability_effect_nrmse,-0.08811561074,0.4310859636,8,Timer-3.5,0.1367260569,False,
fev-mini20-full-v6,FEV-Mini20,FEV-Bench,native,3,covariate_impulse_response,3,Chronos-2,capability_effect_nrmse,-0.1657410234,0.4673598065,8,moirai2,0.106551743,False,
fev-mini20-full-v6,FEV-Mini20,FEV-Bench,native,3,covariate_impulse_response,3,Chronos-2,capability_effect_nrmse,-0.07397788389,0.3863729468,8,timesfm2.5,0.1359780717,False,
fev-mini20-full-v6,FEV-Mini20,FEV-Bench,native,3,covariate_impulse_response,3,Chronos-2,capability_effect_nrmse,-0.008581421513,0.3262369831,8,tirex2,0.1323617202,False,
fev-mini20-full-v6,FEV-Mini20,FEV-Bench,native,3,covariate_impulse_response,3,Chronos-2,capability_effect_nrmse,0.0273191091,0.5304230765,8,toto2.0,0.2403225001,True,toto2.0
fev-mini20-full-v6,FEV-Mini20,FEV-Bench,native,3,covariate_impulse_response,3,Timer-3.5,capability_effect_nrmse,-0.1039272854,0.03787435029,8,moirai2,-0.03017431395,False,
fev-mini20-full-v6,FEV-Mini20,FEV-Bench,native,3,covariate_impulse_response,3,Timer-3.5,capability_effect_nrmse,-0.07308912496,0.04416695705,8,timesfm2.5,-0.0007479852052,False,
fev-mini20-full-v6,FEV-Mini20,FEV-Bench,native,3,covariate_impulse_response,3,Timer-3.5,capability_effect_nrmse,-0.1183890539,0.1030542418,8,tirex2,-0.004364336694,False,
fev-mini20-full-v6,FEV-Mini20,FEV-Bench,native,3,covariate_impulse_response,3,Timer-3.5,capability_effect_nrmse,0.02965824175,0.1834285125,8,toto2.0,0.1035964432,True,toto2.0
fev-mini20-full-v6,FEV-Mini20,FEV-Bench,native,3,covariate_impulse_response,3,moirai2,capability_effect_nrmse,-0.09685102417,0.1255237048,8,timesfm2.5,0.02942632874,False,
fev-mini20-full-v6,FEV-Mini20,FEV-Bench,native,3,covariate_impulse_response,3,moirai2,capability_effect_nrmse,-0.1347460402,0.1941007028,8,tirex2,0.02580997725,False,
fev-mini20-full-v6,FEV-Mini20,FEV-Bench,native,3,covariate_impulse_response,3,moirai2,capability_effect_nrmse,0.03576288982,0.2614754408,8,toto2.0,0.1337707571,True,toto2.0
fev-mini20-full-v6,FEV-Mini20,FEV-Bench,native,3,covariate_impulse_response,3,timesfm2.5,capability_effect_nrmse,-0.09759819243,0.09682032932,8,tirex2,-0.003616351489,False,
fev-mini20-full-v6,FEV-Mini20,FEV-Bench,native,3,covariate_impulse_response,3,timesfm2.5,capability_effect_nrmse,0.01151882006,0.1984383414,8,toto2.0,0.1043444284,True,toto2.0
fev-mini20-full-v6,FEV-Mini20,FEV-Bench,native,3,covariate_impulse_response,3,tirex2,capability_effect_nrmse,0.02431903415,0.2018683308,8,toto2.0,0.1079607799,True,toto2.0
fev-mini20-full-v6,FEV-Mini20,FEV-Bench,native,3,covariate_impulse_response,4,Chronos-2,capability_effect_nrmse,-0.08370063039,0.4139680233,8,Timer-3.5,0.1348431546,False,
fev-mini20-full-v6,FEV-Mini20,FEV-Bench,native,3,covariate_impulse_response,4,Chronos-2,capability_effect_nrmse,-0.1718859384,0.4182021549,8,moirai2,0.08783174237,False,
fev-mini20-full-v6,FEV-Mini20,FEV-Bench,native,3,covariate_impulse_response,4,Chronos-2,capability_effect_nrmse,-0.04689522777,0.4364765349,8,timesfm2.5,0.1601315548,False,
fev-mini20-full-v6,FEV-Mini20,FEV-Bench,native,3,covariate_impulse_response,4,Chronos-2,capability_effect_nrmse,-0.007511950705,0.3286076797,8,tirex2,0.1227227624,False,
fev-mini20-full-v6,FEV-Mini20,FEV-Bench,native,3,covariate_impulse_response,4,Chronos-2,capability_effect_nrmse,0.01915438765,0.4863060805,8,toto2.0,0.2267926502,True,toto2.0
fev-mini20-full-v6,FEV-Mini20,FEV-Bench,native,3,covariate_impulse_response,4,Timer-3.5,capability_effect_nrmse,-0.1254860378,0.02274373148,8,moirai2,-0.04701141226,False,
fev-mini20-full-v6,FEV-Mini20,FEV-Bench,native,3,covariate_impulse_response,4,Timer-3.5,capability_effect_nrmse,-0.01241105511,0.06947252302,8,timesfm2.5,0.02528840013,False,
fev-mini20-full-v6,FEV-Mini20,FEV-Bench,native,3,covariate_impulse_response,4,Timer-3.5,capability_effect_nrmse,-0.1285262008,0.08558656199,8,tirex2,-0.01212039224,False,
fev-mini20-full-v6,FEV-Mini20,FEV-Bench,native,3,covariate_impulse_response,4,Timer-3.5,capability_effect_nrmse,0.02880408398,0.1646236832,8,toto2.0,0.09194949559,True,toto2.0
fev-mini20-full-v6,FEV-Mini20,FEV-Bench,native,3,covariate_impulse_response,4,moirai2,capability_effect_nrmse,-0.009251385195,0.1563981637,8,timesfm2.5,0.07229981238,False,
fev-mini20-full-v6,FEV-Mini20,FEV-Bench,native,3,covariate_impulse_response,4,moirai2,capability_effect_nrmse,-0.1185449621,0.1904084298,8,tirex2,0.03489102002,False,
fev-mini20-full-v6,FEV-Mini20,FEV-Bench,native,3,covariate_impulse_response,4,moirai2,capability_effect_nrmse,0.04362650915,0.2561856148,8,toto2.0,0.1389609078,True,toto2.0
fev-mini20-full-v6,FEV-Mini20,FEV-Bench,native,3,covariate_impulse_response,4,timesfm2.5,capability_effect_nrmse,-0.1354866397,0.06450449296,8,tirex2,-0.03740879237,False,
fev-mini20-full-v6,FEV-Mini20,FEV-Bench,native,3,covariate_impulse_response,4,timesfm2.5,capability_effect_nrmse,0.001594918087,0.1408697236,8,toto2.0,0.06666109546,True,toto2.0
fev-mini20-full-v6,FEV-Mini20,FEV-Bench,native,3,covariate_impulse_response,4,tirex2,capability_effect_nrmse,0.02191191788,0.1911323094,8,toto2.0,0.1040698878,True,toto2.0
fev-mini20-full-v6,FEV-Mini20,FEV-Bench,native,3,covariate_impulse_response,5,Chronos-2,capability_effect_nrmse,-0.07789800808,0.3977648158,8,Timer-3.5,0.1218586702,False,
fev-mini20-full-v6,FEV-Mini20,FEV-Bench,native,3,covariate_impulse_response,5,Chronos-2,capability_effect_nrmse,-0.1704089372,0.3873884125,8,moirai2,0.06303174196,False,
fev-mini20-full-v6,FEV-Mini20,FEV-Bench,native,3,covariate_impulse_response,5,Chronos-2,capability_effect_nrmse,-0.04656771088,0.4034487928,8,timesfm2.5,0.1456609327,False,
fev-mini20-full-v6,FEV-Mini20,FEV-Bench,native,3,covariate_impulse_response,5,Chronos-2,capability_effect_nrmse,-0.01870323042,0.2708949043,8,tirex2,0.1017857254,False,
fev-mini20-full-v6,FEV-Mini20,FEV-Bench,native,3,covariate_impulse_response,5,Chronos-2,capability_effect_nrmse,0.02262189546,0.4411296923,8,toto2.0,0.2022456063,True,toto2.0
fev-mini20-full-v6,FEV-Mini20,FEV-Bench,native,3,covariate_impulse_response,5,Timer-3.5,capability_effect_nrmse,-0.1340642616,0.004996705065,8,moirai2,-0.0588269282,False,
fev-mini20-full-v6,FEV-Mini20,FEV-Bench,native,3,covariate_impulse_response,5,Timer-3.5,capability_effect_nrmse,-0.001234969508,0.05271108812,8,timesfm2.5,0.02380226258,False,
fev-mini20-full-v6,FEV-Mini20,FEV-Bench,native,3,covariate_impulse_response,5,Timer-3.5,capability_effect_nrmse,-0.1234868657,0.06400794852,8,tirex2,-0.02007294471,False,
fev-mini20-full-v6,FEV-Mini20,FEV-Bench,native,3,covariate_impulse_response,5,Timer-3.5,capability_effect_nrmse,0.03034822276,0.1450425501,8,toto2.0,0.08038693615,True,toto2.0
fev-mini20-full-v6,FEV-Mini20,FEV-Bench,native,3,covariate_impulse_response,5,moirai2,capability_effect_nrmse,0.01880419382,0.1542209385,8,timesfm2.5,0.08262919078,True,timesfm2.5
fev-mini20-full-v6,FEV-Mini20,FEV-Bench,native,3,covariate_impulse_response,5,moirai2,capability_effect_nrmse,-0.1126857756,0.1695335004,8,tirex2,0.03875398349,False,
fev-mini20-full-v6,FEV-Mini20,FEV-Bench,native,3,covariate_impulse_response,5,moirai2,capability_effect_nrmse,0.05902787031,0.2410191602,8,toto2.0,0.1392138643,True,toto2.0
fev-mini20-full-v6,FEV-Mini20,FEV-Bench,native,3,covariate_impulse_response,5,timesfm2.5,capability_effect_nrmse,-0.1333399329,0.03449069322,8,tirex2,-0.0438752073,False,
fev-mini20-full-v6,FEV-Mini20,FEV-Bench,native,3,covariate_impulse_response,5,timesfm2.5,capability_effect_nrmse,0.007815701358,0.1119985902,8,toto2.0,0.05658467357,True,toto2.0
fev-mini20-full-v6,FEV-Mini20,FEV-Bench,native,3,covariate_impulse_response,5,tirex2,capability_effect_nrmse,0.03009145565,0.1800567067,8,toto2.0,0.1004598809,True,toto2.0
fev-mini20-full-v6,FEV-Mini20,FEV-Bench,native,3,cross_series_dependence,1,Chronos-2,capability_effect_nrmse,-0.1900613582,-0.0605783734,9,Timer-3.5,-0.1243419526,True,Chronos-2
fev-mini20-full-v6,FEV-Mini20,FEV-Bench,native,3,cross_series_dependence,1,Chronos-2,capability_effect_nrmse,-0.114324507,0.01634715507,9,moirai2,-0.04446284093,False,
fev-mini20-full-v6,FEV-Mini20,FEV-Bench,native,3,cross_series_dependence,1,Chronos-2,capability_effect_nrmse,-0.1414643229,-0.01706614233,9,timesfm2.5,-0.07092213474,True,Chronos-2
fev-mini20-full-v6,FEV-Mini20,FEV-Bench,native,3,cross_series_dependence,1,Chronos-2,capability_effect_nrmse,-0.04561526434,0.0244048795,9,tirex2,-0.009828963095,False,
fev-mini20-full-v6,FEV-Mini20,FEV-Bench,native,3,cross_series_dependence,1,Chronos-2,capability_effect_nrmse,-0.2302975471,0.02001150921,9,toto2.0,-0.0807901344,False,
fev-mini20-full-v6,FEV-Mini20,FEV-Bench,native,3,cross_series_dependence,1,Timer-3.5,capability_effect_nrmse,-0.01941926087,0.1555221872,9,moirai2,0.07987911163,False,
fev-mini20-full-v6,FEV-Mini20,FEV-Bench,native,3,cross_series_dependence,1,Timer-3.5,capability_effect_nrmse,-0.01367733529,0.1338147775,9,timesfm2.5,0.05341981782,False,
fev-mini20-full-v6,FEV-Mini20,FEV-Bench,native,3,cross_series_dependence,1,Timer-3.5,capability_effect_nrmse,0.03292441815,0.1948120463,9,tirex2,0.1145129895,True,tirex2
fev-mini20-full-v6,FEV-Mini20,FEV-Bench,native,3,cross_series_dependence,1,Timer-3.5,capability_effect_nrmse,-0.1521959697,0.1955692733,9,toto2.0,0.04355181816,False,
fev-mini20-full-v6,FEV-Mini20,FEV-Bench,native,3,cross_series_dependence,1,moirai2,capability_effect_nrmse,-0.1004452514,0.0512364236,9,timesfm2.5,-0.02645929381,False,
fev-mini20-full-v6,FEV-Mini20,FEV-Bench,native,3,cross_series_dependence,1,moirai2,capability_effect_nrmse,-0.05265580655,0.120447783,9,tirex2,0.03463387784,False,
fev-mini20-full-v6,FEV-Mini20,FEV-Bench,native,3,cross_series_dependence,1,moirai2,capability_effect_nrmse,-0.2281276508,0.1083739773,9,toto2.0,-0.03632729347,False,
fev-mini20-full-v6,FEV-Mini20,FEV-Bench,native,3,cross_series_dependence,1,timesfm2.5,capability_effect_nrmse,-0.01075590604,0.1548074715,9,tirex2,0.06109317165,False,
fev-mini20-full-v6,FEV-Mini20,FEV-Bench,native,3,cross_series_dependence,1,timesfm2.5,capability_effect_nrmse,-0.1711825623,0.1247011473,9,toto2.0,-0.009867999657,False,
fev-mini20-full-v6,FEV-Mini20,FEV-Bench,native,3,cross_series_dependence,1,tirex2,capability_effect_nrmse,-0.1961671148,0.02402484304,9,toto2.0,-0.0709611713,False,
fev-mini20-full-v6,FEV-Mini20,FEV-Bench,native,3,cross_series_dependence,2,Chronos-2,capability_effect_nrmse,-0.111743433,-0.0314921151,9,Timer-3.5,-0.06712693109,True,Chronos-2
fev-mini20-full-v6,FEV-Mini20,FEV-Bench,native,3,cross_series_dependence,2,Chronos-2,capability_effect_nrmse,-0.1605703802,-0.0349451334,9,moirai2,-0.09026889048,True,Chronos-2
fev-mini20-full-v6,FEV-Mini20,FEV-Bench,native,3,cross_series_dependence,2,Chronos-2,capability_effect_nrmse,-0.1176225521,0.01785796772,9,timesfm2.5,-0.04562219309,False,
fev-mini20-full-v6,FEV-Mini20,FEV-Bench,native,3,cross_series_dependence,2,Chronos-2,capability_effect_nrmse,-0.005474799568,0.02519304245,9,tirex2,0.008765398986,False,
fev-mini20-full-v6,FEV-Mini20,FEV-Bench,native,3,cross_series_dependence,2,Chronos-2,capability_effect_nrmse,-0.07877437659,0.02234595883,9,toto2.0,-0.02192208997,False,
fev-mini20-full-v6,FEV-Mini20,FEV-Bench,native,3,cross_series_dependence,2,Timer-3.5,capability_effect_nrmse,-0.1023382849,0.04800497769,9,moirai2,-0.02314195939,False,
fev-mini20-full-v6,FEV-Mini20,FEV-Bench,native,3,cross_series_dependence,2,Timer-3.5,capability_effect_nrmse,-0.04809327885,0.09397609865,9,timesfm2.5,0.021504738,False,
fev-mini20-full-v6,FEV-Mini20,FEV-Bench,native,3,cross_series_dependence,2,Timer-3.5,capability_effect_nrmse,0.03256559006,0.1294904457,9,tirex2,0.07589233008,True,tirex2
fev-mini20-full-v6,FEV-Mini20,FEV-Bench,native,3,cross_series_dependence,2,Timer-3.5,capability_effect_nrmse,-0.02337858313,0.1187214177,9,toto2.0,0.04520484112,False,
fev-mini20-full-v6,FEV-Mini20,FEV-Bench,native,3,cross_series_dependence,2,moirai2,capability_effect_nrmse,-0.02609876006,0.1219611828,9,timesfm2.5,0.04464669738,False,
fev-mini20-full-v6,FEV-Mini20,FEV-Bench,native,3,cross_series_dependence,2,moirai2,capability_effect_nrmse,0.03974425401,0.1665066334,9,tirex2,0.09903428946,True,tirex2
fev-mini20-full-v6,FEV-Mini20,FEV-Bench,native,3,cross_series_dependence,2,moirai2,capability_effect_nrmse,-0.005962529174,0.1415065691,9,toto2.0,0.06834680051,False,
fev-mini20-full-v6,FEV-Mini20,FEV-Bench,native,3,cross_series_dependence,2,timesfm2.5,capability_effect_nrmse,-0.01478012736,0.1413751673,9,tirex2,0.05438759208,False,
fev-mini20-full-v6,FEV-Mini20,FEV-Bench,native,3,cross_series_dependence,2,timesfm2.5,capability_effect_nrmse,-0.04028273583,0.09734353615,9,toto2.0,0.02370010313,False,
fev-mini20-full-v6,FEV-Mini20,FEV-Bench,native,3,cross_series_dependence,2,tirex2,capability_effect_nrmse,-0.1013703377,0.01455687661,9,toto2.0,-0.03068748895,False,
fev-mini20-full-v6,FEV-Mini20,FEV-Bench,native,3,cross_series_dependence,3,Chronos-2,capability_effect_nrmse,-0.09791628974,-0.01228986523,9,Timer-3.5,-0.0519342063,True,Chronos-2
fev-mini20-full-v6,FEV-Mini20,FEV-Bench,native,3,cross_series_dependence,3,Chronos-2,capability_effect_nrmse,-0.1916266274,-0.04109242424,9,moirai2,-0.1107918877,True,Chronos-2
fev-mini20-full-v6,FEV-Mini20,FEV-Bench,native,3,cross_series_dependence,3,Chronos-2,capability_effect_nrmse,-0.09522023586,0.01208045107,9,timesfm2.5,-0.03878419032,False,
fev-mini20-full-v6,FEV-Mini20,FEV-Bench,native,3,cross_series_dependence,3,Chronos-2,capability_effect_nrmse,-0.008456909601,0.02195060619,9,tirex2,0.005229429316,False,
fev-mini20-full-v6,FEV-Mini20,FEV-Bench,native,3,cross_series_dependence,3,Chronos-2,capability_effect_nrmse,-0.09214417131,0.03695236634,9,toto2.0,-0.01958195731,False,
fev-mini20-full-v6,FEV-Mini20,FEV-Bench,native,3,cross_series_dependence,3,Timer-3.5,capability_effect_nrmse,-0.1467443501,0.02375607754,9,moirai2,-0.05885768141,False,
fev-mini20-full-v6,FEV-Mini20,FEV-Bench,native,3,cross_series_dependence,3,Timer-3.5,capability_effect_nrmse,-0.04434629429,0.07726464995,9,timesfm2.5,0.01315001598,False,
fev-mini20-full-v6,FEV-Mini20,FEV-Bench,native,3,cross_series_dependence,3,Timer-3.5,capability_effect_nrmse,0.01456663794,0.1075187158,9,tirex2,0.05716363562,True,tirex2
fev-mini20-full-v6,FEV-Mini20,FEV-Bench,native,3,cross_series_dependence,3,Timer-3.5,capability_effect_nrmse,-0.0260729648,0.09653698806,9,toto2.0,0.03235224899,False,
fev-mini20-full-v6,FEV-Mini20,FEV-Bench,native,3,cross_series_dependence,3,moirai2,capability_effect_nrmse,-0.007047595882,0.1771835835,9,timesfm2.5,0.07200769739,False,
fev-mini20-full-v6,FEV-Mini20,FEV-Bench,native,3,cross_series_dependence,3,moirai2,capability_effect_nrmse,0.0413978693,0.1967505464,9,tirex2,0.116021317,True,tirex2
fev-mini20-full-v6,FEV-Mini20,FEV-Bench,native,3,cross_series_dependence,3,moirai2,capability_effect_nrmse,-0.00589084546,0.2047507314,9,toto2.0,0.0912099304,False,
fev-mini20-full-v6,FEV-Mini20,FEV-Bench,native,3,cross_series_dependence,3,timesfm2.5,capability_effect_nrmse,-0.01557939224,0.1159767695,9,tirex2,0.04401361964,False,
fev-mini20-full-v6,FEV-Mini20,FEV-Bench,native,3,cross_series_dependence,3,timesfm2.5,capability_effect_nrmse,-0.01673412791,0.06825436337,9,toto2.0,0.01920223301,False,
fev-mini20-full-v6,FEV-Mini20,FEV-Bench,native,3,cross_series_dependence,3,tirex2,capability_effect_nrmse,-0.09924785907,0.03323994777,9,toto2.0,-0.02481138663,False,
fev-mini20-full-v6,FEV-Mini20,FEV-Bench,native,3,cross_series_dependence,4,Chronos-2,capability_effect_nrmse,-0.08867455723,-0.005637749566,9,Timer-3.5,-0.0429190326,True,Chronos-2
fev-mini20-full-v6,FEV-Mini20,FEV-Bench,native,3,cross_series_dependence,4,Chronos-2,capability_effect_nrmse,-0.3198233503,-0.03415339118,9,moirai2,-0.1490878913,True,Chronos-2
fev-mini20-full-v6,FEV-Mini20,FEV-Bench,native,3,cross_series_dependence,4,Chronos-2,capability_effect_nrmse,-0.08818297254,0.009874617997,9,timesfm2.5,-0.03392215898,False,
fev-mini20-full-v6,FEV-Mini20,FEV-Bench,native,3,cross_series_dependence,4,Chronos-2,capability_effect_nrmse,-0.01588520879,0.01670666315,9,tirex2,0.001813016868,False,
fev-mini20-full-v6,FEV-Mini20,FEV-Bench,native,3,cross_series_dependence,4,Chronos-2,capability_effect_nrmse,-0.09224870619,0.03440437,9,toto2.0,-0.02320912487,False,
fev-mini20-full-v6,FEV-Mini20,FEV-Bench,native,3,cross_series_dependence,4,Timer-3.5,capability_effect_nrmse,-0.2864808587,0.01585736579,9,moirai2,-0.1061688587,False,
fev-mini20-full-v6,FEV-Mini20,FEV-Bench,native,3,cross_series_dependence,4,Timer-3.5,capability_effect_nrmse,-0.03634455239,0.06071251636,9,timesfm2.5,0.008996873613,False,
fev-mini20-full-v6,FEV-Mini20,FEV-Bench,native,3,cross_series_dependence,4,Timer-3.5,capability_effect_nrmse,0.006344687084,0.09797187466,9,tirex2,0.04473204947,True,tirex2
fev-mini20-full-v6,FEV-Mini20,FEV-Bench,native,3,cross_series_dependence,4,Timer-3.5,capability_effect_nrmse,-0.0298777844,0.07313337017,9,toto2.0,0.01970990772,False,
fev-mini20-full-v6,FEV-Mini20,FEV-Bench,native,3,cross_series_dependence,4,moirai2,capability_effect_nrmse,-0.0009341864159,0.3094805705,9,timesfm2.5,0.1151657323,False,
fev-mini20-full-v6,FEV-Mini20,FEV-Bench,native,3,cross_series_dependence,4,moirai2,capability_effect_nrmse,0.03873285922,0.3228242912,9,tirex2,0.1509009081,True,tirex2
fev-mini20-full-v6,FEV-Mini20,FEV-Bench,native,3,cross_series_dependence,4,moirai2,capability_effect_nrmse,-0.004670624284,0.3314905647,9,toto2.0,0.1258787664,False,
fev-mini20-full-v6,FEV-Mini20,FEV-Bench,native,3,cross_series_dependence,4,timesfm2.5,capability_effect_nrmse,-0.01042361805,0.09210158302,9,tirex2,0.03573517585,False,
fev-mini20-full-v6,FEV-Mini20,FEV-Bench,native,3,cross_series_dependence,4,timesfm2.5,capability_effect_nrmse,-0.01991196273,0.04737726808,9,toto2.0,0.01071303411,False,
fev-mini20-full-v6,FEV-Mini20,FEV-Bench,native,3,cross_series_dependence,4,tirex2,capability_effect_nrmse,-0.09562785476,0.02606217306,9,toto2.0,-0.02502214174,False,
fev-mini20-full-v6,FEV-Mini20,FEV-Bench,native,3,cross_series_dependence,5,Chronos-2,capability_effect_nrmse,-0.07226416392,0.005655891494,9,Timer-3.5,-0.03263064988,False,
fev-mini20-full-v6,FEV-Mini20,FEV-Bench,native,3,cross_series_dependence,5,Chronos-2,capability_effect_nrmse,-0.4473005173,-0.03270916989,9,moirai2,-0.1859791911,True,Chronos-2
fev-mini20-full-v6,FEV-Mini20,FEV-Bench,native,3,cross_series_dependence,5,Chronos-2,capability_effect_nrmse,-0.08268545772,-0.0004196751784,9,timesfm2.5,-0.03492412132,True,Chronos-2
fev-mini20-full-v6,FEV-Mini20,FEV-Bench,native,3,cross_series_dependence,5,Chronos-2,capability_effect_nrmse,-0.02030979314,0.01494691963,9,tirex2,-0.001516952333,False,
fev-mini20-full-v6,FEV-Mini20,FEV-Bench,native,3,cross_series_dependence,5,Chronos-2,capability_effect_nrmse,-0.09082139527,0.03110602703,9,toto2.0,-0.02249015305,False,
fev-mini20-full-v6,FEV-Mini20,FEV-Bench,native,3,cross_series_dependence,5,Timer-3.5,capability_effect_nrmse,-0.4182504875,0.002995317345,9,moirai2,-0.1533485412,False,
fev-mini20-full-v6,FEV-Mini20,FEV-Bench,native,3,cross_series_dependence,5,Timer-3.5,capability_effect_nrmse,-0.03402912896,0.03285346425,9,timesfm2.5,-0.002293471436,False,
fev-mini20-full-v6,FEV-Mini20,FEV-Bench,native,3,cross_series_dependence,5,Timer-3.5,capability_effect_nrmse,-0.0121510959,0.07681099771,9,tirex2,0.03111369755,False,
fev-mini20-full-v6,FEV-Mini20,FEV-Bench,native,3,cross_series_dependence,5,Timer-3.5,capability_effect_nrmse,-0.03080617293,0.05406128544,9,toto2.0,0.01014049683,False,
fev-mini20-full-v6,FEV-Mini20,FEV-Bench,native,3,cross_series_dependence,5,moirai2,capability_effect_nrmse,0.0002870597588,0.4189209856,9,timesfm2.5,0.1510550698,True,timesfm2.5
fev-mini20-full-v6,FEV-Mini20,FEV-Bench,native,3,cross_series_dependence,5,moirai2,capability_effect_nrmse,0.03139314057,0.4427874803,9,tirex2,0.1844622388,True,tirex2
fev-mini20-full-v6,FEV-Mini20,FEV-Bench,native,3,cross_series_dependence,5,moirai2,capability_effect_nrmse,-0.00543438719,0.4583131694,9,toto2.0,0.1634890381,False,
fev-mini20-full-v6,FEV-Mini20,FEV-Bench,native,3,cross_series_dependence,5,timesfm2.5,capability_effect_nrmse,0.005869657281,0.08250762987,9,tirex2,0.03340716899,True,tirex2
fev-mini20-full-v6,FEV-Mini20,FEV-Bench,native,3,cross_series_dependence,5,timesfm2.5,capability_effect_nrmse,-0.01259840902,0.04175517564,9,toto2.0,0.01243396827,False,
fev-mini20-full-v6,FEV-Mini20,FEV-Bench,native,3,cross_series_dependence,5,tirex2,capability_effect_nrmse,-0.08608513979,0.0296569094,9,toto2.0,-0.02097320072,False,
fev-mini20-full-v6,FEV-Mini20,FEV-Bench,native,3,multi_seasonal,1,Chronos-2,capability_effect_nrmse,-0.1669297495,0.2733028873,20,Timer-3.5,0.02620010377,False,
fev-mini20-full-v6,FEV-Mini20,FEV-Bench,native,3,multi_seasonal,1,Chronos-2,capability_effect_nrmse,-0.3047972033,0.1936169043,20,moirai2,-0.07305273088,False,
fev-mini20-full-v6,FEV-Mini20,FEV-Bench,native,3,multi_seasonal,1,Chronos-2,capability_effect_nrmse,0.00865586935,0.493249917,20,timesfm2.5,0.2193675476,True,timesfm2.5
fev-mini20-full-v6,FEV-Mini20,FEV-Bench,native,3,multi_seasonal,1,Chronos-2,capability_effect_nrmse,0.02927998975,0.2916575018,20,tirex2,0.1412732113,True,tirex2
fev-mini20-full-v6,FEV-Mini20,FEV-Bench,native,3,multi_seasonal,1,Chronos-2,capability_effect_nrmse,0.2035477727,0.5773185216,20,toto2.0,0.3673619261,True,toto2.0
fev-mini20-full-v6,FEV-Mini20,FEV-Bench,native,3,multi_seasonal,1,Timer-3.5,capability_effect_nrmse,-0.2148755539,-0.004541910719,20,moirai2,-0.09925283466,True,Timer-3.5
fev-mini20-full-v6,FEV-Mini20,FEV-Bench,native,3,multi_seasonal,1,Timer-3.5,capability_effect_nrmse,0.1054151587,0.3194748962,20,timesfm2.5,0.1931674438,True,timesfm2.5
fev-mini20-full-v6,FEV-Mini20,FEV-Bench,native,3,multi_seasonal,1,Timer-3.5,capability_effect_nrmse,-0.09510060188,0.2771133898,20,tirex2,0.1150731075,False,
fev-mini20-full-v6,FEV-Mini20,FEV-Bench,native,3,multi_seasonal,1,Timer-3.5,capability_effect_nrmse,0.2585086451,0.4404517411,20,toto2.0,0.3411618223,True,toto2.0
fev-mini20-full-v6,FEV-Mini20,FEV-Bench,native,3,multi_seasonal,1,moirai2,capability_effect_nrmse,0.1420381919,0.5303922815,20,timesfm2.5,0.2924202784,True,timesfm2.5
fev-mini20-full-v6,FEV-Mini20,FEV-Bench,native,3,multi_seasonal,1,moirai2,capability_effect_nrmse,-0.02788178865,0.4599482665,20,tirex2,0.2143259422,False,
fev-mini20-full-v6,FEV-Mini20,FEV-Bench,native,3,multi_seasonal,1,moirai2,capability_effect_nrmse,0.3168460296,0.612126848,20,toto2.0,0.440414657,True,toto2.0
fev-mini20-full-v6,FEV-Mini20,FEV-Bench,native,3,multi_seasonal,1,timesfm2.5,capability_effect_nrmse,-0.2904138188,0.05967643639,20,tirex2,-0.07809433626,False,
fev-mini20-full-v6,FEV-Mini20,FEV-Bench,native,3,multi_seasonal,1,timesfm2.5,capability_effect_nrmse,0.05591844271,0.2247703337,20,toto2.0,0.1479943785,True,toto2.0
fev-mini20-full-v6,FEV-Mini20,FEV-Bench,native,3,multi_seasonal,1,tirex2,capability_effect_nrmse,0.09909441149,0.3941788991,20,toto2.0,0.2260887148,True,toto2.0
fev-mini20-full-v6,FEV-Mini20,FEV-Bench,native,3,multi_seasonal,2,Chronos-2,capability_effect_nrmse,-0.1626873262,0.3405805544,20,Timer-3.5,0.05512652406,False,
fev-mini20-full-v6,FEV-Mini20,FEV-Bench,native,3,multi_seasonal,2,Chronos-2,capability_effect_nrmse,-0.2724984374,0.2545474216,20,moirai2,-0.03056752265,False,
fev-mini20-full-v6,FEV-Mini20,FEV-Bench,native,3,multi_seasonal,2,Chronos-2,capability_effect_nrmse,0.0217670181,0.543571137,20,timesfm2.5,0.2501926242,True,timesfm2.5
fev-mini20-full-v6,FEV-Mini20,FEV-Bench,native,3,multi_seasonal,2,Chronos-2,capability_effect_nrmse,0.02126059739,0.3513249117,20,tirex2,0.1593135441,True,tirex2
fev-mini20-full-v6,FEV-Mini20,FEV-Bench,native,3,multi_seasonal,2,Chronos-2,capability_effect_nrmse,0.2161376108,0.6546647244,20,toto2.0,0.4061495994,True,toto2.0
fev-mini20-full-v6,FEV-Mini20,FEV-Bench,native,3,multi_seasonal,2,Timer-3.5,capability_effect_nrmse,-0.2052307218,0.01586066316,20,moirai2,-0.08569404671,False,
fev-mini20-full-v6,FEV-Mini20,FEV-Bench,native,3,multi_seasonal,2,Timer-3.5,capability_effect_nrmse,0.09508683791,0.3306209093,20,timesfm2.5,0.1950661001,True,timesfm2.5
fev-mini20-full-v6,FEV-Mini20,FEV-Bench,native,3,multi_seasonal,2,Timer-3.5,capability_effect_nrmse,-0.09956686548,0.2609748907,20,tirex2,0.10418702,False,
fev-mini20-full-v6,FEV-Mini20,FEV-Bench,native,3,multi_seasonal,2,Timer-3.5,capability_effect_nrmse,0.2510587466,0.4656345307,20,toto2.0,0.3510230753,True,toto2.0
fev-mini20-full-v6,FEV-Mini20,FEV-Bench,native,3,multi_seasonal,2,moirai2,capability_effect_nrmse,0.1282688608,0.5047751221,20,timesfm2.5,0.2807601468,True,timesfm2.5
fev-mini20-full-v6,FEV-Mini20,FEV-Bench,native,3,multi_seasonal,2,moirai2,capability_effect_nrmse,-0.05397206817,0.4192850419,20,tirex2,0.1898810667,False,
fev-mini20-full-v6,FEV-Mini20,FEV-Bench,native,3,multi_seasonal,2,moirai2,capability_effect_nrmse,0.3023105204,0.611627131,20,toto2.0,0.436717122,True,toto2.0
fev-mini20-full-v6,FEV-Mini20,FEV-Bench,native,3,multi_seasonal,2,timesfm2.5,capability_effect_nrmse,-0.2933109229,0.04352453394,20,tirex2,-0.09087908011,False,
fev-mini20-full-v6,FEV-Mini20,FEV-Bench,native,3,multi_seasonal,2,timesfm2.5,capability_effect_nrmse,0.07171378527,0.2402119874,20,toto2.0,0.1559569752,True,toto2.0
fev-mini20-full-v6,FEV-Mini20,FEV-Bench,native,3,multi_seasonal,2,tirex2,capability_effect_nrmse,0.1316875869,0.4107558983,20,toto2.0,0.2468360553,True,toto2.0
fev-mini20-full-v6,FEV-Mini20,FEV-Bench,native,3,multi_seasonal,3,Chronos-2,capability_effect_nrmse,-0.1741374042,0.3602677887,20,Timer-3.5,0.05853885067,False,
fev-mini20-full-v6,FEV-Mini20,FEV-Bench,native,3,multi_seasonal,3,Chronos-2,capability_effect_nrmse,-0.2642579306,0.3083252307,20,moirai2,-0.005027438826,False,
fev-mini20-full-v6,FEV-Mini20,FEV-Bench,native,3,multi_seasonal,3,Chronos-2,capability_effect_nrmse,0.02619347292,0.5412547586,20,timesfm2.5,0.257731801,True,timesfm2.5
fev-mini20-full-v6,FEV-Mini20,FEV-Bench,native,3,multi_seasonal,3,Chronos-2,capability_effect_nrmse,0.007921701923,0.3775245213,20,tirex2,0.1655419758,True,tirex2
fev-mini20-full-v6,FEV-Mini20,FEV-Bench,native,3,multi_seasonal,3,Chronos-2,capability_effect_nrmse,0.1956874611,0.6415007141,20,toto2.0,0.3995606627,True,toto2.0
fev-mini20-full-v6,FEV-Mini20,FEV-Bench,native,3,multi_seasonal,3,Timer-3.5,capability_effect_nrmse,-0.1847706589,0.04662000687,20,moirai2,-0.0635662895,False,
fev-mini20-full-v6,FEV-Mini20,FEV-Bench,native,3,multi_seasonal,3,Timer-3.5,capability_effect_nrmse,0.1118944424,0.3118329286,20,timesfm2.5,0.1991929504,True,timesfm2.5
fev-mini20-full-v6,FEV-Mini20,FEV-Bench,native,3,multi_seasonal,3,Timer-3.5,capability_effect_nrmse,-0.08519974839,0.264534957,20,tirex2,0.1070031251,False,
fev-mini20-full-v6,FEV-Mini20,FEV-Bench,native,3,multi_seasonal,3,Timer-3.5,capability_effect_nrmse,0.2418036326,0.448672946,20,toto2.0,0.3410218121,True,toto2.0
fev-mini20-full-v6,FEV-Mini20,FEV-Bench,native,3,multi_seasonal,3,moirai2,capability_effect_nrmse,0.1100915753,0.4625498277,20,timesfm2.5,0.2627592399,True,timesfm2.5
fev-mini20-full-v6,FEV-Mini20,FEV-Bench,native,3,multi_seasonal,3,moirai2,capability_effect_nrmse,-0.07824555633,0.4262122828,20,tirex2,0.1705694146,False,
fev-mini20-full-v6,FEV-Mini20,FEV-Bench,native,3,multi_seasonal,3,moirai2,capability_effect_nrmse,0.2593706437,0.5829074909,20,toto2.0,0.4045881015,True,toto2.0
fev-mini20-full-v6,FEV-Mini20,FEV-Bench,native,3,multi_seasonal,3,timesfm2.5,capability_effect_nrmse,-0.281295798,0.03684394764,20,tirex2,-0.0921898253,False,
fev-mini20-full-v6,FEV-Mini20,FEV-Bench,native,3,multi_seasonal,3,timesfm2.5,capability_effect_nrmse,0.05969081194,0.2209542713,20,toto2.0,0.1418288617,True,toto2.0
fev-mini20-full-v6,FEV-Mini20,FEV-Bench,native,3,multi_seasonal,3,tirex2,capability_effect_nrmse,0.118954569,0.3905232328,20,toto2.0,0.234018687,True,toto2.0
fev-mini20-full-v6,FEV-Mini20,FEV-Bench,native,3,multi_seasonal,4,Chronos-2,capability_effect_nrmse,-0.1456424306,0.3563874395,20,Timer-3.5,0.07583077332,False,
fev-mini20-full-v6,FEV-Mini20,FEV-Bench,native,3,multi_seasonal,4,Chronos-2,capability_effect_nrmse,-0.235410495,0.2903028732,20,moirai2,0.0200252602,False,
fev-mini20-full-v6,FEV-Mini20,FEV-Bench,native,3,multi_seasonal,4,Chronos-2,capability_effect_nrmse,0.02579519468,0.5503490005,20,timesfm2.5,0.257770167,True,timesfm2.5
fev-mini20-full-v6,FEV-Mini20,FEV-Bench,native,3,multi_seasonal,4,Chronos-2,capability_effect_nrmse,0.00931371463,0.3729468948,20,tirex2,0.1649322768,True,tirex2
fev-mini20-full-v6,FEV-Mini20,FEV-Bench,native,3,multi_seasonal,4,Chronos-2,capability_effect_nrmse,0.1992783033,0.6401539153,20,toto2.0,0.3930535372,True,toto2.0
fev-mini20-full-v6,FEV-Mini20,FEV-Bench,native,3,multi_seasonal,4,Timer-3.5,capability_effect_nrmse,-0.1748504806,0.05496186951,20,moirai2,-0.05580551312,False,
fev-mini20-full-v6,FEV-Mini20,FEV-Bench,native,3,multi_seasonal,4,Timer-3.5,capability_effect_nrmse,0.1000020608,0.2976158544,20,timesfm2.5,0.1819393937,True,timesfm2.5
fev-mini20-full-v6,FEV-Mini20,FEV-Bench,native,3,multi_seasonal,4,Timer-3.5,capability_effect_nrmse,-0.09377621002,0.251583383,20,tirex2,0.08910150347,False,
fev-mini20-full-v6,FEV-Mini20,FEV-Bench,native,3,multi_seasonal,4,Timer-3.5,capability_effect_nrmse,0.2152583223,0.4174332934,20,toto2.0,0.3172227639,True,toto2.0
fev-mini20-full-v6,FEV-Mini20,FEV-Bench,native,3,multi_seasonal,4,moirai2,capability_effect_nrmse,0.09260512538,0.4483872868,20,timesfm2.5,0.2377449068,True,timesfm2.5
fev-mini20-full-v6,FEV-Mini20,FEV-Bench,native,3,multi_seasonal,4,moirai2,capability_effect_nrmse,-0.08370748223,0.4005604697,20,tirex2,0.1449070166,False,
fev-mini20-full-v6,FEV-Mini20,FEV-Bench,native,3,multi_seasonal,4,moirai2,capability_effect_nrmse,0.2210766692,0.5544232529,20,toto2.0,0.373028277,True,toto2.0
fev-mini20-full-v6,FEV-Mini20,FEV-Bench,native,3,multi_seasonal,4,timesfm2.5,capability_effect_nrmse,-0.2787359127,0.02503955507,20,tirex2,-0.0928378902,False,
fev-mini20-full-v6,FEV-Mini20,FEV-Bench,native,3,multi_seasonal,4,timesfm2.5,capability_effect_nrmse,0.0542713321,0.211080534,20,toto2.0,0.1352833703,True,toto2.0
fev-mini20-full-v6,FEV-Mini20,FEV-Bench,native,3,multi_seasonal,4,tirex2,capability_effect_nrmse,0.1111232207,0.3850527625,20,toto2.0,0.2281212605,True,toto2.0
fev-mini20-full-v6,FEV-Mini20,FEV-Bench,native,3,multi_seasonal,5,Chronos-2,capability_effect_nrmse,-0.1429966771,0.3631213474,20,Timer-3.5,0.0788188489,False,
fev-mini20-full-v6,FEV-Mini20,FEV-Bench,native,3,multi_seasonal,5,Chronos-2,capability_effect_nrmse,-0.2423935155,0.3161023997,20,moirai2,0.034908562,False,
fev-mini20-full-v6,FEV-Mini20,FEV-Bench,native,3,multi_seasonal,5,Chronos-2,capability_effect_nrmse,0.0427633614,0.5407981532,20,timesfm2.5,0.2560352865,True,timesfm2.5
fev-mini20-full-v6,FEV-Mini20,FEV-Bench,native,3,multi_seasonal,5,Chronos-2,capability_effect_nrmse,0.01314528864,0.3770720178,20,tirex2,0.1670579186,True,tirex2
fev-mini20-full-v6,FEV-Mini20,FEV-Bench,native,3,multi_seasonal,5,Chronos-2,capability_effect_nrmse,0.1934730146,0.6386108779,20,toto2.0,0.396389928,True,toto2.0
fev-mini20-full-v6,FEV-Mini20,FEV-Bench,native,3,multi_seasonal,5,Timer-3.5,capability_effect_nrmse,-0.1718071554,0.06186884126,20,moirai2,-0.0439102869,False,
fev-mini20-full-v6,FEV-Mini20,FEV-Bench,native,3,multi_seasonal,5,Timer-3.5,capability_effect_nrmse,0.09574753073,0.2821220043,20,timesfm2.5,0.1772164376,True,timesfm2.5
fev-mini20-full-v6,FEV-Mini20,FEV-Bench,native,3,multi_seasonal,5,Timer-3.5,capability_effect_nrmse,-0.09948825504,0.2500787186,20,tirex2,0.08823906965,False,
fev-mini20-full-v6,FEV-Mini20,FEV-Bench,native,3,multi_seasonal,5,Timer-3.5,capability_effect_nrmse,0.2166346026,0.4167866999,20,toto2.0,0.3175710791,True,toto2.0
fev-mini20-full-v6,FEV-Mini20,FEV-Bench,native,3,multi_seasonal,5,moirai2,capability_effect_nrmse,0.07948900936,0.4279738709,20,timesfm2.5,0.2211267245,True,timesfm2.5
fev-mini20-full-v6,FEV-Mini20,FEV-Bench,native,3,multi_seasonal,5,moirai2,capability_effect_nrmse,-0.1034459386,0.3967151395,20,tirex2,0.1321493566,False,
fev-mini20-full-v6,FEV-Mini20,FEV-Bench,native,3,multi_seasonal,5,moirai2,capability_effect_nrmse,0.2098581473,0.5511126314,20,toto2.0,0.361481366,True,toto2.0
fev-mini20-full-v6,FEV-Mini20,FEV-Bench,native,3,multi_seasonal,5,timesfm2.5,capability_effect_nrmse,-0.2622452595,0.02711634683,20,tirex2,-0.08897736796,False,
fev-mini20-full-v6,FEV-Mini20,FEV-Bench,native,3,multi_seasonal,5,timesfm2.5,capability_effect_nrmse,0.07437624113,0.2063261473,20,toto2.0,0.1403546415,True,toto2.0
fev-mini20-full-v6,FEV-Mini20,FEV-Bench,native,3,multi_seasonal,5,tirex2,capability_effect_nrmse,0.1036630509,0.3854214756,20,toto2.0,0.2293320095,True,toto2.0
fev-mini20-full-v6,FEV-Mini20,FEV-Bench,native,3,predictable_intermittency,1,Chronos-2,capability_effect_nrmse,-0.2704958869,0.05563710049,18,Timer-3.5,-0.08566567753,False,
fev-mini20-full-v6,FEV-Mini20,FEV-Bench,native,3,predictable_intermittency,1,Chronos-2,capability_effect_nrmse,-0.4289191315,-0.02076204605,18,moirai2,-0.1972115218,True,Chronos-2
fev-mini20-full-v6,FEV-Mini20,FEV-Bench,native,3,predictable_intermittency,1,Chronos-2,capability_effect_nrmse,-0.07607141523,0.1253819312,18,timesfm2.5,0.0181016883,False,
fev-mini20-full-v6,FEV-Mini20,FEV-Bench,native,3,predictable_intermittency,1,Chronos-2,capability_effect_nrmse,-0.02077082832,0.03691778729,18,tirex2,0.007602440074,False,
fev-mini20-full-v6,FEV-Mini20,FEV-Bench,native,3,predictable_intermittency,1,Chronos-2,capability_effect_nrmse,0.004061928755,0.1573646724,18,toto2.0,0.0719279172,True,toto2.0
fev-mini20-full-v6,FEV-Mini20,FEV-Bench,native,3,predictable_intermittency,1,Timer-3.5,capability_effect_nrmse,-0.2304065703,-0.02260418217,18,moirai2,-0.1115458442,True,Timer-3.5
fev-mini20-full-v6,FEV-Mini20,FEV-Bench,native,3,predictable_intermittency,1,Timer-3.5,capability_effect_nrmse,0.03105280226,0.2213523912,18,timesfm2.5,0.1037673658,True,timesfm2.5
fev-mini20-full-v6,FEV-Mini20,FEV-Bench,native,3,predictable_intermittency,1,Timer-3.5,capability_effect_nrmse,-0.04365659304,0.2746632953,18,tirex2,0.09326811761,False,
fev-mini20-full-v6,FEV-Mini20,FEV-Bench,native,3,predictable_intermittency,1,Timer-3.5,capability_effect_nrmse,0.0546999587,0.3098311358,18,toto2.0,0.1575935947,True,toto2.0
fev-mini20-full-v6,FEV-Mini20,FEV-Bench,native,3,predictable_intermittency,1,moirai2,capability_effect_nrmse,0.07769663908,0.3972440068,18,timesfm2.5,0.2153132101,True,timesfm2.5
fev-mini20-full-v6,FEV-Mini20,FEV-Bench,native,3,predictable_intermittency,1,moirai2,capability_effect_nrmse,0.02028177429,0.4409900422,18,tirex2,0.2048139618,True,tirex2
fev-mini20-full-v6,FEV-Mini20,FEV-Bench,native,3,predictable_intermittency,1,moirai2,capability_effect_nrmse,0.1271572799,0.4658263516,18,toto2.0,0.269139439,True,toto2.0
fev-mini20-full-v6,FEV-Mini20,FEV-Bench,native,3,predictable_intermittency,1,timesfm2.5,capability_effect_nrmse,-0.1247507899,0.08663759021,18,tirex2,-0.01049924823,False,
fev-mini20-full-v6,FEV-Mini20,FEV-Bench,native,3,predictable_intermittency,1,timesfm2.5,capability_effect_nrmse,0.001565529017,0.1116689295,18,toto2.0,0.0538262289,True,toto2.0
fev-mini20-full-v6,FEV-Mini20,FEV-Bench,native,3,predictable_intermittency,1,tirex2,capability_effect_nrmse,-0.002576554311,0.1532165704,18,toto2.0,0.06432547713,False,
fev-mini20-full-v6,FEV-Mini20,FEV-Bench,native,3,predictable_intermittency,2,Chronos-2,capability_effect_nrmse,-0.3021107732,0.1083766202,18,Timer-3.5,-0.06725509151,False,
fev-mini20-full-v6,FEV-Mini20,FEV-Bench,native,3,predictable_intermittency,2,Chronos-2,capability_effect_nrmse,-0.4153954644,0.04700086212,18,moirai2,-0.1334034842,False,
fev-mini20-full-v6,FEV-Mini20,FEV-Bench,native,3,predictable_intermittency,2,Chronos-2,capability_effect_nrmse,-0.05483351478,0.1475284353,18,timesfm2.5,0.03470080004,False,
fev-mini20-full-v6,FEV-Mini20,FEV-Bench,native,3,predictable_intermittency,2,Chronos-2,capability_effect_nrmse,-0.02081262371,0.07845792751,18,tirex2,0.02323923195,False,
fev-mini20-full-v6,FEV-Mini20,FEV-Bench,native,3,predictable_intermittency,2,Chronos-2,capability_effect_nrmse,-0.01001479588,0.1589669294,18,toto2.0,0.06331709415,False,
fev-mini20-full-v6,FEV-Mini20,FEV-Bench,native,3,predictable_intermittency,2,Timer-3.5,capability_effect_nrmse,-0.1191877453,-0.02310953155,18,moirai2,-0.06614839273,True,Timer-3.5
fev-mini20-full-v6,FEV-Mini20,FEV-Bench,native,3,predictable_intermittency,2,Timer-3.5,capability_effect_nrmse,-0.01206657598,0.2826694967,18,timesfm2.5,0.1019558915,False,
fev-mini20-full-v6,FEV-Mini20,FEV-Bench,native,3,predictable_intermittency,2,Timer-3.5,capability_effect_nrmse,-0.08212039661,0.3421359364,18,tirex2,0.09049432346,False,
fev-mini20-full-v6,FEV-Mini20,FEV-Bench,native,3,predictable_intermittency,2,Timer-3.5,capability_effect_nrmse,-0.001905030081,0.3543683723,18,toto2.0,0.1305721857,False,
fev-mini20-full-v6,FEV-Mini20,FEV-Bench,native,3,predictable_intermittency,2,moirai2,capability_effect_nrmse,0.03828612204,0.3836049179,18,timesfm2.5,0.1681042843,True,timesfm2.5
fev-mini20-full-v6,FEV-Mini20,FEV-Bench,native,3,predictable_intermittency,2,moirai2,capability_effect_nrmse,-0.03984123965,0.4464076943,18,tirex2,0.1566427162,False,
fev-mini20-full-v6,FEV-Mini20,FEV-Bench,native,3,predictable_intermittency,2,moirai2,capability_effect_nrmse,0.05149208546,0.4433465612,18,toto2.0,0.1967205784,True,toto2.0
fev-mini20-full-v6,FEV-Mini20,FEV-Bench,native,3,predictable_intermittency,2,timesfm2.5,capability_effect_nrmse,-0.1235268875,0.07548834276,18,tirex2,-0.01146156809,False,
fev-mini20-full-v6,FEV-Mini20,FEV-Bench,native,3,predictable_intermittency,2,timesfm2.5,capability_effect_nrmse,-0.02215737437,0.08752081575,18,toto2.0,0.02861629411,False,
fev-mini20-full-v6,FEV-Mini20,FEV-Bench,native,3,predictable_intermittency,2,tirex2,capability_effect_nrmse,-0.03116742975,0.1366990853,18,toto2.0,0.04007786219,False,
fev-mini20-full-v6,FEV-Mini20,FEV-Bench,native,3,predictable_intermittency,3,Chronos-2,capability_effect_nrmse,-0.4032256333,0.1519321022,18,Timer-3.5,-0.0704163026,False,
fev-mini20-full-v6,FEV-Mini20,FEV-Bench,native,3,predictable_intermittency,3,Chronos-2,capability_effect_nrmse,-0.5556221366,0.1190509625,18,moirai2,-0.13837369,False,
fev-mini20-full-v6,FEV-Mini20,FEV-Bench,native,3,predictable_intermittency,3,Chronos-2,capability_effect_nrmse,-0.04153128671,0.2155534731,18,timesfm2.5,0.06921658386,False,
fev-mini20-full-v6,FEV-Mini20,FEV-Bench,native,3,predictable_intermittency,3,Chronos-2,capability_effect_nrmse,0.01600278875,0.09996444097,18,tirex2,0.05274263541,True,tirex2
fev-mini20-full-v6,FEV-Mini20,FEV-Bench,native,3,predictable_intermittency,3,Chronos-2,capability_effect_nrmse,0.01134145149,0.2248925584,18,toto2.0,0.09718887131,True,toto2.0
fev-mini20-full-v6,FEV-Mini20,FEV-Bench,native,3,predictable_intermittency,3,Timer-3.5,capability_effect_nrmse,-0.1704109148,-0.005656464223,18,moirai2,-0.06795738737,True,Timer-3.5
fev-mini20-full-v6,FEV-Mini20,FEV-Bench,native,3,predictable_intermittency,3,Timer-3.5,capability_effect_nrmse,-0.01153143108,0.3987632156,18,timesfm2.5,0.1396328865,False,
fev-mini20-full-v6,FEV-Mini20,FEV-Bench,native,3,predictable_intermittency,3,Timer-3.5,capability_effect_nrmse,-0.09366538461,0.4544009151,18,tirex2,0.123158938,False,
fev-mini20-full-v6,FEV-Mini20,FEV-Bench,native,3,predictable_intermittency,3,Timer-3.5,capability_effect_nrmse,-0.003072414228,0.4652744539,18,toto2.0,0.1676051739,False,
fev-mini20-full-v6,FEV-Mini20,FEV-Bench,native,3,predictable_intermittency,3,moirai2,capability_effect_nrmse,0.0116794511,0.5559880789,18,timesfm2.5,0.2075902738,True,timesfm2.5
fev-mini20-full-v6,FEV-Mini20,FEV-Bench,native,3,predictable_intermittency,3,moirai2,capability_effect_nrmse,-0.06026915045,0.6047688978,18,tirex2,0.1911163254,False,
fev-mini20-full-v6,FEV-Mini20,FEV-Bench,native,3,predictable_intermittency,3,moirai2,capability_effect_nrmse,0.02712746223,0.6148739171,18,toto2.0,0.2355625613,True,toto2.0
fev-mini20-full-v6,FEV-Mini20,FEV-Bench,native,3,predictable_intermittency,3,timesfm2.5,capability_effect_nrmse,-0.1546248486,0.07899728169,18,tirex2,-0.01647394845,False,
fev-mini20-full-v6,FEV-Mini20,FEV-Bench,native,3,predictable_intermittency,3,timesfm2.5,capability_effect_nrmse,-0.01330977324,0.08557927831,18,toto2.0,0.02797228744,False,
fev-mini20-full-v6,FEV-Mini20,FEV-Bench,native,3,predictable_intermittency,3,tirex2,capability_effect_nrmse,-0.02598769411,0.1550849662,18,toto2.0,0.0444462359,False,
fev-mini20-full-v6,FEV-Mini20,FEV-Bench,native,3,predictable_intermittency,4,Chronos-2,capability_effect_nrmse,-0.1904722653,0.1657655559,18,Timer-3.5,-0.001127907463,False,
fev-mini20-full-v6,FEV-Mini20,FEV-Bench,native,3,predictable_intermittency,4,Chronos-2,capability_effect_nrmse,-0.5299138901,0.1408494764,18,moirai2,-0.1288436917,False,
fev-mini20-full-v6,FEV-Mini20,FEV-Bench,native,3,predictable_intermittency,4,Chronos-2,capability_effect_nrmse,-0.03597361744,0.2192509117,18,timesfm2.5,0.07410243602,False,
fev-mini20-full-v6,FEV-Mini20,FEV-Bench,native,3,predictable_intermittency,4,Chronos-2,capability_effect_nrmse,-0.002855864487,0.07102698077,18,tirex2,0.03351440557,False,
fev-mini20-full-v6,FEV-Mini20,FEV-Bench,native,3,predictable_intermittency,4,Chronos-2,capability_effect_nrmse,-0.003092076526,0.2141201412,18,toto2.0,0.08478919329,False,
fev-mini20-full-v6,FEV-Mini20,FEV-Bench,native,3,predictable_intermittency,4,Timer-3.5,capability_effect_nrmse,-0.347224866,-0.0008020913543,18,moirai2,-0.1277157842,True,Timer-3.5
fev-mini20-full-v6,FEV-Mini20,FEV-Bench,native,3,predictable_intermittency,4,Timer-3.5,capability_effect_nrmse,0.001574104929,0.1852920737,18,timesfm2.5,0.07523034348,True,timesfm2.5
fev-mini20-full-v6,FEV-Mini20,FEV-Bench,native,3,predictable_intermittency,4,Timer-3.5,capability_effect_nrmse,-0.132835303,0.2365445616,18,tirex2,0.03464231304,False,
fev-mini20-full-v6,FEV-Mini20,FEV-Bench,native,3,predictable_intermittency,4,Timer-3.5,capability_effect_nrmse,-0.01404564971,0.2515187269,18,toto2.0,0.08591710075,False,
fev-mini20-full-v6,FEV-Mini20,FEV-Bench,native,3,predictable_intermittency,4,moirai2,capability_effect_nrmse,0.02575374349,0.520347569,18,timesfm2.5,0.2029461277,True,timesfm2.5
fev-mini20-full-v6,FEV-Mini20,FEV-Bench,native,3,predictable_intermittency,4,moirai2,capability_effect_nrmse,-0.1137531486,0.5703562817,18,tirex2,0.1623580973,False,
fev-mini20-full-v6,FEV-Mini20,FEV-Bench,native,3,predictable_intermittency,4,moirai2,capability_effect_nrmse,0.0126059725,0.5768342161,18,toto2.0,0.213632885,True,toto2.0
fev-mini20-full-v6,FEV-Mini20,FEV-Bench,native,3,predictable_intermittency,4,timesfm2.5,capability_effect_nrmse,-0.1838405251,0.07338710573,18,tirex2,-0.04058803044,False,
fev-mini20-full-v6,FEV-Mini20,FEV-Bench,native,3,predictable_intermittency,4,timesfm2.5,capability_effect_nrmse,-0.03724261269,0.06721183492,18,toto2.0,0.01068675727,False,
fev-mini20-full-v6,FEV-Mini20,FEV-Bench,native,3,predictable_intermittency,4,tirex2,capability_effect_nrmse,-0.02816246218,0.1786576811,18,toto2.0,0.05127478771,False,
fev-mini20-full-v6,FEV-Mini20,FEV-Bench,native,3,predictable_intermittency,5,Chronos-2,capability_effect_nrmse,-0.1594910581,0.3205512235,18,Timer-3.5,0.07859054482,False,
fev-mini20-full-v6,FEV-Mini20,FEV-Bench,native,3,predictable_intermittency,5,Chronos-2,capability_effect_nrmse,-0.5325829043,0.2960677417,18,moirai2,-0.04426515634,False,
fev-mini20-full-v6,FEV-Mini20,FEV-Bench,native,3,predictable_intermittency,5,Chronos-2,capability_effect_nrmse,0.006589997279,0.3502805958,18,timesfm2.5,0.1505164012,True,timesfm2.5
fev-mini20-full-v6,FEV-Mini20,FEV-Bench,native,3,predictable_intermittency,5,Chronos-2,capability_effect_nrmse,-0.004387058574,0.1771304935,18,tirex2,0.08169537836,False,
fev-mini20-full-v6,FEV-Mini20,FEV-Bench,native,3,predictable_intermittency,5,Chronos-2,capability_effect_nrmse,-0.04620058721,0.2857279664,18,toto2.0,0.09372436519,False,
fev-mini20-full-v6,FEV-Mini20,FEV-Bench,native,3,predictable_intermittency,5,Timer-3.5,capability_effect_nrmse,-0.3716231831,0.01110731464,18,moirai2,-0.1228557012,False,
fev-mini20-full-v6,FEV-Mini20,FEV-Bench,native,3,predictable_intermittency,5,Timer-3.5,capability_effect_nrmse,-0.05633189131,0.2860112765,18,timesfm2.5,0.07192585641,False,
fev-mini20-full-v6,FEV-Mini20,FEV-Bench,native,3,predictable_intermittency,5,Timer-3.5,capability_effect_nrmse,-0.2074213885,0.2743234872,18,tirex2,0.003104833538,False,
fev-mini20-full-v6,FEV-Mini20,FEV-Bench,native,3,predictable_intermittency,5,Timer-3.5,capability_effect_nrmse,-0.1423227695,0.2392078425,18,toto2.0,0.01513382037,False,
fev-mini20-full-v6,FEV-Mini20,FEV-Bench,native,3,predictable_intermittency,5,moirai2,capability_effect_nrmse,-0.0482051368,0.6291697261,18,timesfm2.5,0.1947815576,False,
fev-mini20-full-v6,FEV-Mini20,FEV-Bench,native,3,predictable_intermittency,5,moirai2,capability_effect_nrmse,-0.2099098592,0.6401970653,18,tirex2,0.1259605347,False,
fev-mini20-full-v6,FEV-Mini20,FEV-Bench,native,3,predictable_intermittency,5,moirai2,capability_effect_nrmse,-0.1320984354,0.6082279586,18,toto2.0,0.1379895215,False,
fev-mini20-full-v6,FEV-Mini20,FEV-Bench,native,3,predictable_intermittency,5,timesfm2.5,capability_effect_nrmse,-0.2220616172,0.03121580059,18,tirex2,-0.06882102287,False,
fev-mini20-full-v6,FEV-Mini20,FEV-Bench,native,3,predictable_intermittency,5,timesfm2.5,capability_effect_nrmse,-0.1172255197,-0.01162149191,18,toto2.0,-0.05679203604,True,timesfm2.5
fev-mini20-full-v6,FEV-Mini20,FEV-Bench,native,3,predictable_intermittency,5,tirex2,capability_effect_nrmse,-0.1107805974,0.1792331133,18,toto2.0,0.01202898683,False,
fev-mini20-full-v6,FEV-Mini20,FEV-Bench,native,3,regime_switching,1,Chronos-2,capability_effect_nrmse,-0.02367529604,0.3004850554,20,Timer-3.5,0.09088696862,False,
fev-mini20-full-v6,FEV-Mini20,FEV-Bench,native,3,regime_switching,1,Chronos-2,capability_effect_nrmse,-0.007143099589,0.3465463336,20,moirai2,0.1211857419,False,
fev-mini20-full-v6,FEV-Mini20,FEV-Bench,native,3,regime_switching,1,Chronos-2,capability_effect_nrmse,-0.02099140743,0.3220317801,20,timesfm2.5,0.1043737589,False,
fev-mini20-full-v6,FEV-Mini20,FEV-Bench,native,3,regime_switching,1,Chronos-2,capability_effect_nrmse,-0.001839149428,0.253993987,20,tirex2,0.08855078427,False,
fev-mini20-full-v6,FEV-Mini20,FEV-Bench,native,3,regime_switching,1,Chronos-2,capability_effect_nrmse,1.774710607e-05,0.3383103148,20,toto2.0,0.1232152734,True,toto2.0
fev-mini20-full-v6,FEV-Mini20,FEV-Bench,native,3,regime_switching,1,Timer-3.5,capability_effect_nrmse,0.005857078158,0.05319374005,20,moirai2,0.03029877327,True,moirai2
fev-mini20-full-v6,FEV-Mini20,FEV-Bench,native,3,regime_switching,1,Timer-3.5,capability_effect_nrmse,-0.004817660082,0.03117830114,20,timesfm2.5,0.01348679032,False,
fev-mini20-full-v6,FEV-Mini20,FEV-Bench,native,3,regime_switching,1,Timer-3.5,capability_effect_nrmse,-0.04332668661,0.0281679645,20,tirex2,-0.002336184351,False,
fev-mini20-full-v6,FEV-Mini20,FEV-Bench,native,3,regime_switching,1,Timer-3.5,capability_effect_nrmse,0.01562330895,0.04933850147,20,toto2.0,0.03232830481,True,toto2.0
fev-mini20-full-v6,FEV-Mini20,FEV-Bench,native,3,regime_switching,1,moirai2,capability_effect_nrmse,-0.03689467966,0.008734626638,20,timesfm2.5,-0.01681198294,False,
fev-mini20-full-v6,FEV-Mini20,FEV-Bench,native,3,regime_switching,1,moirai2,capability_effect_nrmse,-0.0909414053,0.0123757106,20,tirex2,-0.03263495762,False,
fev-mini20-full-v6,FEV-Mini20,FEV-Bench,native,3,regime_switching,1,moirai2,capability_effect_nrmse,-0.01605918028,0.02391918751,20,toto2.0,0.002029531542,False,
fev-mini20-full-v6,FEV-Mini20,FEV-Bench,native,3,regime_switching,1,timesfm2.5,capability_effect_nrmse,-0.07215108118,0.02593167964,20,tirex2,-0.01582297468,False,
fev-mini20-full-v6,FEV-Mini20,FEV-Bench,native,3,regime_switching,1,timesfm2.5,capability_effect_nrmse,0.002936600398,0.0367188604,20,toto2.0,0.01884151449,True,toto2.0
fev-mini20-full-v6,FEV-Mini20,FEV-Bench,native,3,regime_switching,1,tirex2,capability_effect_nrmse,-0.004809222295,0.092580445,20,toto2.0,0.03466448916,False,
fev-mini20-full-v6,FEV-Mini20,FEV-Bench,native,3,regime_switching,2,Chronos-2,capability_effect_nrmse,-0.03625392363,0.2809906949,20,Timer-3.5,0.07948896056,False,
fev-mini20-full-v6,FEV-Mini20,FEV-Bench,native,3,regime_switching,2,Chronos-2,capability_effect_nrmse,0.003060836968,0.3371567256,20,moirai2,0.1218045963,True,moirai2
fev-mini20-full-v6,FEV-Mini20,FEV-Bench,native,3,regime_switching,2,Chronos-2,capability_effect_nrmse,-0.01825271389,0.3111211969,20,timesfm2.5,0.1006723155,False,
fev-mini20-full-v6,FEV-Mini20,FEV-Bench,native,3,regime_switching,2,Chronos-2,capability_effect_nrmse,0.00322640933,0.2399659002,20,tirex2,0.08985523504,True,tirex2
fev-mini20-full-v6,FEV-Mini20,FEV-Bench,native,3,regime_switching,2,Chronos-2,capability_effect_nrmse,-0.01159824362,0.3209945758,20,toto2.0,0.1128844374,False,
fev-mini20-full-v6,FEV-Mini20,FEV-Bench,native,3,regime_switching,2,Timer-3.5,capability_effect_nrmse,0.02034677124,0.06627361038,20,moirai2,0.04231563569,True,moirai2
fev-mini20-full-v6,FEV-Mini20,FEV-Bench,native,3,regime_switching,2,Timer-3.5,capability_effect_nrmse,-0.0006152292421,0.04203843543,20,timesfm2.5,0.02118335494,False,
fev-mini20-full-v6,FEV-Mini20,FEV-Bench,native,3,regime_switching,2,Timer-3.5,capability_effect_nrmse,-0.04324995309,0.05332603878,20,tirex2,0.01036627448,False,
fev-mini20-full-v6,FEV-Mini20,FEV-Bench,native,3,regime_switching,2,Timer-3.5,capability_effect_nrmse,0.006499650452,0.05966683251,20,toto2.0,0.03339547689,True,toto2.0
fev-mini20-full-v6,FEV-Mini20,FEV-Bench,native,3,regime_switching,2,moirai2,capability_effect_nrmse,-0.04138249394,0.0003091688031,20,timesfm2.5,-0.02113228075,False,
fev-mini20-full-v6,FEV-Mini20,FEV-Bench,native,3,regime_switching,2,moirai2,capability_effect_nrmse,-0.09565749192,0.01619585247,20,tirex2,-0.03194936121,False,
fev-mini20-full-v6,FEV-Mini20,FEV-Bench,native,3,regime_switching,2,moirai2,capability_effect_nrmse,-0.03020356735,0.01262194687,20,toto2.0,-0.008920158802,False,
fev-mini20-full-v6,FEV-Mini20,FEV-Bench,native,3,regime_switching,2,timesfm2.5,capability_effect_nrmse,-0.07765243863,0.04077553789,20,tirex2,-0.01081708046,False,
fev-mini20-full-v6,FEV-Mini20,FEV-Bench,native,3,regime_switching,2,timesfm2.5,capability_effect_nrmse,-0.0106456657,0.03640410595,20,toto2.0,0.01221212195,False,
fev-mini20-full-v6,FEV-Mini20,FEV-Bench,native,3,regime_switching,2,tirex2,capability_effect_nrmse,-0.028448297,0.08986617053,20,toto2.0,0.02302920241,False,
fev-mini20-full-v6,FEV-Mini20,FEV-Bench,native,3,regime_switching,3,Chronos-2,capability_effect_nrmse,-0.06521497358,0.2279161513,20,Timer-3.5,0.04481552295,False,
fev-mini20-full-v6,FEV-Mini20,FEV-Bench,native,3,regime_switching,3,Chronos-2,capability_effect_nrmse,-0.005309737209,0.3016263675,20,moirai2,0.09950227642,False,
fev-mini20-full-v6,FEV-Mini20,FEV-Bench,native,3,regime_switching,3,Chronos-2,capability_effect_nrmse,-0.03719282518,0.2679573821,20,timesfm2.5,0.07382879283,False,
fev-mini20-full-v6,FEV-Mini20,FEV-Bench,native,3,regime_switching,3,Chronos-2,capability_effect_nrmse,-0.006299844375,0.180818233,20,tirex2,0.06159575556,False,
fev-mini20-full-v6,FEV-Mini20,FEV-Bench,native,3,regime_switching,3,Chronos-2,capability_effect_nrmse,-0.02865849803,0.290006366,20,toto2.0,0.08857759499,False,
fev-mini20-full-v6,FEV-Mini20,FEV-Bench,native,3,regime_switching,3,Timer-3.5,capability_effect_nrmse,0.03214521293,0.08038267498,20,moirai2,0.05468675347,True,moirai2
fev-mini20-full-v6,FEV-Mini20,FEV-Bench,native,3,regime_switching,3,Timer-3.5,capability_effect_nrmse,0.004593173573,0.05706007852,20,timesfm2.5,0.02901326988,True,timesfm2.5
fev-mini20-full-v6,FEV-Mini20,FEV-Bench,native,3,regime_switching,3,Timer-3.5,capability_effect_nrmse,-0.04922533525,0.07152035477,20,tirex2,0.0167802326,False,
fev-mini20-full-v6,FEV-Mini20,FEV-Bench,native,3,regime_switching,3,Timer-3.5,capability_effect_nrmse,0.006701451579,0.0760440283,20,toto2.0,0.04376207204,True,toto2.0
fev-mini20-full-v6,FEV-Mini20,FEV-Bench,native,3,regime_switching,3,moirai2,capability_effect_nrmse,-0.05043859844,-0.004861332854,20,timesfm2.5,-0.02567348359,True,moirai2
fev-mini20-full-v6,FEV-Mini20,FEV-Bench,native,3,regime_switching,3,moirai2,capability_effect_nrmse,-0.119271158,0.01885548108,20,tirex2,-0.03790652086,False,
fev-mini20-full-v6,FEV-Mini20,FEV-Bench,native,3,regime_switching,3,moirai2,capability_effect_nrmse,-0.04132074505,0.009479449876,20,toto2.0,-0.01092468143,False,
fev-mini20-full-v6,FEV-Mini20,FEV-Bench,native,3,regime_switching,3,timesfm2.5,capability_effect_nrmse,-0.09427756528,0.04802316868,20,tirex2,-0.01223303727,False,
fev-mini20-full-v6,FEV-Mini20,FEV-Bench,native,3,regime_switching,3,timesfm2.5,capability_effect_nrmse,-0.005566452438,0.03514488036,20,toto2.0,0.01474880217,False,
fev-mini20-full-v6,FEV-Mini20,FEV-Bench,native,3,regime_switching,3,tirex2,capability_effect_nrmse,-0.03951020367,0.1056759271,20,toto2.0,0.02698183944,False,
fev-mini20-full-v6,FEV-Mini20,FEV-Bench,native,3,regime_switching,4,Chronos-2,capability_effect_nrmse,-0.109442868,0.2050416601,20,Timer-3.5,0.01419656442,False,
fev-mini20-full-v6,FEV-Mini20,FEV-Bench,native,3,regime_switching,4,Chronos-2,capability_effect_nrmse,-0.01863279843,0.3055071521,20,moirai2,0.09647974981,False,
fev-mini20-full-v6,FEV-Mini20,FEV-Bench,native,3,regime_switching,4,Chronos-2,capability_effect_nrmse,-0.03675950791,0.2766163906,20,timesfm2.5,0.08172890128,False,
fev-mini20-full-v6,FEV-Mini20,FEV-Bench,native,3,regime_switching,4,Chronos-2,capability_effect_nrmse,-0.004950499936,0.1736714096,20,tirex2,0.06180488291,False,
fev-mini20-full-v6,FEV-Mini20,FEV-Bench,native,3,regime_switching,4,Chronos-2,capability_effect_nrmse,-0.035700858,0.2832224008,20,toto2.0,0.08535356062,False,
fev-mini20-full-v6,FEV-Mini20,FEV-Bench,native,3,regime_switching,4,Timer-3.5,capability_effect_nrmse,0.04796060662,0.1247310333,20,moirai2,0.08228318538,True,moirai2
fev-mini20-full-v6,FEV-Mini20,FEV-Bench,native,3,regime_switching,4,Timer-3.5,capability_effect_nrmse,0.03115524097,0.1105246065,20,timesfm2.5,0.06753233685,True,timesfm2.5
fev-mini20-full-v6,FEV-Mini20,FEV-Bench,native,3,regime_switching,4,Timer-3.5,capability_effect_nrmse,-0.04211819612,0.1271696423,20,tirex2,0.04760831849,False,
fev-mini20-full-v6,FEV-Mini20,FEV-Bench,native,3,regime_switching,4,Timer-3.5,capability_effect_nrmse,0.03981100802,0.1038258351,20,toto2.0,0.0711569962,True,toto2.0
fev-mini20-full-v6,FEV-Mini20,FEV-Bench,native,3,regime_switching,4,moirai2,capability_effect_nrmse,-0.03448449741,0.004368253556,20,timesfm2.5,-0.01475084853,False,
fev-mini20-full-v6,FEV-Mini20,FEV-Bench,native,3,regime_switching,4,moirai2,capability_effect_nrmse,-0.1198277436,0.03497811396,20,tirex2,-0.03467486689,False,
fev-mini20-full-v6,FEV-Mini20,FEV-Bench,native,3,regime_switching,4,moirai2,capability_effect_nrmse,-0.02663491123,0.003829017277,20,toto2.0,-0.01112618919,False,
fev-mini20-full-v6,FEV-Mini20,FEV-Bench,native,3,regime_switching,4,timesfm2.5,capability_effect_nrmse,-0.1184999657,0.05143334195,20,tirex2,-0.01992401836,False,
fev-mini20-full-v6,FEV-Mini20,FEV-Bench,native,3,regime_switching,4,timesfm2.5,capability_effect_nrmse,-0.01763791309,0.02309893452,20,toto2.0,0.003624659346,False,
fev-mini20-full-v6,FEV-Mini20,FEV-Bench,native,3,regime_switching,4,tirex2,capability_effect_nrmse,-0.05035606699,0.1211370198,20,toto2.0,0.02354867771,False,
fev-mini20-full-v6,FEV-Mini20,FEV-Bench,native,3,regime_switching,5,Chronos-2,capability_effect_nrmse,-0.09146864847,0.1753012624,20,Timer-3.5,0.01711535672,False,
fev-mini20-full-v6,FEV-Mini20,FEV-Bench,native,3,regime_switching,5,Chronos-2,capability_effect_nrmse,0.003475932392,0.28006153,20,moirai2,0.1102901545,True,moirai2
fev-mini20-full-v6,FEV-Mini20,FEV-Bench,native,3,regime_switching,5,Chronos-2,capability_effect_nrmse,-0.006244762137,0.2775742795,20,timesfm2.5,0.1033676178,False,
fev-mini20-full-v6,FEV-Mini20,FEV-Bench,native,3,regime_switching,5,Chronos-2,capability_effect_nrmse,0.01321147838,0.1646867833,20,tirex2,0.07945448137,True,tirex2
fev-mini20-full-v6,FEV-Mini20,FEV-Bench,native,3,regime_switching,5,Chronos-2,capability_effect_nrmse,-0.0006723050383,0.2603083208,20,toto2.0,0.1025430617,False,
fev-mini20-full-v6,FEV-Mini20,FEV-Bench,native,3,regime_switching,5,Timer-3.5,capability_effect_nrmse,0.05430202867,0.1340878452,20,moirai2,0.09317479777,True,moirai2
fev-mini20-full-v6,FEV-Mini20,FEV-Bench,native,3,regime_switching,5,Timer-3.5,capability_effect_nrmse,0.04503427673,0.1366788161,20,timesfm2.5,0.08625226105,True,timesfm2.5
fev-mini20-full-v6,FEV-Mini20,FEV-Bench,native,3,regime_switching,5,Timer-3.5,capability_effect_nrmse,-0.03575159052,0.1601500808,20,tirex2,0.06233912465,False,
fev-mini20-full-v6,FEV-Mini20,FEV-Bench,native,3,regime_switching,5,Timer-3.5,capability_effect_nrmse,0.04585718381,0.1276204553,20,toto2.0,0.08542770494,True,toto2.0
fev-mini20-full-v6,FEV-Mini20,FEV-Bench,native,3,regime_switching,5,moirai2,capability_effect_nrmse,-0.0431756775,0.04219663272,20,timesfm2.5,-0.006922536717,False,
fev-mini20-full-v6,FEV-Mini20,FEV-Bench,native,3,regime_switching,5,moirai2,capability_effect_nrmse,-0.1315959689,0.07040392652,20,tirex2,-0.03083567312,False,
fev-mini20-full-v6,FEV-Mini20,FEV-Bench,native,3,regime_switching,5,moirai2,capability_effect_nrmse,-0.03435296459,0.02590605834,20,toto2.0,-0.007747092832,False,
fev-mini20-full-v6,FEV-Mini20,FEV-Bench,native,3,regime_switching,5,timesfm2.5,capability_effect_nrmse,-0.1261246704,0.05496856001,20,tirex2,-0.0239131364,False,
fev-mini20-full-v6,FEV-Mini20,FEV-Bench,native,3,regime_switching,5,timesfm2.5,capability_effect_nrmse,-0.02260921356,0.01964526001,20,toto2.0,-0.0008245561149,False,
fev-mini20-full-v6,FEV-Mini20,FEV-Bench,native,3,regime_switching,5,tirex2,capability_effect_nrmse,-0.05785061923,0.122266907,20,toto2.0,0.02308858029,False,
fev-mini20-full-v6,FEV-Mini20,FEV-Bench,native,3,time_varying_seasonality,1,Chronos-2,capability_effect_nrmse,-0.05970955296,0.2660718196,20,Timer-3.5,0.07726141072,False,
fev-mini20-full-v6,FEV-Mini20,FEV-Bench,native,3,time_varying_seasonality,1,Chronos-2,capability_effect_nrmse,-0.05171435676,0.3212443265,20,moirai2,0.1009185908,False,
fev-mini20-full-v6,FEV-Mini20,FEV-Bench,native,3,time_varying_seasonality,1,Chronos-2,capability_effect_nrmse,-0.04018474772,0.3279893447,20,timesfm2.5,0.1158490752,False,
fev-mini20-full-v6,FEV-Mini20,FEV-Bench,native,3,time_varying_seasonality,1,Chronos-2,capability_effect_nrmse,-0.007466658511,0.1475826934,20,tirex2,0.06568635657,False,
fev-mini20-full-v6,FEV-Mini20,FEV-Bench,native,3,time_varying_seasonality,1,Chronos-2,capability_effect_nrmse,-0.04962145847,0.2227007583,20,toto2.0,0.06789339827,False,
fev-mini20-full-v6,FEV-Mini20,FEV-Bench,native,3,time_varying_seasonality,1,Timer-3.5,capability_effect_nrmse,-0.08365078826,0.1295585037,20,moirai2,0.02365718007,False,
fev-mini20-full-v6,FEV-Mini20,FEV-Bench,native,3,time_varying_seasonality,1,Timer-3.5,capability_effect_nrmse,-0.02024578149,0.08618655376,20,timesfm2.5,0.03858766452,False,
fev-mini20-full-v6,FEV-Mini20,FEV-Bench,native,3,time_varying_seasonality,1,Timer-3.5,capability_effect_nrmse,-0.1963587129,0.1087760732,20,tirex2,-0.01157505415,False,
fev-mini20-full-v6,FEV-Mini20,FEV-Bench,native,3,time_varying_seasonality,1,Timer-3.5,capability_effect_nrmse,-0.1221691356,0.09079083378,20,toto2.0,-0.009368012445,False,
fev-mini20-full-v6,FEV-Mini20,FEV-Bench,native,3,time_varying_seasonality,1,moirai2,capability_effect_nrmse,-0.0757359824,0.103936029,20,timesfm2.5,0.01493048445,False,
fev-mini20-full-v6,FEV-Mini20,FEV-Bench,native,3,time_varying_seasonality,1,moirai2,capability_effect_nrmse,-0.2760833767,0.1386368475,20,tirex2,-0.03523223421,False,
fev-mini20-full-v6,FEV-Mini20,FEV-Bench,native,3,time_varying_seasonality,1,moirai2,capability_effect_nrmse,-0.1670262362,0.1023871866,20,toto2.0,-0.03302519251,False,
fev-mini20-full-v6,FEV-Mini20,FEV-Bench,native,3,time_varying_seasonality,1,timesfm2.5,capability_effect_nrmse,-0.2666991005,0.09379651544,20,tirex2,-0.05016271867,False,
fev-mini20-full-v6,FEV-Mini20,FEV-Bench,native,3,time_varying_seasonality,1,timesfm2.5,capability_effect_nrmse,-0.1784399289,0.0676653454,20,toto2.0,-0.04795567697,False,
fev-mini20-full-v6,FEV-Mini20,FEV-Bench,native,3,time_varying_seasonality,1,tirex2,capability_effect_nrmse,-0.1455323513,0.1763901064,20,toto2.0,0.002207041701,False,
fev-mini20-full-v6,FEV-Mini20,FEV-Bench,native,3,time_varying_seasonality,2,Chronos-2,capability_effect_nrmse,-0.05543041754,0.262393988,20,Timer-3.5,0.07061749999,False,
fev-mini20-full-v6,FEV-Mini20,FEV-Bench,native,3,time_varying_seasonality,2,Chronos-2,capability_effect_nrmse,-0.09576246967,0.2567859322,20,moirai2,0.0529350607,False,
fev-mini20-full-v6,FEV-Mini20,FEV-Bench,native,3,time_varying_seasonality,2,Chronos-2,capability_effect_nrmse,-0.05752741803,0.2947410878,20,timesfm2.5,0.08504782571,False,
fev-mini20-full-v6,FEV-Mini20,FEV-Bench,native,3,time_varying_seasonality,2,Chronos-2,capability_effect_nrmse,-0.01661708001,0.09516311258,20,tirex2,0.0415485496,False,
fev-mini20-full-v6,FEV-Mini20,FEV-Bench,native,3,time_varying_seasonality,2,Chronos-2,capability_effect_nrmse,0.01233936235,0.3058840925,20,toto2.0,0.1286448869,True,toto2.0
fev-mini20-full-v6,FEV-Mini20,FEV-Bench,native,3,time_varying_seasonality,2,Timer-3.5,capability_effect_nrmse,-0.1093768499,0.06145015977,20,moirai2,-0.01768243929,False,
fev-mini20-full-v6,FEV-Mini20,FEV-Bench,native,3,time_varying_seasonality,2,Timer-3.5,capability_effect_nrmse,-0.04579072598,0.06870111435,20,timesfm2.5,0.01443032572,False,
fev-mini20-full-v6,FEV-Mini20,FEV-Bench,native,3,time_varying_seasonality,2,Timer-3.5,capability_effect_nrmse,-0.218717247,0.09473712773,20,tirex2,-0.02906895039,False,
fev-mini20-full-v6,FEV-Mini20,FEV-Bench,native,3,time_varying_seasonality,2,Timer-3.5,capability_effect_nrmse,-0.02292171009,0.1373337248,20,toto2.0,0.05802738695,False,
fev-mini20-full-v6,FEV-Mini20,FEV-Bench,native,3,time_varying_seasonality,2,moirai2,capability_effect_nrmse,-0.04483979696,0.1146069664,20,timesfm2.5,0.03211276501,False,
fev-mini20-full-v6,FEV-Mini20,FEV-Bench,native,3,time_varying_seasonality,2,moirai2,capability_effect_nrmse,-0.2354121134,0.1457081602,20,tirex2,-0.0113865111,False,
fev-mini20-full-v6,FEV-Mini20,FEV-Bench,native,3,time_varying_seasonality,2,moirai2,capability_effect_nrmse,0.002668167685,0.1571125055,20,toto2.0,0.07570982624,True,toto2.0
fev-mini20-full-v6,FEV-Mini20,FEV-Bench,native,3,time_varying_seasonality,2,timesfm2.5,capability_effect_nrmse,-0.2621243137,0.1039783072,20,tirex2,-0.04349927611,False,
fev-mini20-full-v6,FEV-Mini20,FEV-Bench,native,3,time_varying_seasonality,2,timesfm2.5,capability_effect_nrmse,-0.03950198741,0.12049044,20,toto2.0,0.04359706123,False,
fev-mini20-full-v6,FEV-Mini20,FEV-Bench,native,3,time_varying_seasonality,2,tirex2,capability_effect_nrmse,-0.04776934207,0.2684080598,20,toto2.0,0.08709633735,False,
fev-mini20-full-v6,FEV-Mini20,FEV-Bench,native,3,time_varying_seasonality,3,Chronos-2,capability_effect_nrmse,-0.07446354001,0.2358633835,20,Timer-3.5,0.0530041402,False,
fev-mini20-full-v6,FEV-Mini20,FEV-Bench,native,3,time_varying_seasonality,3,Chronos-2,capability_effect_nrmse,-0.1246685848,0.2113477269,20,moirai2,0.01019259926,False,
fev-mini20-full-v6,FEV-Mini20,FEV-Bench,native,3,time_varying_seasonality,3,Chronos-2,capability_effect_nrmse,-0.08193174322,0.2781501683,20,timesfm2.5,0.06991446598,False,
fev-mini20-full-v6,FEV-Mini20,FEV-Bench,native,3,time_varying_seasonality,3,Chronos-2,capability_effect_nrmse,-0.03923171302,0.05890977959,20,tirex2,0.01120063714,False,
fev-mini20-full-v6,FEV-Mini20,FEV-Bench,native,3,time_varying_seasonality,3,Chronos-2,capability_effect_nrmse,0.04729695459,0.3535765631,20,toto2.0,0.168925133,True,toto2.0
fev-mini20-full-v6,FEV-Mini20,FEV-Bench,native,3,time_varying_seasonality,3,Timer-3.5,capability_effect_nrmse,-0.1283933674,0.01903482951,20,moirai2,-0.04281154093,False,
fev-mini20-full-v6,FEV-Mini20,FEV-Bench,native,3,time_varying_seasonality,3,Timer-3.5,capability_effect_nrmse,-0.04911408644,0.07687082817,20,timesfm2.5,0.01691032578,False,
fev-mini20-full-v6,FEV-Mini20,FEV-Bench,native,3,time_varying_seasonality,3,Timer-3.5,capability_effect_nrmse,-0.2410465644,0.08129799181,20,tirex2,-0.04180350305,False,
fev-mini20-full-v6,FEV-Mini20,FEV-Bench,native,3,time_varying_seasonality,3,Timer-3.5,capability_effect_nrmse,0.0358145815,0.1878541536,20,toto2.0,0.1159209928,True,toto2.0
fev-mini20-full-v6,FEV-Mini20,FEV-Bench,native,3,time_varying_seasonality,3,moirai2,capability_effect_nrmse,-0.013829902,0.1478812856,20,timesfm2.5,0.05972186671,False,
fev-mini20-full-v6,FEV-Mini20,FEV-Bench,native,3,time_varying_seasonality,3,moirai2,capability_effect_nrmse,-0.2116007027,0.1583691001,20,tirex2,0.001008037881,False,
fev-mini20-full-v6,FEV-Mini20,FEV-Bench,native,3,time_varying_seasonality,3,moirai2,capability_effect_nrmse,0.09200615069,0.2319110309,20,toto2.0,0.1587325337,True,toto2.0
fev-mini20-full-v6,FEV-Mini20,FEV-Bench,native,3,time_varying_seasonality,3,timesfm2.5,capability_effect_nrmse,-0.2798232495,0.08887248795,20,tirex2,-0.05871382883,False,
fev-mini20-full-v6,FEV-Mini20,FEV-Bench,native,3,time_varying_seasonality,3,timesfm2.5,capability_effect_nrmse,0.0229619311,0.180518201,20,toto2.0,0.09901066702,True,toto2.0
fev-mini20-full-v6,FEV-Mini20,FEV-Bench,native,3,time_varying_seasonality,3,tirex2,capability_effect_nrmse,0.0307794027,0.3614601202,20,toto2.0,0.1577244959,True,toto2.0
fev-mini20-full-v6,FEV-Mini20,FEV-Bench,native,3,time_varying_seasonality,4,Chronos-2,capability_effect_nrmse,-0.07410876548,0.2175071724,20,Timer-3.5,0.04220231673,False,
fev-mini20-full-v6,FEV-Mini20,FEV-Bench,native,3,time_varying_seasonality,4,Chronos-2,capability_effect_nrmse,-0.1664275769,0.1595252979,20,moirai2,-0.03303638912,False,
fev-mini20-full-v6,FEV-Mini20,FEV-Bench,native,3,time_varying_seasonality,4,Chronos-2,capability_effect_nrmse,-0.07170534525,0.2584719183,20,timesfm2.5,0.06335331913,False,
fev-mini20-full-v6,FEV-Mini20,FEV-Bench,native,3,time_varying_seasonality,4,Chronos-2,capability_effect_nrmse,-0.05040259276,0.02413824145,20,tirex2,-0.01123765149,False,
fev-mini20-full-v6,FEV-Mini20,FEV-Bench,native,3,time_varying_seasonality,4,Chronos-2,capability_effect_nrmse,0.06009769301,0.3647458008,20,toto2.0,0.185032598,True,toto2.0
fev-mini20-full-v6,FEV-Mini20,FEV-Bench,native,3,time_varying_seasonality,4,Timer-3.5,capability_effect_nrmse,-0.1479274948,-0.01437665414,20,moirai2,-0.07523870585,True,Timer-3.5
fev-mini20-full-v6,FEV-Mini20,FEV-Bench,native,3,time_varying_seasonality,4,Timer-3.5,capability_effect_nrmse,-0.03952641414,0.07790142175,20,timesfm2.5,0.0211510024,False,
fev-mini20-full-v6,FEV-Mini20,FEV-Bench,native,3,time_varying_seasonality,4,Timer-3.5,capability_effect_nrmse,-0.2589809514,0.0676742397,20,tirex2,-0.05343996822,False,
fev-mini20-full-v6,FEV-Mini20,FEV-Bench,native,3,time_varying_seasonality,4,Timer-3.5,capability_effect_nrmse,0.07159314533,0.2123655062,20,toto2.0,0.1428302813,True,toto2.0
fev-mini20-full-v6,FEV-Mini20,FEV-Bench,native,3,time_varying_seasonality,4,moirai2,capability_effect_nrmse,0.02830452075,0.1833315416,20,timesfm2.5,0.09638970825,True,timesfm2.5
fev-mini20-full-v6,FEV-Mini20,FEV-Bench,native,3,time_varying_seasonality,4,moirai2,capability_effect_nrmse,-0.1929509876,0.166466531,20,tirex2,0.02179873762,False,
fev-mini20-full-v6,FEV-Mini20,FEV-Bench,native,3,time_varying_seasonality,4,moirai2,capability_effect_nrmse,0.1407622336,0.295933106,20,toto2.0,0.2180689871,True,toto2.0
fev-mini20-full-v6,FEV-Mini20,FEV-Bench,native,3,time_varying_seasonality,4,timesfm2.5,capability_effect_nrmse,-0.2844334543,0.07321037863,20,tirex2,-0.07459097062,False,
fev-mini20-full-v6,FEV-Mini20,FEV-Bench,native,3,time_varying_seasonality,4,timesfm2.5,capability_effect_nrmse,0.05601701249,0.1955338938,20,toto2.0,0.1216792789,True,toto2.0
fev-mini20-full-v6,FEV-Mini20,FEV-Bench,native,3,time_varying_seasonality,4,tirex2,capability_effect_nrmse,0.0664983067,0.3856995549,20,toto2.0,0.1962702495,True,toto2.0
fev-mini20-full-v6,FEV-Mini20,FEV-Bench,native,3,time_varying_seasonality,5,Chronos-2,capability_effect_nrmse,-0.06718074105,0.2007990629,20,Timer-3.5,0.03886969608,False,
fev-mini20-full-v6,FEV-Mini20,FEV-Bench,native,3,time_varying_seasonality,5,Chronos-2,capability_effect_nrmse,-0.1909148824,0.1206204925,20,moirai2,-0.05848556156,False,
fev-mini20-full-v6,FEV-Mini20,FEV-Bench,native,3,time_varying_seasonality,5,Chronos-2,capability_effect_nrmse,-0.07491655567,0.2361005888,20,timesfm2.5,0.05775950949,False,
fev-mini20-full-v6,FEV-Mini20,FEV-Bench,native,3,time_varying_seasonality,5,Chronos-2,capability_effect_nrmse,-0.04725914455,0.01293775232,20,tirex2,-0.01689401649,False,
fev-mini20-full-v6,FEV-Mini20,FEV-Bench,native,3,time_varying_seasonality,5,Chronos-2,capability_effect_nrmse,0.06556819251,0.3857897167,20,toto2.0,0.1960995785,True,toto2.0
fev-mini20-full-v6,FEV-Mini20,FEV-Bench,native,3,time_varying_seasonality,5,Timer-3.5,capability_effect_nrmse,-0.1748770461,-0.03659452336,20,moirai2,-0.09735525764,True,Timer-3.5
fev-mini20-full-v6,FEV-Mini20,FEV-Bench,native,3,time_varying_seasonality,5,Timer-3.5,capability_effect_nrmse,-0.03516641184,0.07312530274,20,timesfm2.5,0.01888981341,False,
fev-mini20-full-v6,FEV-Mini20,FEV-Bench,native,3,time_varying_seasonality,5,Timer-3.5,capability_effect_nrmse,-0.2401949144,0.05987492283,20,tirex2,-0.05576371257,False,
fev-mini20-full-v6,FEV-Mini20,FEV-Bench,native,3,time_varying_seasonality,5,Timer-3.5,capability_effect_nrmse,0.08985156484,0.230006252,20,toto2.0,0.1572298824,True,toto2.0
fev-mini20-full-v6,FEV-Mini20,FEV-Bench,native,3,time_varying_seasonality,5,moirai2,capability_effect_nrmse,0.0416720383,0.2130648116,20,timesfm2.5,0.116245071,True,timesfm2.5
fev-mini20-full-v6,FEV-Mini20,FEV-Bench,native,3,time_varying_seasonality,5,moirai2,capability_effect_nrmse,-0.1447896661,0.1849090292,20,tirex2,0.04159154506,False,
fev-mini20-full-v6,FEV-Mini20,FEV-Bench,native,3,time_varying_seasonality,5,moirai2,capability_effect_nrmse,0.1712004144,0.3444443614,20,toto2.0,0.2545851401,True,toto2.0
fev-mini20-full-v6,FEV-Mini20,FEV-Bench,native,3,time_varying_seasonality,5,timesfm2.5,capability_effect_nrmse,-0.2840021847,0.06194098003,20,tirex2,-0.07465352598,False,
fev-mini20-full-v6,FEV-Mini20,FEV-Bench,native,3,time_varying_seasonality,5,timesfm2.5,capability_effect_nrmse,0.07078370722,0.2144436797,20,toto2.0,0.138340069,True,toto2.0
fev-mini20-full-v6,FEV-Mini20,FEV-Bench,native,3,time_varying_seasonality,5,tirex2,capability_effect_nrmse,0.08292733306,0.4046804303,20,toto2.0,0.212993595,True,toto2.0
fev-mini20-full-v6,FEV-Mini20,FEV-Bench,native,3,trend,1,Chronos-2,capability_effect_nrmse,-0.1503604461,0.1912076328,18,Timer-3.5,-0.01169059589,False,
fev-mini20-full-v6,FEV-Mini20,FEV-Bench,native,3,trend,1,Chronos-2,capability_effect_nrmse,0.001728819086,0.3358777685,18,moirai2,0.1290364217,True,moirai2
fev-mini20-full-v6,FEV-Mini20,FEV-Bench,native,3,trend,1,Chronos-2,capability_effect_nrmse,-0.04353289432,0.3232269789,18,timesfm2.5,0.09506142512,False,
fev-mini20-full-v6,FEV-Mini20,FEV-Bench,native,3,trend,1,Chronos-2,capability_effect_nrmse,-0.02551744138,0.2211942953,18,tirex2,0.06654620999,False,
fev-mini20-full-v6,FEV-Mini20,FEV-Bench,native,3,trend,1,Chronos-2,capability_effect_nrmse,-0.07931710118,0.2678929965,18,toto2.0,0.05661297866,False,
fev-mini20-full-v6,FEV-Mini20,FEV-Bench,native,3,trend,1,Timer-3.5,capability_effect_nrmse,0.09539344763,0.1854160062,18,moirai2,0.1407270175,True,moirai2
fev-mini20-full-v6,FEV-Mini20,FEV-Bench,native,3,trend,1,Timer-3.5,capability_effect_nrmse,0.06104066465,0.1535848375,18,timesfm2.5,0.106752021,True,timesfm2.5
fev-mini20-full-v6,FEV-Mini20,FEV-Bench,native,3,trend,1,Timer-3.5,capability_effect_nrmse,0.0102941489,0.1404440865,18,tirex2,0.07823680588,True,tirex2
fev-mini20-full-v6,FEV-Mini20,FEV-Bench,native,3,trend,1,Timer-3.5,capability_effect_nrmse,0.0185522215,0.1205370292,18,toto2.0,0.06830357455,True,toto2.0
fev-mini20-full-v6,FEV-Mini20,FEV-Bench,native,3,trend,1,moirai2,capability_effect_nrmse,-0.06413271313,-0.006623358183,18,timesfm2.5,-0.03397499653,True,moirai2
fev-mini20-full-v6,FEV-Mini20,FEV-Bench,native,3,trend,1,moirai2,capability_effect_nrmse,-0.1255684702,-0.01047554981,18,tirex2,-0.06249021166,True,moirai2
fev-mini20-full-v6,FEV-Mini20,FEV-Bench,native,3,trend,1,moirai2,capability_effect_nrmse,-0.1123972595,-0.03501392687,18,toto2.0,-0.07242344299,True,moirai2
fev-mini20-full-v6,FEV-Mini20,FEV-Bench,native,3,trend,1,timesfm2.5,capability_effect_nrmse,-0.1036374007,0.03360093814,18,tirex2,-0.02851521513,False,
fev-mini20-full-v6,FEV-Mini20,FEV-Bench,native,3,trend,1,timesfm2.5,capability_effect_nrmse,-0.08096322976,0.0006959132123,18,toto2.0,-0.03844844646,False,
fev-mini20-full-v6,FEV-Mini20,FEV-Bench,native,3,trend,1,tirex2,capability_effect_nrmse,-0.07814376039,0.05771694595,18,toto2.0,-0.009933231331,False,
fev-mini20-full-v6,FEV-Mini20,FEV-Bench,native,3,trend,2,Chronos-2,capability_effect_nrmse,-0.1224708236,0.1879981089,18,Timer-3.5,-0.0008385452245,False,
fev-mini20-full-v6,FEV-Mini20,FEV-Bench,native,3,trend,2,Chronos-2,capability_effect_nrmse,-0.0007049947561,0.2995523291,18,moirai2,0.1093077085,False,
fev-mini20-full-v6,FEV-Mini20,FEV-Bench,native,3,trend,2,Chronos-2,capability_effect_nrmse,-0.03840939545,0.2697269189,18,timesfm2.5,0.0818211808,False,
fev-mini20-full-v6,FEV-Mini20,FEV-Bench,native,3,trend,2,Chronos-2,capability_effect_nrmse,-0.01788528617,0.1860110838,18,tirex2,0.06012272969,False,
fev-mini20-full-v6,FEV-Mini20,FEV-Bench,native,3,trend,2,Chronos-2,capability_effect_nrmse,-0.05960225134,0.2438051151,18,toto2.0,0.05511426395,False,
fev-mini20-full-v6,FEV-Mini20,FEV-Bench,native,3,trend,2,Timer-3.5,capability_effect_nrmse,0.07398821926,0.150894956,18,moirai2,0.1101462538,True,moirai2
fev-mini20-full-v6,FEV-Mini20,FEV-Bench,native,3,trend,2,Timer-3.5,capability_effect_nrmse,0.04319281081,0.1259932966,18,timesfm2.5,0.08265972602,True,timesfm2.5
fev-mini20-full-v6,FEV-Mini20,FEV-Bench,native,3,trend,2,Timer-3.5,capability_effect_nrmse,-0.006422159599,0.1276227272,18,tirex2,0.06096127492,False,
fev-mini20-full-v6,FEV-Mini20,FEV-Bench,native,3,trend,2,Timer-3.5,capability_effect_nrmse,0.007531707175,0.1029095379,18,toto2.0,0.05595280917,True,toto2.0
fev-mini20-full-v6,FEV-Mini20,FEV-Bench,native,3,trend,2,moirai2,capability_effect_nrmse,-0.05088751227,-0.003541780237,18,timesfm2.5,-0.02748652774,True,moirai2
fev-mini20-full-v6,FEV-Mini20,FEV-Bench,native,3,trend,2,moirai2,capability_effect_nrmse,-0.1115647107,-0.001313424569,18,tirex2,-0.04918497884,True,moirai2
fev-mini20-full-v6,FEV-Mini20,FEV-Bench,native,3,trend,2,moirai2,capability_effect_nrmse,-0.08289217453,-0.02838494735,18,toto2.0,-0.05419344459,True,moirai2
fev-mini20-full-v6,FEV-Mini20,FEV-Bench,native,3,trend,2,timesfm2.5,capability_effect_nrmse,-0.09534390408,0.03682746586,18,tirex2,-0.0216984511,False,
fev-mini20-full-v6,FEV-Mini20,FEV-Bench,native,3,trend,2,timesfm2.5,capability_effect_nrmse,-0.06378354003,0.009111354602,18,toto2.0,-0.02670691685,False,
fev-mini20-full-v6,FEV-Mini20,FEV-Bench,native,3,trend,2,tirex2,capability_effect_nrmse,-0.05739833931,0.05326138083,18,toto2.0,-0.005008465745,False,
fev-mini20-full-v6,FEV-Mini20,FEV-Bench,native,3,trend,3,Chronos-2,capability_effect_nrmse,-0.1086101872,0.1565987718,18,Timer-3.5,-0.002636971579,False,
fev-mini20-full-v6,FEV-Mini20,FEV-Bench,native,3,trend,3,Chronos-2,capability_effect_nrmse,-0.006871636712,0.2368097012,18,moirai2,0.08669244706,False,
fev-mini20-full-v6,FEV-Mini20,FEV-Bench,native,3,trend,3,Chronos-2,capability_effect_nrmse,-0.03842170728,0.2433020175,18,timesfm2.5,0.06329613957,False,
fev-mini20-full-v6,FEV-Mini20,FEV-Bench,native,3,trend,3,Chronos-2,capability_effect_nrmse,-0.01306309452,0.1500670675,18,tirex2,0.04812713818,False,
fev-mini20-full-v6,FEV-Mini20,FEV-Bench,native,3,trend,3,Chronos-2,capability_effect_nrmse,-0.045523619,0.2082227722,18,toto2.0,0.05334465465,False,
fev-mini20-full-v6,FEV-Mini20,FEV-Bench,native,3,trend,3,Timer-3.5,capability_effect_nrmse,0.05776644904,0.1284934052,18,moirai2,0.08932941864,True,moirai2
fev-mini20-full-v6,FEV-Mini20,FEV-Bench,native,3,trend,3,Timer-3.5,capability_effect_nrmse,0.03438409976,0.09698682209,18,timesfm2.5,0.06593311115,True,timesfm2.5
fev-mini20-full-v6,FEV-Mini20,FEV-Bench,native,3,trend,3,Timer-3.5,capability_effect_nrmse,-0.01351421489,0.1080611729,18,tirex2,0.05076410976,False,
fev-mini20-full-v6,FEV-Mini20,FEV-Bench,native,3,trend,3,Timer-3.5,capability_effect_nrmse,0.0130354337,0.09898680964,18,toto2.0,0.05598162623,True,toto2.0
fev-mini20-full-v6,FEV-Mini20,FEV-Bench,native,3,trend,3,moirai2,capability_effect_nrmse,-0.04800208564,-0.001167629545,18,timesfm2.5,-0.0233963075,True,moirai2
fev-mini20-full-v6,FEV-Mini20,FEV-Bench,native,3,trend,3,moirai2,capability_effect_nrmse,-0.09589966564,0.003325469837,18,tirex2,-0.03856530888,False,
fev-mini20-full-v6,FEV-Mini20,FEV-Bench,native,3,trend,3,moirai2,capability_effect_nrmse,-0.05574400645,-0.01380849013,18,toto2.0,-0.03334779241,True,moirai2
fev-mini20-full-v6,FEV-Mini20,FEV-Bench,native,3,trend,3,timesfm2.5,capability_effect_nrmse,-0.08627709116,0.04110901523,18,tirex2,-0.01516900138,False,
fev-mini20-full-v6,FEV-Mini20,FEV-Bench,native,3,trend,3,timesfm2.5,capability_effect_nrmse,-0.04245776118,0.01919904906,18,toto2.0,-0.009951484917,False,
fev-mini20-full-v6,FEV-Mini20,FEV-Bench,native,3,trend,3,tirex2,capability_effect_nrmse,-0.0467545793,0.06196458028,18,toto2.0,0.005217516467,False,
fev-mini20-full-v6,FEV-Mini20,FEV-Bench,native,3,trend,4,Chronos-2,capability_effect_nrmse,-0.0948347541,0.1435354188,18,Timer-3.5,-0.003399224406,False,
fev-mini20-full-v6,FEV-Mini20,FEV-Bench,native,3,trend,4,Chronos-2,capability_effect_nrmse,-0.01371470641,0.1993090697,18,moirai2,0.0666303239,False,
fev-mini20-full-v6,FEV-Mini20,FEV-Bench,native,3,trend,4,Chronos-2,capability_effect_nrmse,-0.0439462306,0.1898618751,18,timesfm2.5,0.04725718364,False,
fev-mini20-full-v6,FEV-Mini20,FEV-Bench,native,3,trend,4,Chronos-2,capability_effect_nrmse,-0.01519423812,0.1002727804,18,tirex2,0.03022883004,False,
fev-mini20-full-v6,FEV-Mini20,FEV-Bench,native,3,trend,4,Chronos-2,capability_effect_nrmse,-0.03268193285,0.1811728208,18,toto2.0,0.05140755548,False,
fev-mini20-full-v6,FEV-Mini20,FEV-Bench,native,3,trend,4,Timer-3.5,capability_effect_nrmse,0.04319212606,0.101202653,18,moirai2,0.0700295483,True,moirai2
fev-mini20-full-v6,FEV-Mini20,FEV-Bench,native,3,trend,4,Timer-3.5,capability_effect_nrmse,0.02559045239,0.08000511545,18,timesfm2.5,0.05065640804,True,timesfm2.5
fev-mini20-full-v6,FEV-Mini20,FEV-Bench,native,3,trend,4,Timer-3.5,capability_effect_nrmse,-0.03843728169,0.09401130272,18,tirex2,0.03362805444,False,
fev-mini20-full-v6,FEV-Mini20,FEV-Bench,native,3,trend,4,Timer-3.5,capability_effect_nrmse,0.01937981076,0.09167426847,18,toto2.0,0.05480677989,True,toto2.0
fev-mini20-full-v6,FEV-Mini20,FEV-Bench,native,3,trend,4,moirai2,capability_effect_nrmse,-0.04394726578,0.003246999502,18,timesfm2.5,-0.01937314026,False,
fev-mini20-full-v6,FEV-Mini20,FEV-Bench,native,3,trend,4,moirai2,capability_effect_nrmse,-0.1004616221,0.009924652845,18,tirex2,-0.03640149386,False,
fev-mini20-full-v6,FEV-Mini20,FEV-Bench,native,3,trend,4,moirai2,capability_effect_nrmse,-0.03150761585,-0.000640426603,18,toto2.0,-0.01522276841,True,moirai2
fev-mini20-full-v6,FEV-Mini20,FEV-Bench,native,3,trend,4,timesfm2.5,capability_effect_nrmse,-0.1010142961,0.04459242062,18,tirex2,-0.0170283536,False,
fev-mini20-full-v6,FEV-Mini20,FEV-Bench,native,3,trend,4,timesfm2.5,capability_effect_nrmse,-0.02292831131,0.02899596819,18,toto2.0,0.004150371847,False,
fev-mini20-full-v6,FEV-Mini20,FEV-Bench,native,3,trend,4,tirex2,capability_effect_nrmse,-0.02993493679,0.0915928084,18,toto2.0,0.02117872545,False,
fev-mini20-full-v6,FEV-Mini20,FEV-Bench,native,3,trend,5,Chronos-2,capability_effect_nrmse,-0.08163472544,0.1152814006,18,Timer-3.5,-0.002769712193,False,
fev-mini20-full-v6,FEV-Mini20,FEV-Bench,native,3,trend,5,Chronos-2,capability_effect_nrmse,-0.01462275056,0.1679711356,18,moirai2,0.05311889589,False,
fev-mini20-full-v6,FEV-Mini20,FEV-Bench,native,3,trend,5,Chronos-2,capability_effect_nrmse,-0.03835120683,0.166864658,18,timesfm2.5,0.03857494336,False,
fev-mini20-full-v6,FEV-Mini20,FEV-Bench,native,3,trend,5,Chronos-2,capability_effect_nrmse,-0.01356264407,0.08171622433,18,tirex2,0.02622102803,False,
fev-mini20-full-v6,FEV-Mini20,FEV-Bench,native,3,trend,5,Chronos-2,capability_effect_nrmse,-0.02542916553,0.1634358293,18,toto2.0,0.04792639499,False,
fev-mini20-full-v6,FEV-Mini20,FEV-Bench,native,3,trend,5,Timer-3.5,capability_effect_nrmse,0.0346997224,0.07984692346,18,moirai2,0.05588860808,True,moirai2
fev-mini20-full-v6,FEV-Mini20,FEV-Bench,native,3,trend,5,Timer-3.5,capability_effect_nrmse,0.01704544214,0.06774119293,18,timesfm2.5,0.04134465556,True,timesfm2.5
fev-mini20-full-v6,FEV-Mini20,FEV-Bench,native,3,trend,5,Timer-3.5,capability_effect_nrmse,-0.0331116512,0.07923319823,18,tirex2,0.02899074022,False,
fev-mini20-full-v6,FEV-Mini20,FEV-Bench,native,3,trend,5,Timer-3.5,capability_effect_nrmse,0.02017998599,0.08116577563,18,toto2.0,0.05069610718,True,toto2.0
fev-mini20-full-v6,FEV-Mini20,FEV-Bench,native,3,trend,5,moirai2,capability_effect_nrmse,-0.03617422708,0.004646459052,18,timesfm2.5,-0.01454395252,False,
fev-mini20-full-v6,FEV-Mini20,FEV-Bench,native,3,trend,5,moirai2,capability_effect_nrmse,-0.08442648398,0.01019201639,18,tirex2,-0.02689786786,False,
fev-mini20-full-v6,FEV-Mini20,FEV-Bench,native,3,trend,5,moirai2,capability_effect_nrmse,-0.02062535071,0.009557680889,18,toto2.0,-0.005192500902,False,
fev-mini20-full-v6,FEV-Mini20,FEV-Bench,native,3,trend,5,timesfm2.5,capability_effect_nrmse,-0.08211084513,0.03746320044,18,tirex2,-0.01235391533,False,
fev-mini20-full-v6,FEV-Mini20,FEV-Bench,native,3,trend,5,timesfm2.5,capability_effect_nrmse,-0.01316477958,0.03032759769,18,toto2.0,0.009351451622,False,
fev-mini20-full-v6,FEV-Mini20,FEV-Bench,native,3,trend,5,tirex2,capability_effect_nrmse,-0.02294055603,0.08745623634,18,toto2.0,0.02170536695,False,
fev-mini20-full-v6,FEV-Mini20,FEV-Bench,native,3,common_factor,1,Chronos-2,input_ablation_mase_degradation,-0.001494873085,0.2710405868,9,Timer-3.5,0.09583358345,False,
fev-mini20-full-v6,FEV-Mini20,FEV-Bench,native,3,common_factor,1,Chronos-2,input_ablation_mase_degradation,-0.0009496174795,0.2659884131,9,moirai2,0.09335629808,False,
fev-mini20-full-v6,FEV-Mini20,FEV-Bench,native,3,common_factor,1,Chronos-2,input_ablation_mase_degradation,-0.001522981021,0.265263322,9,timesfm2.5,0.09335629808,False,
fev-mini20-full-v6,FEV-Mini20,FEV-Bench,native,3,common_factor,1,Chronos-2,input_ablation_mase_degradation,0.0005097958003,0.1862603595,9,tirex2,0.0681407689,True,tirex2
fev-mini20-full-v6,FEV-Mini20,FEV-Bench,native,3,common_factor,1,Chronos-2,input_ablation_mase_degradation,-0.01459093104,0.3330194596,9,toto2.0,0.1077667429,False,
fev-mini20-full-v6,FEV-Mini20,FEV-Bench,native,3,common_factor,1,Timer-3.5,input_ablation_mase_degradation,-0.00707973504,0.0002871757498,9,moirai2,-0.002477285375,False,
fev-mini20-full-v6,FEV-Mini20,FEV-Bench,native,3,common_factor,1,Timer-3.5,input_ablation_mase_degradation,-0.006928041136,0.0003088696767,9,timesfm2.5,-0.002477285375,False,
fev-mini20-full-v6,FEV-Mini20,FEV-Bench,native,3,common_factor,1,Timer-3.5,input_ablation_mase_degradation,-0.08679662647,0.003580451509,9,tirex2,-0.02769281455,False,
fev-mini20-full-v6,FEV-Mini20,FEV-Bench,native,3,common_factor,1,Timer-3.5,input_ablation_mase_degradation,-0.02818996299,0.06627578673,9,toto2.0,0.01193315942,False,
fev-mini20-full-v6,FEV-Mini20,FEV-Bench,native,3,common_factor,1,moirai2,input_ablation_mase_degradation,0,0,9,timesfm2.5,0,False,
fev-mini20-full-v6,FEV-Mini20,FEV-Bench,native,3,common_factor,1,moirai2,input_ablation_mase_degradation,-0.08017411895,0.004199963942,9,tirex2,-0.02521552918,False,
fev-mini20-full-v6,FEV-Mini20,FEV-Bench,native,3,common_factor,1,moirai2,input_ablation_mase_degradation,-0.02968743133,0.07380959404,9,toto2.0,0.0144104448,False,
fev-mini20-full-v6,FEV-Mini20,FEV-Bench,native,3,common_factor,1,timesfm2.5,input_ablation_mase_degradation,-0.08035709707,0.004180451356,9,tirex2,-0.02521552918,False,
fev-mini20-full-v6,FEV-Mini20,FEV-Bench,native,3,common_factor,1,timesfm2.5,input_ablation_mase_degradation,-0.02965600098,0.07323318631,9,toto2.0,0.0144104448,False,
fev-mini20-full-v6,FEV-Mini20,FEV-Bench,native,3,common_factor,1,tirex2,input_ablation_mase_degradation,-0.03409833604,0.1540730808,9,toto2.0,0.03962597397,False,
fev-mini20-full-v6,FEV-Mini20,FEV-Bench,native,3,common_factor,2,Chronos-2,input_ablation_mase_degradation,-0.001525564487,0.3569361519,9,Timer-3.5,0.1260441936,False,
fev-mini20-full-v6,FEV-Mini20,FEV-Bench,native,3,common_factor,2,Chronos-2,input_ablation_mase_degradation,-0.001765850132,0.3478359848,9,moirai2,0.1220264451,False,
fev-mini20-full-v6,FEV-Mini20,FEV-Bench,native,3,common_factor,2,Chronos-2,input_ablation_mase_degradation,-0.001561515083,0.345786413,9,timesfm2.5,0.1220270091,False,
fev-mini20-full-v6,FEV-Mini20,FEV-Bench,native,3,common_factor,2,Chronos-2,input_ablation_mase_degradation,-0.001569595973,0.2738120307,9,tirex2,0.09897575715,False,
fev-mini20-full-v6,FEV-Mini20,FEV-Bench,native,3,common_factor,2,Chronos-2,input_ablation_mase_degradation,0.001661230657,0.4377527288,9,toto2.0,0.1509968351,True,toto2.0
fev-mini20-full-v6,FEV-Mini20,FEV-Bench,native,3,common_factor,2,Timer-3.5,input_ablation_mase_degradation,-0.01184034511,0.0001364062472,9,moirai2,-0.00401774852,False,
fev-mini20-full-v6,FEV-Mini20,FEV-Bench,native,3,common_factor,2,Timer-3.5,input_ablation_mase_degradation,-0.01176438148,0.0001428031278,9,timesfm2.5,-0.00401718451,False,
fev-mini20-full-v6,FEV-Mini20,FEV-Bench,native,3,common_factor,2,Timer-3.5,input_ablation_mase_degradation,-0.08262662218,0.002250026399,9,tirex2,-0.02706843646,False,
fev-mini20-full-v6,FEV-Mini20,FEV-Bench,native,3,common_factor,2,Timer-3.5,input_ablation_mase_degradation,-0.01600714286,0.08994437736,9,toto2.0,0.02495264149,False,
fev-mini20-full-v6,FEV-Mini20,FEV-Bench,native,3,common_factor,2,moirai2,input_ablation_mase_degradation,0,1.69202799e-06,9,timesfm2.5,5.640093299e-07,False,
fev-mini20-full-v6,FEV-Mini20,FEV-Bench,native,3,common_factor,2,moirai2,input_ablation_mase_degradation,-0.07180793523,0.002584418168,9,tirex2,-0.02305068794,False,
fev-mini20-full-v6,FEV-Mini20,FEV-Bench,native,3,common_factor,2,moirai2,input_ablation_mase_degradation,-0.01627661028,0.1021042087,9,toto2.0,0.02897039001,False,
fev-mini20-full-v6,FEV-Mini20,FEV-Bench,native,3,common_factor,2,timesfm2.5,input_ablation_mase_degradation,-0.07158332124,0.002294430323,9,tirex2,-0.02305125195,False,
fev-mini20-full-v6,FEV-Mini20,FEV-Bench,native,3,common_factor,2,timesfm2.5,input_ablation_mase_degradation,-0.0169169655,0.100161384,9,toto2.0,0.028969826,False,
fev-mini20-full-v6,FEV-Mini20,FEV-Bench,native,3,common_factor,2,tirex2,input_ablation_mase_degradation,-0.01782269331,0.1711883075,9,toto2.0,0.05202107796,False,
fev-mini20-full-v6,FEV-Mini20,FEV-Bench,native,3,common_factor,3,Chronos-2,input_ablation_mase_degradation,-0.002796280919,0.3170132378,9,Timer-3.5,0.1083939041,False,
fev-mini20-full-v6,FEV-Mini20,FEV-Bench,native,3,common_factor,3,Chronos-2,input_ablation_mase_degradation,-0.002000895842,0.3023470301,9,moirai2,0.1050240649,False,
fev-mini20-full-v6,FEV-Mini20,FEV-Bench,native,3,common_factor,3,Chronos-2,input_ablation_mase_degradation,-0.00223080237,0.3034472233,9,timesfm2.5,0.1050242287,False,
fev-mini20-full-v6,FEV-Mini20,FEV-Bench,native,3,common_factor,3,Chronos-2,input_ablation_mase_degradation,-0.001251120729,0.2050016339,9,tirex2,0.07298260471,False,
fev-mini20-full-v6,FEV-Mini20,FEV-Bench,native,3,common_factor,3,Chronos-2,input_ablation_mase_degradation,-0.008473252834,0.3499459835,9,toto2.0,0.1162987573,False,
fev-mini20-full-v6,FEV-Mini20,FEV-Bench,native,3,common_factor,3,Timer-3.5,input_ablation_mase_degradation,-0.01155375097,0.001011629304,9,moirai2,-0.003369839139,False,
fev-mini20-full-v6,FEV-Mini20,FEV-Bench,native,3,common_factor,3,Timer-3.5,input_ablation_mase_degradation,-0.01150198292,0.0009971438783,9,timesfm2.5,-0.00336967537,False,
fev-mini20-full-v6,FEV-Mini20,FEV-Bench,native,3,common_factor,3,Timer-3.5,input_ablation_mase_degradation,-0.111292242,0.003717391844,9,tirex2,-0.03541129935,False,
fev-mini20-full-v6,FEV-Mini20,FEV-Bench,native,3,common_factor,3,Timer-3.5,input_ablation_mase_degradation,-0.02174524353,0.0415837121,9,toto2.0,0.007904853266,False,
fev-mini20-full-v6,FEV-Mini20,FEV-Bench,native,3,common_factor,3,moirai2,input_ablation_mase_degradation,0,4.913066446e-07,9,timesfm2.5,1.637688815e-07,False,
fev-mini20-full-v6,FEV-Mini20,FEV-Bench,native,3,common_factor,3,moirai2,input_ablation_mase_degradation,-0.09980754877,0.002995258195,9,tirex2,-0.03204146021,False,
fev-mini20-full-v6,FEV-Mini20,FEV-Bench,native,3,common_factor,3,moirai2,input_ablation_mase_degradation,-0.02158695107,0.05388694811,9,toto2.0,0.0112746924,False,
fev-mini20-full-v6,FEV-Mini20,FEV-Bench,native,3,common_factor,3,timesfm2.5,input_ablation_mase_degradation,-0.0997457229,0.003014068495,9,tirex2,-0.03204162398,False,
fev-mini20-full-v6,FEV-Mini20,FEV-Bench,native,3,common_factor,3,timesfm2.5,input_ablation_mase_degradation,-0.02115606073,0.05345100139,9,toto2.0,0.01127452864,False,
fev-mini20-full-v6,FEV-Mini20,FEV-Bench,native,3,common_factor,3,tirex2,input_ablation_mase_degradation,-0.02445666061,0.1512994492,9,toto2.0,0.04331615262,False,
fev-mini20-full-v6,FEV-Mini20,FEV-Bench,native,3,common_factor,4,Chronos-2,input_ablation_mase_degradation,-0.001387898932,0.1979297202,9,Timer-3.5,0.06989750053,False,
fev-mini20-full-v6,FEV-Mini20,FEV-Bench,native,3,common_factor,4,Chronos-2,input_ablation_mase_degradation,-0.0006832947908,0.2066896452,9,moirai2,0.07310188893,False,
fev-mini20-full-v6,FEV-Mini20,FEV-Bench,native,3,common_factor,4,Chronos-2,input_ablation_mase_degradation,-0.0008002511826,0.2051650315,9,timesfm2.5,0.0731021371,False,
fev-mini20-full-v6,FEV-Mini20,FEV-Bench,native,3,common_factor,4,Chronos-2,input_ablation_mase_degradation,0.0001093154742,0.1229333789,9,tirex2,0.0456355854,True,tirex2
fev-mini20-full-v6,FEV-Mini20,FEV-Bench,native,3,common_factor,4,Chronos-2,input_ablation_mase_degradation,-0.01090001876,0.1591063965,9,toto2.0,0.0512369733,False,
fev-mini20-full-v6,FEV-Mini20,FEV-Bench,native,3,common_factor,4,Timer-3.5,input_ablation_mase_degradation,-8.884154478e-05,0.009135434004,9,moirai2,0.003204388405,False,
fev-mini20-full-v6,FEV-Mini20,FEV-Bench,native,3,common_factor,4,Timer-3.5,input_ablation_mase_degradation,-8.765024391e-05,0.009025765805,9,timesfm2.5,0.00320463657,False,
fev-mini20-full-v6,FEV-Mini20,FEV-Bench,native,3,common_factor,4,Timer-3.5,input_ablation_mase_degradation,-0.07612504949,0.003638048967,9,tirex2,-0.02426191513,False,
fev-mini20-full-v6,FEV-Mini20,FEV-Bench,native,3,common_factor,4,Timer-3.5,input_ablation_mase_degradation,-0.04876481817,0.006135682977,9,toto2.0,-0.01866052723,False,
fev-mini20-full-v6,FEV-Mini20,FEV-Bench,native,3,common_factor,4,moirai2,input_ablation_mase_degradation,0,7.444966037e-07,9,timesfm2.5,2.481655346e-07,False,
fev-mini20-full-v6,FEV-Mini20,FEV-Bench,native,3,common_factor,4,moirai2,input_ablation_mase_degradation,-0.08547727224,0.003164818876,9,tirex2,-0.02746630353,False,
fev-mini20-full-v6,FEV-Mini20,FEV-Bench,native,3,common_factor,4,moirai2,input_ablation_mase_degradation,-0.0578527062,0.006867150957,9,toto2.0,-0.02186491563,False,
fev-mini20-full-v6,FEV-Mini20,FEV-Bench,native,3,common_factor,4,timesfm2.5,input_ablation_mase_degradation,-0.08486261976,0.002872752247,9,tirex2,-0.0274665517,False,
fev-mini20-full-v6,FEV-Mini20,FEV-Bench,native,3,common_factor,4,timesfm2.5,input_ablation_mase_degradation,-0.05632415957,0.005221004848,9,toto2.0,-0.0218651638,False,
fev-mini20-full-v6,FEV-Mini20,FEV-Bench,native,3,common_factor,4,tirex2,input_ablation_mase_degradation,-0.02582980148,0.03959638137,9,toto2.0,0.005601387901,False,
fev-mini20-full-v6,FEV-Mini20,FEV-Bench,native,3,common_factor,5,Chronos-2,input_ablation_mase_degradation,-0.0001894238246,0.09917961424,9,Timer-3.5,0.04059950517,False,
fev-mini20-full-v6,FEV-Mini20,FEV-Bench,native,3,common_factor,5,Chronos-2,input_ablation_mase_degradation,6.909466116e-05,0.1061351858,9,moirai2,0.0428965269,True,moirai2
fev-mini20-full-v6,FEV-Mini20,FEV-Bench,native,3,common_factor,5,Chronos-2,input_ablation_mase_degradation,0.0006444320879,0.1041534456,9,timesfm2.5,0.04289659934,True,timesfm2.5
fev-mini20-full-v6,FEV-Mini20,FEV-Bench,native,3,common_factor,5,Chronos-2,input_ablation_mase_degradation,0.001431992852,0.08276463254,9,tirex2,0.03656806321,True,tirex2
fev-mini20-full-v6,FEV-Mini20,FEV-Bench,native,3,common_factor,5,Chronos-2,input_ablation_mase_degradation,0.001230168905,0.06865309451,9,toto2.0,0.02775305765,True,toto2.0
fev-mini20-full-v6,FEV-Mini20,FEV-Bench,native,3,common_factor,5,Timer-3.5,input_ablation_mase_degradation,-7.97341454e-05,0.006401659036,9,moirai2,0.002297021727,False,
fev-mini20-full-v6,FEV-Mini20,FEV-Bench,native,3,common_factor,5,Timer-3.5,input_ablation_mase_degradation,-5.797930724e-05,0.006359041256,9,timesfm2.5,0.002297094175,False,
fev-mini20-full-v6,FEV-Mini20,FEV-Bench,native,3,common_factor,5,Timer-3.5,input_ablation_mase_degradation,-0.01422387982,0.002961795987,9,tirex2,-0.004031441954,False,
fev-mini20-full-v6,FEV-Mini20,FEV-Bench,native,3,common_factor,5,Timer-3.5,input_ablation_mase_degradation,-0.03510385033,0.005956464163,9,toto2.0,-0.01284644752,False,
fev-mini20-full-v6,FEV-Mini20,FEV-Bench,native,3,common_factor,5,moirai2,input_ablation_mase_degradation,0,2.173465746e-07,9,timesfm2.5,7.24488582e-08,False,
fev-mini20-full-v6,FEV-Mini20,FEV-Bench,native,3,common_factor,5,moirai2,input_ablation_mase_degradation,-0.02039655949,0.002540483125,9,tirex2,-0.006328463681,False,
fev-mini20-full-v6,FEV-Mini20,FEV-Bench,native,3,common_factor,5,moirai2,input_ablation_mase_degradation,-0.04003677688,0.005830683231,9,toto2.0,-0.01514346924,False,
fev-mini20-full-v6,FEV-Mini20,FEV-Bench,native,3,common_factor,5,timesfm2.5,input_ablation_mase_degradation,-0.02065443611,0.00270412225,9,tirex2,-0.00632853613,False,
fev-mini20-full-v6,FEV-Mini20,FEV-Bench,native,3,common_factor,5,timesfm2.5,input_ablation_mase_degradation,-0.0416128058,0.006173698273,9,toto2.0,-0.01514354169,False,
fev-mini20-full-v6,FEV-Mini20,FEV-Bench,native,3,common_factor,5,tirex2,input_ablation_mase_degradation,-0.02437322758,0.005847674807,9,toto2.0,-0.008815005564,False,
fev-mini20-full-v6,FEV-Mini20,FEV-Bench,native,3,covariate_impulse_response,1,Chronos-2,input_ablation_mase_degradation,-0.004399332294,0.06182779205,8,Timer-3.5,0.01956055519,False,
fev-mini20-full-v6,FEV-Mini20,FEV-Bench,native,3,covariate_impulse_response,1,Chronos-2,input_ablation_mase_degradation,-0.005018653979,0.04973697511,8,moirai2,0.01533619319,False,
fev-mini20-full-v6,FEV-Mini20,FEV-Bench,native,3,covariate_impulse_response,1,Chronos-2,input_ablation_mase_degradation,-0.003180573938,0.04984927838,8,timesfm2.5,0.01567280505,False,
fev-mini20-full-v6,FEV-Mini20,FEV-Bench,native,3,covariate_impulse_response,1,Chronos-2,input_ablation_mase_degradation,-0.005612156085,0.044486204,8,tirex2,0.0131913557,False,
fev-mini20-full-v6,FEV-Mini20,FEV-Bench,native,3,covariate_impulse_response,1,Chronos-2,input_ablation_mase_degradation,-0.005119848854,0.05009408966,8,toto2.0,0.01533814464,False,
fev-mini20-full-v6,FEV-Mini20,FEV-Bench,native,3,covariate_impulse_response,1,Timer-3.5,input_ablation_mase_degradation,-0.0117864494,5.152364351e-05,8,moirai2,-0.004224361995,False,
fev-mini20-full-v6,FEV-Mini20,FEV-Bench,native,3,covariate_impulse_response,1,Timer-3.5,input_ablation_mase_degradation,-0.01195928943,0.001061697687,8,timesfm2.5,-0.003887750139,False,
fev-mini20-full-v6,FEV-Mini20,FEV-Bench,native,3,covariate_impulse_response,1,Timer-3.5,input_ablation_mase_degradation,-0.01709776738,-0.0004463655228,8,tirex2,-0.006369199487,True,Timer-3.5
fev-mini20-full-v6,FEV-Mini20,FEV-Bench,native,3,covariate_impulse_response,1,Timer-3.5,input_ablation_mase_degradation,-0.01173287262,4.900569305e-05,8,toto2.0,-0.00422241055,False,
fev-mini20-full-v6,FEV-Mini20,FEV-Bench,native,3,covariate_impulse_response,1,moirai2,input_ablation_mase_degradation,-0.0005167537305,0.00161866959,8,timesfm2.5,0.0003366118555,False,
fev-mini20-full-v6,FEV-Mini20,FEV-Bench,native,3,covariate_impulse_response,1,moirai2,input_ablation_mase_degradation,-0.005506921462,-0.0003289505253,8,tirex2,-0.002144837493,True,moirai2
fev-mini20-full-v6,FEV-Mini20,FEV-Bench,native,3,covariate_impulse_response,1,moirai2,input_ablation_mase_degradation,-2.700335246e-06,8.564862177e-06,8,toto2.0,1.951444888e-06,False,
fev-mini20-full-v6,FEV-Mini20,FEV-Bench,native,3,covariate_impulse_response,1,timesfm2.5,input_ablation_mase_degradation,-0.005786906364,-9.447225322e-05,8,tirex2,-0.002481449348,True,timesfm2.5
fev-mini20-full-v6,FEV-Mini20,FEV-Bench,native,3,covariate_impulse_response,1,timesfm2.5,input_ablation_mase_degradation,-0.001625158658,0.0004974541671,8,toto2.0,-0.0003346604106,False,
fev-mini20-full-v6,FEV-Mini20,FEV-Bench,native,3,covariate_impulse_response,1,tirex2,input_ablation_mase_degradation,0.0003469398254,0.005468515741,8,toto2.0,0.002146788937,True,toto2.0
fev-mini20-full-v6,FEV-Mini20,FEV-Bench,native,3,covariate_impulse_response,2,Chronos-2,input_ablation_mase_degradation,-0.002299728694,0.07097862743,8,Timer-3.5,0.02437624062,False,
fev-mini20-full-v6,FEV-Mini20,FEV-Bench,native,3,covariate_impulse_response,2,Chronos-2,input_ablation_mase_degradation,-0.00296025934,0.05228511367,8,moirai2,0.01819720961,False,
fev-mini20-full-v6,FEV-Mini20,FEV-Bench,native,3,covariate_impulse_response,2,Chronos-2,input_ablation_mase_degradation,-0.00651009392,0.05302278749,8,timesfm2.5,0.01653040714,False,
fev-mini20-full-v6,FEV-Mini20,FEV-Bench,native,3,covariate_impulse_response,2,Chronos-2,input_ablation_mase_degradation,-0.003298712914,0.06093860445,8,tirex2,0.02040121062,False,
fev-mini20-full-v6,FEV-Mini20,FEV-Bench,native,3,covariate_impulse_response,2,Chronos-2,input_ablation_mase_degradation,-0.002661272139,0.05329830262,8,toto2.0,0.01819779088,False,
fev-mini20-full-v6,FEV-Mini20,FEV-Bench,native,3,covariate_impulse_response,2,Timer-3.5,input_ablation_mase_degradation,-0.01852795561,7.962100292e-05,8,moirai2,-0.006179031018,False,
fev-mini20-full-v6,FEV-Mini20,FEV-Bench,native,3,covariate_impulse_response,2,Timer-3.5,input_ablation_mase_degradation,-0.02019335216,-0.0002472278759,8,timesfm2.5,-0.007845833481,True,Timer-3.5
fev-mini20-full-v6,FEV-Mini20,FEV-Bench,native,3,covariate_impulse_response,2,Timer-3.5,input_ablation_mase_degradation,-0.01034080977,-2.419026278e-05,8,tirex2,-0.00397503,True,Timer-3.5
fev-mini20-full-v6,FEV-Mini20,FEV-Bench,native,3,covariate_impulse_response,2,Timer-3.5,input_ablation_mase_degradation,-0.01853196686,8.006402636e-05,8,toto2.0,-0.006178449743,False,
fev-mini20-full-v6,FEV-Mini20,FEV-Bench,native,3,covariate_impulse_response,2,moirai2,input_ablation_mase_degradation,-0.004423010646,-0.0001045271625,8,timesfm2.5,-0.001666802463,True,moirai2
fev-mini20-full-v6,FEV-Mini20,FEV-Bench,native,3,covariate_impulse_response,2,moirai2,input_ablation_mase_degradation,-0.001854490986,0.008631804037,8,tirex2,0.002204001017,False,
fev-mini20-full-v6,FEV-Mini20,FEV-Bench,native,3,covariate_impulse_response,2,moirai2,input_ablation_mase_degradation,-7.0502713e-06,8.766168477e-06,8,toto2.0,5.812741507e-07,False,
fev-mini20-full-v6,FEV-Mini20,FEV-Bench,native,3,covariate_impulse_response,2,timesfm2.5,input_ablation_mase_degradation,-0.0009304961037,0.01057919548,8,tirex2,0.003870803481,False,
fev-mini20-full-v6,FEV-Mini20,FEV-Bench,native,3,covariate_impulse_response,2,timesfm2.5,input_ablation_mase_degradation,0.0001088343917,0.004510591409,8,toto2.0,0.001667383738,True,toto2.0
fev-mini20-full-v6,FEV-Mini20,FEV-Bench,native,3,covariate_impulse_response,2,tirex2,input_ablation_mase_degradation,-0.008803825641,0.001842288965,8,toto2.0,-0.002203419743,False,
fev-mini20-full-v6,FEV-Mini20,FEV-Bench,native,3,covariate_impulse_response,3,Chronos-2,input_ablation_mase_degradation,-0.001005775366,0.1227291265,8,Timer-3.5,0.04154170906,False,
fev-mini20-full-v6,FEV-Mini20,FEV-Bench,native,3,covariate_impulse_response,3,Chronos-2,input_ablation_mase_degradation,-0.001317918518,0.0802146762,8,moirai2,0.02762604089,False,
fev-mini20-full-v6,FEV-Mini20,FEV-Bench,native,3,covariate_impulse_response,3,Chronos-2,input_ablation_mase_degradation,-0.006884199227,0.08119556463,8,timesfm2.5,0.02616279918,False,
fev-mini20-full-v6,FEV-Mini20,FEV-Bench,native,3,covariate_impulse_response,3,Chronos-2,input_ablation_mase_degradation,-0.001949701665,0.08456471078,8,tirex2,0.02862466169,False,
fev-mini20-full-v6,FEV-Mini20,FEV-Bench,native,3,covariate_impulse_response,3,Chronos-2,input_ablation_mase_degradation,-0.001214713512,0.08045708676,8,toto2.0,0.0276370984,False,
fev-mini20-full-v6,FEV-Mini20,FEV-Bench,native,3,covariate_impulse_response,3,Timer-3.5,input_ablation_mase_degradation,-0.04163197343,1.362527332e-07,8,moirai2,-0.01391566817,False,
fev-mini20-full-v6,FEV-Mini20,FEV-Bench,native,3,covariate_impulse_response,3,Timer-3.5,input_ablation_mase_degradation,-0.0440897468,0.002155139331,8,timesfm2.5,-0.01537890989,False,
fev-mini20-full-v6,FEV-Mini20,FEV-Bench,native,3,covariate_impulse_response,3,Timer-3.5,input_ablation_mase_degradation,-0.03776316311,0.0001441351431,8,tirex2,-0.01291704737,False,
fev-mini20-full-v6,FEV-Mini20,FEV-Bench,native,3,covariate_impulse_response,3,Timer-3.5,input_ablation_mase_degradation,-0.04149904073,2.810056351e-06,8,toto2.0,-0.01390461066,False,
fev-mini20-full-v6,FEV-Mini20,FEV-Bench,native,3,covariate_impulse_response,3,moirai2,input_ablation_mase_degradation,-0.007621397879,0.002627632528,8,timesfm2.5,-0.001463241713,False,
fev-mini20-full-v6,FEV-Mini20,FEV-Bench,native,3,covariate_impulse_response,3,moirai2,input_ablation_mase_degradation,-0.00156625219,0.004901228189,8,tirex2,0.0009986208056,False,
fev-mini20-full-v6,FEV-Mini20,FEV-Bench,native,3,covariate_impulse_response,3,moirai2,input_ablation_mase_degradation,-3.760995181e-06,2.9987779e-05,8,toto2.0,1.105751278e-05,False,
fev-mini20-full-v6,FEV-Mini20,FEV-Bench,native,3,covariate_impulse_response,3,timesfm2.5,input_ablation_mase_degradation,-0.003250940196,0.008850605334,8,tirex2,0.002461862518,False,
fev-mini20-full-v6,FEV-Mini20,FEV-Bench,native,3,covariate_impulse_response,3,timesfm2.5,input_ablation_mase_degradation,-0.002771492417,0.007643601543,8,toto2.0,0.001474299226,False,
fev-mini20-full-v6,FEV-Mini20,FEV-Bench,native,3,covariate_impulse_response,3,tirex2,input_ablation_mase_degradation,-0.004411971561,0.001477951457,8,toto2.0,-0.0009875632929,False,
fev-mini20-full-v6,FEV-Mini20,FEV-Bench,native,3,covariate_impulse_response,4,Chronos-2,input_ablation_mase_degradation,0.002300734886,0.1411822083,8,Timer-3.5,0.05080729745,True,Timer-3.5
fev-mini20-full-v6,FEV-Mini20,FEV-Bench,native,3,covariate_impulse_response,4,Chronos-2,input_ablation_mase_degradation,0.002624072213,0.1197528588,8,moirai2,0.04367127873,True,moirai2
fev-mini20-full-v6,FEV-Mini20,FEV-Bench,native,3,covariate_impulse_response,4,Chronos-2,input_ablation_mase_degradation,0.004876586697,0.1211843213,8,timesfm2.5,0.04638844524,True,timesfm2.5
fev-mini20-full-v6,FEV-Mini20,FEV-Bench,native,3,covariate_impulse_response,4,Chronos-2,input_ablation_mase_degradation,0.005082735674,0.1438517719,8,tirex2,0.05652347715,True,tirex2
fev-mini20-full-v6,FEV-Mini20,FEV-Bench,native,3,covariate_impulse_response,4,Chronos-2,input_ablation_mase_degradation,0.002466559681,0.1197207789,8,toto2.0,0.04366658947,True,toto2.0
fev-mini20-full-v6,FEV-Mini20,FEV-Bench,native,3,covariate_impulse_response,4,Timer-3.5,input_ablation_mase_degradation,-0.02123682316,-2.604665483e-06,8,moirai2,-0.007136018724,True,Timer-3.5
fev-mini20-full-v6,FEV-Mini20,FEV-Bench,native,3,covariate_impulse_response,4,Timer-3.5,input_ablation_mase_degradation,-0.02119931642,0.006282926553,8,timesfm2.5,-0.004418852219,False,
fev-mini20-full-v6,FEV-Mini20,FEV-Bench,native,3,covariate_impulse_response,4,Timer-3.5,input_ablation_mase_degradation,-0.003610134709,0.01699300691,8,tirex2,0.005716179693,False,
fev-mini20-full-v6,FEV-Mini20,FEV-Bench,native,3,covariate_impulse_response,4,Timer-3.5,input_ablation_mase_degradation,-0.02125526076,-3.929776882e-05,8,toto2.0,-0.007140707986,True,Timer-3.5
fev-mini20-full-v6,FEV-Mini20,FEV-Bench,native,3,covariate_impulse_response,4,moirai2,input_ablation_mase_degradation,-0.0005084451489,0.006908159684,8,timesfm2.5,0.002717166504,False,
fev-mini20-full-v6,FEV-Mini20,FEV-Bench,native,3,covariate_impulse_response,4,moirai2,input_ablation_mase_degradation,2.703809081e-05,0.02718640355,8,tirex2,0.01285219842,True,tirex2
fev-mini20-full-v6,FEV-Mini20,FEV-Bench,native,3,covariate_impulse_response,4,moirai2,input_ablation_mase_degradation,-2.085106956e-05,7.592090347e-06,8,toto2.0,-4.689262121e-06,False,
fev-mini20-full-v6,FEV-Mini20,FEV-Bench,native,3,covariate_impulse_response,4,timesfm2.5,input_ablation_mase_degradation,-0.001000151708,0.02339191986,8,tirex2,0.01013503191,False,
fev-mini20-full-v6,FEV-Mini20,FEV-Bench,native,3,covariate_impulse_response,4,timesfm2.5,input_ablation_mase_degradation,-0.006799576165,0.0004863041092,8,toto2.0,-0.002721855766,False,
fev-mini20-full-v6,FEV-Mini20,FEV-Bench,native,3,covariate_impulse_response,4,tirex2,input_ablation_mase_degradation,-0.02789275561,0.0002351623238,8,toto2.0,-0.01285688768,False,
fev-mini20-full-v6,FEV-Mini20,FEV-Bench,native,3,covariate_impulse_response,5,Chronos-2,input_ablation_mase_degradation,-0.001879502331,0.1742374746,8,Timer-3.5,0.06117784498,False,
fev-mini20-full-v6,FEV-Mini20,FEV-Bench,native,3,covariate_impulse_response,5,Chronos-2,input_ablation_mase_degradation,-0.002107834824,0.1366892671,8,moirai2,0.04879524537,False,
fev-mini20-full-v6,FEV-Mini20,FEV-Bench,native,3,covariate_impulse_response,5,Chronos-2,input_ablation_mase_degradation,1.657821998e-05,0.1372504361,8,timesfm2.5,0.05019371939,True,timesfm2.5
fev-mini20-full-v6,FEV-Mini20,FEV-Bench,native,3,covariate_impulse_response,5,Chronos-2,input_ablation_mase_degradation,-0.005943562988,0.16420663,8,tirex2,0.05789238265,False,
fev-mini20-full-v6,FEV-Mini20,FEV-Bench,native,3,covariate_impulse_response,5,Chronos-2,input_ablation_mase_degradation,-0.001735476862,0.1389406606,8,toto2.0,0.04875690106,False,
fev-mini20-full-v6,FEV-Mini20,FEV-Bench,native,3,covariate_impulse_response,5,Timer-3.5,input_ablation_mase_degradation,-0.03758798062,0.0003905717905,8,moirai2,-0.01238259961,False,
fev-mini20-full-v6,FEV-Mini20,FEV-Bench,native,3,covariate_impulse_response,5,Timer-3.5,input_ablation_mase_degradation,-0.03817804716,0.005868396705,8,timesfm2.5,-0.0109841256,False,
fev-mini20-full-v6,FEV-Mini20,FEV-Bench,native,3,covariate_impulse_response,5,Timer-3.5,input_ablation_mase_degradation,-0.01171010722,0.004096485904,8,tirex2,-0.003285462335,False,
fev-mini20-full-v6,FEV-Mini20,FEV-Bench,native,3,covariate_impulse_response,5,Timer-3.5,input_ablation_mase_degradation,-0.03769043811,0.0003858507092,8,toto2.0,-0.01242094392,False,
fev-mini20-full-v6,FEV-Mini20,FEV-Bench,native,3,covariate_impulse_response,5,moirai2,input_ablation_mase_degradation,-0.001806801909,0.006357862007,8,timesfm2.5,0.001398474015,False,
fev-mini20-full-v6,FEV-Mini20,FEV-Bench,native,3,covariate_impulse_response,5,moirai2,input_ablation_mase_degradation,-0.003707085409,0.02788067244,8,tirex2,0.009097137275,False,
fev-mini20-full-v6,FEV-Mini20,FEV-Bench,native,3,covariate_impulse_response,5,moirai2,input_ablation_mase_degradation,-0.0001245236257,1.014485205e-05,8,toto2.0,-3.834430921e-05,False,
fev-mini20-full-v6,FEV-Mini20,FEV-Bench,native,3,covariate_impulse_response,5,timesfm2.5,input_ablation_mase_degradation,-0.00870575581,0.02876482916,8,tirex2,0.007698663261,False,
fev-mini20-full-v6,FEV-Mini20,FEV-Bench,native,3,covariate_impulse_response,5,timesfm2.5,input_ablation_mase_degradation,-0.006522064579,0.001744014051,8,toto2.0,-0.001436818324,False,
fev-mini20-full-v6,FEV-Mini20,FEV-Bench,native,3,covariate_impulse_response,5,tirex2,input_ablation_mase_degradation,-0.0282970548,0.003681028991,8,toto2.0,-0.009135481585,False,
fev-mini20-full-v6,FEV-Mini20,FEV-Bench,native,3,cross_series_dependence,1,Chronos-2,input_ablation_mase_degradation,-0.08587764508,0.004031561133,9,Timer-3.5,-0.02722900732,False,
fev-mini20-full-v6,FEV-Mini20,FEV-Bench,native,3,cross_series_dependence,1,Chronos-2,input_ablation_mase_degradation,-0.09760923016,0.003028417472,9,moirai2,-0.031891603,False,
fev-mini20-full-v6,FEV-Mini20,FEV-Bench,native,3,cross_series_dependence,1,Chronos-2,input_ablation_mase_degradation,-0.09744002637,0.003303153121,9,timesfm2.5,-0.03189152757,False,
fev-mini20-full-v6,FEV-Mini20,FEV-Bench,native,3,cross_series_dependence,1,Chronos-2,input_ablation_mase_degradation,-0.1151527573,0.003548964674,9,tirex2,-0.03792583855,False,
fev-mini20-full-v6,FEV-Mini20,FEV-Bench,native,3,cross_series_dependence,1,Chronos-2,input_ablation_mase_degradation,-0.01408413382,0.03851918797,9,toto2.0,0.007836084613,False,
fev-mini20-full-v6,FEV-Mini20,FEV-Bench,native,3,cross_series_dependence,1,Timer-3.5,input_ablation_mase_degradation,-0.01275425055,-0.0003709162198,9,moirai2,-0.004662595679,True,Timer-3.5
fev-mini20-full-v6,FEV-Mini20,FEV-Bench,native,3,cross_series_dependence,1,Timer-3.5,input_ablation_mase_degradation,-0.01274924503,-0.0003536708196,9,timesfm2.5,-0.004662520252,True,Timer-3.5
fev-mini20-full-v6,FEV-Mini20,FEV-Bench,native,3,cross_series_dependence,1,Timer-3.5,input_ablation_mase_degradation,-0.03048744908,-0.0002894808255,9,tirex2,-0.01069683124,True,Timer-3.5
fev-mini20-full-v6,FEV-Mini20,FEV-Bench,native,3,cross_series_dependence,1,Timer-3.5,input_ablation_mase_degradation,-0.01342087807,0.1217406751,9,toto2.0,0.03506509193,False,
fev-mini20-full-v6,FEV-Mini20,FEV-Bench,native,3,cross_series_dependence,1,moirai2,input_ablation_mase_degradation,-1.703834223e-08,2.437139648e-07,9,timesfm2.5,7.542778067e-08,False,
fev-mini20-full-v6,FEV-Mini20,FEV-Bench,native,3,cross_series_dependence,1,moirai2,input_ablation_mase_degradation,-0.01758258545,0.0004305385176,9,tirex2,-0.006034235557,False,
fev-mini20-full-v6,FEV-Mini20,FEV-Bench,native,3,cross_series_dependence,1,moirai2,input_ablation_mase_degradation,-0.01265518224,0.1353345133,9,toto2.0,0.03972768761,False,
fev-mini20-full-v6,FEV-Mini20,FEV-Bench,native,3,cross_series_dependence,1,timesfm2.5,input_ablation_mase_degradation,-0.01758989271,0.0004744450872,9,tirex2,-0.006034310985,False,
fev-mini20-full-v6,FEV-Mini20,FEV-Bench,native,3,cross_series_dependence,1,timesfm2.5,input_ablation_mase_degradation,-0.01213890582,0.1353481784,9,toto2.0,0.03972761218,False,
fev-mini20-full-v6,FEV-Mini20,FEV-Bench,native,3,cross_series_dependence,1,tirex2,input_ablation_mase_degradation,-0.01232218964,0.1510200649,9,toto2.0,0.04576192317,False,
fev-mini20-full-v6,FEV-Mini20,FEV-Bench,native,3,cross_series_dependence,2,Chronos-2,input_ablation_mase_degradation,-0.06017259019,0.003990217934,9,Timer-3.5,-0.0181046663,False,
fev-mini20-full-v6,FEV-Mini20,FEV-Bench,native,3,cross_series_dependence,2,Chronos-2,input_ablation_mase_degradation,-0.04021861569,0.003338715027,9,moirai2,-0.01197740929,False,
fev-mini20-full-v6,FEV-Mini20,FEV-Bench,native,3,cross_series_dependence,2,Chronos-2,input_ablation_mase_degradation,-0.03969788465,0.003272450807,9,timesfm2.5,-0.01197754625,False,
fev-mini20-full-v6,FEV-Mini20,FEV-Bench,native,3,cross_series_dependence,2,Chronos-2,input_ablation_mase_degradation,-0.06045269751,0.003159187454,9,tirex2,-0.01905491621,False,
fev-mini20-full-v6,FEV-Mini20,FEV-Bench,native,3,cross_series_dependence,2,Chronos-2,input_ablation_mase_degradation,-0.09865676514,8.298302712e-05,9,toto2.0,-0.03562303642,False,
fev-mini20-full-v6,FEV-Mini20,FEV-Bench,native,3,cross_series_dependence,2,Timer-3.5,input_ablation_mase_degradation,-0.002023701101,0.02104225765,9,moirai2,0.006127257008,False,
fev-mini20-full-v6,FEV-Mini20,FEV-Bench,native,3,cross_series_dependence,2,Timer-3.5,input_ablation_mase_degradation,-0.002039367436,0.02088985307,9,timesfm2.5,0.006127120045,False,
fev-mini20-full-v6,FEV-Mini20,FEV-Bench,native,3,cross_series_dependence,2,Timer-3.5,input_ablation_mase_degradation,-0.002471679237,0.0003803623722,9,tirex2,-0.0009502499102,False,
fev-mini20-full-v6,FEV-Mini20,FEV-Bench,native,3,cross_series_dependence,2,Timer-3.5,input_ablation_mase_degradation,-0.03666084591,-0.002578250004,9,toto2.0,-0.01751837012,True,Timer-3.5
fev-mini20-full-v6,FEV-Mini20,FEV-Bench,native,3,cross_series_dependence,2,moirai2,input_ablation_mase_degradation,-4.405721426e-07,2.171666651e-08,9,timesfm2.5,-1.369629808e-07,False,
fev-mini20-full-v6,FEV-Mini20,FEV-Bench,native,3,cross_series_dependence,2,moirai2,input_ablation_mase_degradation,-0.02099689954,0.0002825075786,9,tirex2,-0.007077506919,False,
fev-mini20-full-v6,FEV-Mini20,FEV-Bench,native,3,cross_series_dependence,2,moirai2,input_ablation_mase_degradation,-0.05407075274,-0.001399881771,9,toto2.0,-0.02364562713,True,moirai2
fev-mini20-full-v6,FEV-Mini20,FEV-Bench,native,3,cross_series_dependence,2,timesfm2.5,input_ablation_mase_degradation,-0.02099418918,0.0003198124742,9,tirex2,-0.007077369956,False,
fev-mini20-full-v6,FEV-Mini20,FEV-Bench,native,3,cross_series_dependence,2,timesfm2.5,input_ablation_mase_degradation,-0.05551245665,-0.001431057641,9,toto2.0,-0.02364549016,True,timesfm2.5
fev-mini20-full-v6,FEV-Mini20,FEV-Bench,native,3,cross_series_dependence,2,tirex2,input_ablation_mase_degradation,-0.03523642377,-0.00127127405,9,toto2.0,-0.01656812021,True,tirex2
fev-mini20-full-v6,FEV-Mini20,FEV-Bench,native,3,cross_series_dependence,3,Chronos-2,input_ablation_mase_degradation,-0.03500398636,0.008176051876,9,Timer-3.5,-0.007821693636,False,
fev-mini20-full-v6,FEV-Mini20,FEV-Bench,native,3,cross_series_dependence,3,Chronos-2,input_ablation_mase_degradation,-0.04350102615,0.007938268611,9,moirai2,-0.01116804321,False,
fev-mini20-full-v6,FEV-Mini20,FEV-Bench,native,3,cross_series_dependence,3,Chronos-2,input_ablation_mase_degradation,-0.04414420513,0.007990538109,9,timesfm2.5,-0.01116776368,False,
fev-mini20-full-v6,FEV-Mini20,FEV-Bench,native,3,cross_series_dependence,3,Chronos-2,input_ablation_mase_degradation,-0.05484276769,0.009015875075,9,tirex2,-0.01402513881,False,
fev-mini20-full-v6,FEV-Mini20,FEV-Bench,native,3,cross_series_dependence,3,Chronos-2,input_ablation_mase_degradation,-0.1995599102,0.002047012494,9,toto2.0,-0.06772325491,False,
fev-mini20-full-v6,FEV-Mini20,FEV-Bench,native,3,cross_series_dependence,3,Timer-3.5,input_ablation_mase_degradation,-0.008930648403,-0.0001410454655,9,moirai2,-0.003346349577,True,Timer-3.5
fev-mini20-full-v6,FEV-Mini20,FEV-Bench,native,3,cross_series_dependence,3,Timer-3.5,input_ablation_mase_degradation,-0.008900060094,-0.0001755403508,9,timesfm2.5,-0.003346070043,True,Timer-3.5
fev-mini20-full-v6,FEV-Mini20,FEV-Bench,native,3,cross_series_dependence,3,Timer-3.5,input_ablation_mase_degradation,-0.02060344418,0.002279500113,9,tirex2,-0.006203445178,False,
fev-mini20-full-v6,FEV-Mini20,FEV-Bench,native,3,cross_series_dependence,3,Timer-3.5,input_ablation_mase_degradation,-0.1692749941,-0.001869398565,9,toto2.0,-0.05990156128,True,Timer-3.5
fev-mini20-full-v6,FEV-Mini20,FEV-Bench,native,3,cross_series_dependence,3,moirai2,input_ablation_mase_degradation,-3.151496782e-09,8.400025323e-07,9,timesfm2.5,2.795337916e-07,False,
fev-mini20-full-v6,FEV-Mini20,FEV-Bench,native,3,cross_series_dependence,3,moirai2,input_ablation_mase_degradation,-0.01179329104,0.002755420804,9,tirex2,-0.002857095601,False,
fev-mini20-full-v6,FEV-Mini20,FEV-Bench,native,3,cross_series_dependence,3,moirai2,input_ablation_mase_degradation,-0.1582767552,-0.001021756989,9,toto2.0,-0.0565552117,True,moirai2
fev-mini20-full-v6,FEV-Mini20,FEV-Bench,native,3,cross_series_dependence,3,timesfm2.5,input_ablation_mase_degradation,-0.01170848006,0.002800600979,9,tirex2,-0.002857375135,False,
fev-mini20-full-v6,FEV-Mini20,FEV-Bench,native,3,cross_series_dependence,3,timesfm2.5,input_ablation_mase_degradation,-0.1571598884,-0.0009791271389,9,toto2.0,-0.05655549123,True,timesfm2.5
fev-mini20-full-v6,FEV-Mini20,FEV-Bench,native,3,cross_series_dependence,3,tirex2,input_ablation_mase_degradation,-0.1472208335,-0.00282604614,9,toto2.0,-0.0536981161,True,tirex2
fev-mini20-full-v6,FEV-Mini20,FEV-Bench,native,3,cross_series_dependence,4,Chronos-2,input_ablation_mase_degradation,-0.05513187094,0.004831726383,9,Timer-3.5,-0.01681112573,False,
fev-mini20-full-v6,FEV-Mini20,FEV-Bench,native,3,cross_series_dependence,4,Chronos-2,input_ablation_mase_degradation,-0.06694224721,0.004936788038,9,moirai2,-0.02083826397,False,
fev-mini20-full-v6,FEV-Mini20,FEV-Bench,native,3,cross_series_dependence,4,Chronos-2,input_ablation_mase_degradation,-0.06657402778,0.005204133352,9,timesfm2.5,-0.02083834432,False,
fev-mini20-full-v6,FEV-Mini20,FEV-Bench,native,3,cross_series_dependence,4,Chronos-2,input_ablation_mase_degradation,-0.07711305422,0.005101008591,9,tirex2,-0.02454610997,False,
fev-mini20-full-v6,FEV-Mini20,FEV-Bench,native,3,cross_series_dependence,4,Chronos-2,input_ablation_mase_degradation,-0.1228400045,0.001125333777,9,toto2.0,-0.04360457192,False,
fev-mini20-full-v6,FEV-Mini20,FEV-Bench,native,3,cross_series_dependence,4,Timer-3.5,input_ablation_mase_degradation,-0.01238814936,0.0005184390268,9,moirai2,-0.004027138231,False,
fev-mini20-full-v6,FEV-Mini20,FEV-Bench,native,3,cross_series_dependence,4,Timer-3.5,input_ablation_mase_degradation,-0.01244017983,0.0005337866661,9,timesfm2.5,-0.004027218586,False,
fev-mini20-full-v6,FEV-Mini20,FEV-Bench,native,3,cross_series_dependence,4,Timer-3.5,input_ablation_mase_degradation,-0.0221993197,0.0002472546219,9,tirex2,-0.007734984232,False,
fev-mini20-full-v6,FEV-Mini20,FEV-Bench,native,3,cross_series_dependence,4,Timer-3.5,input_ablation_mase_degradation,-0.06887164864,-0.002371458994,9,toto2.0,-0.02679344619,True,Timer-3.5
fev-mini20-full-v6,FEV-Mini20,FEV-Bench,native,3,cross_series_dependence,4,moirai2,input_ablation_mase_degradation,-2.337635571e-07,2.978042494e-09,9,timesfm2.5,-8.035498694e-08,False,
fev-mini20-full-v6,FEV-Mini20,FEV-Bench,native,3,cross_series_dependence,4,moirai2,input_ablation_mase_degradation,-0.01011861879,0.0002908419566,9,tirex2,-0.003707846002,False,
fev-mini20-full-v6,FEV-Mini20,FEV-Bench,native,3,cross_series_dependence,4,moirai2,input_ablation_mase_degradation,-0.05732055024,-0.002324737701,9,toto2.0,-0.02276630795,True,moirai2
fev-mini20-full-v6,FEV-Mini20,FEV-Bench,native,3,cross_series_dependence,4,timesfm2.5,input_ablation_mase_degradation,-0.009999228027,0.0002693823349,9,tirex2,-0.003707765647,False,
fev-mini20-full-v6,FEV-Mini20,FEV-Bench,native,3,cross_series_dependence,4,timesfm2.5,input_ablation_mase_degradation,-0.05607468157,-0.00252771523,9,toto2.0,-0.0227662276,True,timesfm2.5
fev-mini20-full-v6,FEV-Mini20,FEV-Bench,native,3,cross_series_dependence,4,tirex2,input_ablation_mase_degradation,-0.04725819307,-0.00191632086,9,toto2.0,-0.01905846195,True,tirex2
fev-mini20-full-v6,FEV-Mini20,FEV-Bench,native,3,cross_series_dependence,5,Chronos-2,input_ablation_mase_degradation,-0.09637527781,0.009650329626,9,Timer-3.5,-0.02849848543,False,
fev-mini20-full-v6,FEV-Mini20,FEV-Bench,native,3,cross_series_dependence,5,Chronos-2,input_ablation_mase_degradation,-0.1073411873,0.008658611244,9,moirai2,-0.03246758356,False,
fev-mini20-full-v6,FEV-Mini20,FEV-Bench,native,3,cross_series_dependence,5,Chronos-2,input_ablation_mase_degradation,-0.107243071,0.008742312362,9,timesfm2.5,-0.03246732968,False,
fev-mini20-full-v6,FEV-Mini20,FEV-Bench,native,3,cross_series_dependence,5,Chronos-2,input_ablation_mase_degradation,-0.1423219675,0.01024245257,9,tirex2,-0.04337647312,False,
fev-mini20-full-v6,FEV-Mini20,FEV-Bench,native,3,cross_series_dependence,5,Chronos-2,input_ablation_mase_degradation,-0.02984140596,0.05512946512,9,toto2.0,0.00973994859,False,
fev-mini20-full-v6,FEV-Mini20,FEV-Bench,native,3,cross_series_dependence,5,Timer-3.5,input_ablation_mase_degradation,-0.01121159599,0.000380993127,9,moirai2,-0.003969098134,False,
fev-mini20-full-v6,FEV-Mini20,FEV-Bench,native,3,cross_series_dependence,5,Timer-3.5,input_ablation_mase_degradation,-0.01116966486,0.0003906691954,9,timesfm2.5,-0.003968844251,False,
fev-mini20-full-v6,FEV-Mini20,FEV-Bench,native,3,cross_series_dependence,5,Timer-3.5,input_ablation_mase_degradation,-0.04576448606,0.001993373989,9,tirex2,-0.01487798769,False,
fev-mini20-full-v6,FEV-Mini20,FEV-Bench,native,3,cross_series_dependence,5,Timer-3.5,input_ablation_mase_degradation,-0.03139233837,0.1497339945,9,toto2.0,0.03823843402,False,
fev-mini20-full-v6,FEV-Mini20,FEV-Bench,native,3,cross_series_dependence,5,moirai2,input_ablation_mase_degradation,-7.189508562e-08,8.619135224e-07,9,timesfm2.5,2.538828069e-07,False,
fev-mini20-full-v6,FEV-Mini20,FEV-Bench,native,3,cross_series_dependence,5,moirai2,input_ablation_mase_degradation,-0.03509147974,0.002516435129,9,tirex2,-0.01090888956,False,
fev-mini20-full-v6,FEV-Mini20,FEV-Bench,native,3,cross_series_dependence,5,moirai2,input_ablation_mase_degradation,-0.03207437776,0.1597735574,9,toto2.0,0.04220753215,False,
fev-mini20-full-v6,FEV-Mini20,FEV-Bench,native,3,cross_series_dependence,5,timesfm2.5,input_ablation_mase_degradation,-0.03562066111,0.00260813414,9,tirex2,-0.01090914344,False,
fev-mini20-full-v6,FEV-Mini20,FEV-Bench,native,3,cross_series_dependence,5,timesfm2.5,input_ablation_mase_degradation,-0.03309743751,0.1598561026,9,toto2.0,0.04220727827,False,
fev-mini20-full-v6,FEV-Mini20,FEV-Bench,native,3,cross_series_dependence,5,tirex2,input_ablation_mase_degradation,-0.02992597134,0.1933546373,9,toto2.0,0.05311642171,False,
fev-mini20-full-v6,FEV-Mini20,FEV-Bench,native,3,,,Chronos-2,official_mase,-0.3551782966,0.686158539,20,Timer-3.5,0.1217957765,False,
fev-mini20-full-v6,FEV-Mini20,FEV-Bench,native,3,,,Chronos-2,official_mase,-0.1038365359,0.765492697,20,moirai2,0.2728636386,False,
fev-mini20-full-v6,FEV-Mini20,FEV-Bench,native,3,,,Chronos-2,official_mase,0.01826521541,0.9046586754,20,timesfm2.5,0.3934460107,True,timesfm2.5
fev-mini20-full-v6,FEV-Mini20,FEV-Bench,native,3,,,Chronos-2,official_mase,-0.1229113852,0.3174186354,20,tirex2,0.08143792721,False,
fev-mini20-full-v6,FEV-Mini20,FEV-Bench,native,3,,,Chronos-2,official_mase,-0.07064382493,0.709342425,20,toto2.0,0.2745396167,False,
fev-mini20-full-v6,FEV-Mini20,FEV-Bench,native,3,,,Timer-3.5,official_mase,-0.1100947107,0.5809568392,20,moirai2,0.1510678621,False,
fev-mini20-full-v6,FEV-Mini20,FEV-Bench,native,3,,,Timer-3.5,official_mase,0.01508852859,0.7023294961,20,timesfm2.5,0.2716502341,True,timesfm2.5
fev-mini20-full-v6,FEV-Mini20,FEV-Bench,native,3,,,Timer-3.5,official_mase,-0.602816799,0.5890856105,20,tirex2,-0.0403578493,False,
fev-mini20-full-v6,FEV-Mini20,FEV-Bench,native,3,,,Timer-3.5,official_mase,-0.05230738781,0.4612710336,20,toto2.0,0.1527438402,False,
fev-mini20-full-v6,FEV-Mini20,FEV-Bench,native,3,,,moirai2,official_mase,0.009331075275,0.2559192806,20,timesfm2.5,0.120582372,True,timesfm2.5
fev-mini20-full-v6,FEV-Mini20,FEV-Bench,native,3,,,moirai2,official_mase,-0.6416370169,0.1935811702,20,tirex2,-0.1914257114,False,
fev-mini20-full-v6,FEV-Mini20,FEV-Bench,native,3,,,moirai2,official_mase,-0.1742100439,0.1625887146,20,toto2.0,0.001675978076,False,
fev-mini20-full-v6,FEV-Mini20,FEV-Bench,native,3,,,timesfm2.5,official_mase,-0.7458444651,0.03645707691,20,tirex2,-0.3120080834,False,
fev-mini20-full-v6,FEV-Mini20,FEV-Bench,native,3,,,timesfm2.5,official_mase,-0.3070610209,0.009385017946,20,toto2.0,-0.1189063939,False,
fev-mini20-full-v6,FEV-Mini20,FEV-Bench,native,3,,,tirex2,official_mase,-0.205437477,0.6381307801,20,toto2.0,0.1931016895,False,
