metric,model_id,capability_id,capability_level,n,mean,sd,cv,median,min,max,range,seed_p025,seed_p975,mean_ci95_low,mean_ci95_high,desired_count,desired_rate,direction_category,direction_unanimous,mean_approx_task_bootstrap_se,seed_sd_to_task_se_ratio,seed_mean_ci_relation_to_1,task_count_min,task_count_max,task_coverage_min,task_coverage_max,worst_seed,best_seed
capability_effect_nrmse,Chronos-2,common_factor,1,10,0.3020982770247573,0.038362496836561906,0.12698681109464938,0.29276893093321316,0.26065363489927057,0.39296784870627344,0.13231421380700287,0.2640197720091437,0.3804626778944449,0.27465539998313904,0.3295411540663755,10,1.0,unanimous_desired,True,0.07860576730003603,0.48803666899062664,below,4,4,0.4,0.4,2026082705,2026082706
capability_effect_nrmse,Chronos-2,common_factor,2,10,0.2823405494230718,0.03044767197608932,0.10784023774943201,0.2749248143717171,0.24254734833914354,0.343131952741519,0.10058460440237543,0.24401529402205352,0.3368497744107891,0.2605595970047977,0.3041215018413459,10,1.0,unanimous_desired,True,0.07650815799577468,0.39796634468406433,below,4,4,0.4,0.4,2026082705,2026082706
capability_effect_nrmse,Chronos-2,common_factor,3,10,0.24650027554983517,0.0295682273366953,0.11995210662844662,0.24151916376776925,0.20175338353735217,0.29406369090079143,0.09231030736343926,0.20542846243976928,0.29144301953464485,0.22534843992775455,0.2676521111719158,10,1.0,unanimous_desired,True,0.06644351069630564,0.4450130197340602,below,4,4,0.4,0.4,2026082705,2026082706
capability_effect_nrmse,Chronos-2,common_factor,4,10,0.20427069380418916,0.024754341062205292,0.1211840063848534,0.19351093644998557,0.16830923603021458,0.24326667409462066,0.07495743806440608,0.17125702183030894,0.24159127392322985,0.18656250497303528,0.22197888263534304,10,1.0,unanimous_desired,True,0.049863364251485465,0.49644345971838116,below,4,4,0.4,0.4,2026082705,2026082706
capability_effect_nrmse,Chronos-2,common_factor,5,10,0.1619301495137993,0.019378204396075682,0.11967014452996795,0.15853478150426756,0.1297067864963575,0.1873274530476025,0.05762066655124501,0.13282190529772978,0.18652625002958145,0.14806781717410608,0.17579248185349253,10,1.0,unanimous_desired,True,0.03529917392698416,0.5489704783505479,below,4,4,0.4,0.4,2026082705,2026082706
capability_effect_nrmse,Chronos-2,covariate_impulse_response,1,10,0.6867117413160093,0.13711526278529204,0.19966931470040888,0.704084516254172,0.45994048770006873,0.9383849653953771,0.47844447769530835,0.48488959653066394,0.9073173374896281,0.588625391171049,0.7847980914609697,10,1.0,unanimous_desired,True,0.22897455079761478,0.5988231543971234,below,6,6,0.6,0.6,2026082702,2026082708
capability_effect_nrmse,Chronos-2,covariate_impulse_response,2,10,0.6611891949795116,0.15349311956118755,0.23214704766302766,0.6440375271766123,0.48937780411841575,0.9874414132414607,0.498063609123045,0.49478462914734733,0.9459121972733622,0.5513868318852122,0.7709915580738109,10,1.0,unanimous_desired,True,0.2478900472381918,0.6191983957052523,below,6,6,0.6,0.6,2026082702,2026082708
capability_effect_nrmse,Chronos-2,covariate_impulse_response,3,10,0.6598552462577697,0.14648701413165552,0.22199871102400992,0.6597534544944941,0.44438937957031427,0.961545820267268,0.5171564406969538,0.460860578395026,0.9269776937029547,0.5550647490663179,0.7646457434492215,10,1.0,unanimous_desired,True,0.28479998238254584,0.5143505027851191,below,6,6,0.6,0.6,2026082702,2026082706
capability_effect_nrmse,Chronos-2,covariate_impulse_response,4,10,0.6341337278469287,0.12652024553755772,0.19951666341282828,0.6140879863141553,0.3859455684065615,0.8240023078424524,0.4380567394358909,0.4244360066124726,0.8110091886708395,0.5436265964588216,0.7246408592350357,10,1.0,unanimous_desired,True,0.30095742069452913,0.4203925101616796,below,6,6,0.6,0.6,2026082704,2026082706
capability_effect_nrmse,Chronos-2,covariate_impulse_response,5,10,0.5472372064010291,0.10118486502697066,0.18490128931916933,0.5356695701177461,0.3207378418256437,0.6633146085456947,0.342576766720051,0.3588253873433189,0.6600530759838273,0.47485391442610675,0.6196204983759515,10,1.0,unanimous_desired,True,0.2552778170503882,0.3963715539254952,below,6,6,0.6,0.6,2026082704,2026082706
capability_effect_nrmse,Chronos-2,cross_series_dependence,1,10,0.8857476751294536,0.04624401310827262,0.05220901438043738,0.879845009818359,0.8123773333283971,0.96332739675073,0.15095006342233286,0.8165670224534873,0.9580908565044456,0.8526667009934895,0.9188286492654177,10,1.0,unanimous_desired,True,0.12061444771751853,0.38340359702659366,below,8,8,0.8,0.8,2026082704,2026082703
capability_effect_nrmse,Chronos-2,cross_series_dependence,2,10,0.9064469185728236,0.031214471833315466,0.03443607253082378,0.8987512356655029,0.8647379462931689,0.9550077199418856,0.09026977364871669,0.867713561149546,0.9540755240912056,0.8841174305811993,0.9287764065644478,10,1.0,unanimous_desired,True,0.12828709738522526,0.24331731303876564,below,8,8,0.8,0.8,2026082701,2026082706
capability_effect_nrmse,Chronos-2,cross_series_dependence,3,10,0.9347653112505293,0.05999363546298706,0.0641804255473789,0.9112540961776071,0.8705764554518456,1.040336235801548,0.1697597803497024,0.8712608362596151,1.032304825623474,0.8918484498088803,0.9776821726921783,7,0.7,crosses_threshold,False,0.1455439900788362,0.4122027672217215,below,8,8,0.8,0.8,2026082701,2026082703
capability_effect_nrmse,Chronos-2,cross_series_dependence,4,10,0.9400639089629801,0.057985340882375676,0.06168233917877083,0.9234351398171734,0.8785363416677725,1.0388324890273444,0.16029614735957187,0.8803250399705018,1.034408384406171,0.8985836949187587,0.9815441230072015,8,0.8,crosses_threshold,False,0.14853170312731154,0.39039033190560324,below,8,8,0.8,0.8,2026082701,2026082703
capability_effect_nrmse,Chronos-2,cross_series_dependence,5,10,0.9481377442843062,0.05564574428295482,0.05868951491321395,0.9228236084495126,0.8824856884247575,1.0470068790526859,0.16452119062792836,0.8894966700121527,1.0437308964049072,0.9083311768246236,0.9879443117439888,8,0.8,crosses_threshold,False,0.15384981074968213,0.361688740543802,below,8,8,0.8,0.8,2026082701,2026082708
capability_effect_nrmse,Chronos-2,multi_seasonal,1,10,0.9091865785109521,0.10433704890328455,0.11475867700793133,0.9297688239791784,0.7163765370200043,1.0565610913536634,0.34018455433365913,0.7383267329697,1.0532719398568984,0.8345483500312763,0.9838248069906279,8,0.8,crosses_threshold,False,0.2988252513503052,0.3491574036391352,below,10,10,1.0,1.0,2026082705,2026082703
capability_effect_nrmse,Chronos-2,multi_seasonal,2,10,0.8292060239527999,0.10175365838531564,0.12271215529797896,0.8248430093304113,0.6767955568031239,0.9826599952866071,0.3058644384834832,0.6853218538670246,0.9802515585972505,0.7564158417209255,0.9019962061846742,10,1.0,unanimous_desired,True,0.18710614610547077,0.543828519283154,below,10,10,1.0,1.0,2026082702,2026082701
capability_effect_nrmse,Chronos-2,multi_seasonal,3,10,0.8491321829110806,0.07524766001919862,0.08861713350826841,0.8533951582374604,0.7181461142007881,0.9772814393757159,0.25913532517492777,0.7279524672771276,0.9633904563914635,0.7953032496595757,0.9029611161625856,10,1.0,unanimous_desired,True,0.16880700241419525,0.4457614846721011,below,10,10,1.0,1.0,2026082706,2026082701
capability_effect_nrmse,Chronos-2,multi_seasonal,4,10,0.8666321751524315,0.059626688710028464,0.0688027636402269,0.8713543331314759,0.7766630919719382,0.9518171082323731,0.17515401626043492,0.7784529332039526,0.9461612240557465,0.8239778116046284,0.9092865387002347,10,1.0,unanimous_desired,True,0.14772042256515577,0.40364553305910444,below,10,10,1.0,1.0,2026082703,2026082701
capability_effect_nrmse,Chronos-2,multi_seasonal,5,10,0.8892169433956798,0.05920709252703731,0.06658340573329764,0.8915227824124379,0.8052845633395416,0.989430486356013,0.18414592301647148,0.8096102059040947,0.9843545705191251,0.8468627408750907,0.9315711459162689,10,1.0,unanimous_desired,True,0.13220000715527694,0.4478599797464079,below,10,10,1.0,1.0,2026082710,2026082708
capability_effect_nrmse,Chronos-2,predictable_intermittency,1,10,0.7368326890873831,0.07275050813846393,0.09873409420606777,0.7129899075071569,0.6536574042942718,0.8710845693181145,0.21742716502384274,0.6580778620974901,0.8595583084019811,0.6847901106789741,0.7888752674957921,10,1.0,unanimous_desired,True,0.1453887404386218,0.5003861228798301,below,10,10,1.0,1.0,2026082709,2026082704
capability_effect_nrmse,Chronos-2,predictable_intermittency,2,10,0.9967328610359278,0.12851441506648134,0.12893566580408847,0.9994194591605711,0.8374824079887426,1.2489907320627178,0.4115083240739752,0.8465617132959588,1.2144641929120061,0.9047991867036651,1.0886665353681906,5,0.5,crosses_threshold,False,0.1636520481227803,0.785290600030029,includes,10,10,1.0,1.0,2026082704,2026082708
capability_effect_nrmse,Chronos-2,predictable_intermittency,3,10,0.9669485162996547,0.09263865363680274,0.09580515619519733,0.9296593379711282,0.8718836628260949,1.1788839975276546,0.30700033470155974,0.8770908030797849,1.152914164846731,0.9006788156624195,1.03321821693689,8,0.8,crosses_threshold,False,0.07458500412392587,1.2420546827734975,includes,10,10,1.0,1.0,2026082704,2026082709
capability_effect_nrmse,Chronos-2,predictable_intermittency,4,10,1.0083956283963578,0.06339156634313227,0.06286378536164748,0.99524597180291,0.8937778771764142,1.112409643543558,0.21863176636714376,0.9095645702587302,1.1033313112545535,0.9630480336336474,1.053743223159068,5,0.5,crosses_threshold,False,0.05486361023639149,1.1554392077006284,includes,10,10,1.0,1.0,2026082709,2026082703
capability_effect_nrmse,Chronos-2,predictable_intermittency,5,10,1.1179627433843016,0.022851647401850965,0.020440437337539856,1.119545624029612,1.0861603820612264,1.1648004092019053,0.07864002714067886,1.0880364509858012,1.1573989841457613,1.1016156596029942,1.134309827165609,0,0.0,unanimous_undesired,True,0.04088673129885305,0.5589013030858742,above,10,10,1.0,1.0,2026082704,2026082702
capability_effect_nrmse,Chronos-2,regime_switching,1,10,0.06462381742374682,0.012095140377150575,0.18716227018656542,0.06349858055890337,0.04958358320846097,0.08712710863974486,0.03754352543128389,0.05017388436301495,0.08477964297367604,0.05597147522648635,0.07327615962100728,10,1.0,unanimous_desired,True,0.03426804333770654,0.35295684255896204,below,10,10,1.0,1.0,2026082705,2026082710
capability_effect_nrmse,Chronos-2,regime_switching,2,10,0.10199867900486585,0.027527245919982398,0.2698784551775343,0.09610057074564445,0.06876351984943535,0.14338432492032605,0.0746208050708907,0.0689385628842037,0.14053149283959157,0.08230687353415167,0.12169048447558004,10,1.0,unanimous_desired,True,0.05368230394309007,0.5127806352939827,below,10,10,1.0,1.0,2026082705,2026082710
capability_effect_nrmse,Chronos-2,regime_switching,3,10,0.09677343831740236,0.012431651497961478,0.12846140133191844,0.09826023976430576,0.08000635590273328,0.1140350386642229,0.034028682761489626,0.08030282254796642,0.11393088016926783,0.08788037056593997,0.10566650606886474,10,1.0,unanimous_desired,True,0.04506648430002216,0.2758513713916523,below,10,10,1.0,1.0,2026082707,2026082710
capability_effect_nrmse,Chronos-2,regime_switching,4,10,0.12193474290082115,0.013730494859996945,0.11260527174904535,0.12582512238455373,0.09762619348405324,0.13981650700345,0.042190313519396755,0.09948147845411126,0.1384435542774945,0.11211253858057604,0.13175694722106626,10,1.0,unanimous_desired,True,0.05482753899286419,0.2504306250511074,below,10,10,1.0,1.0,2026082704,2026082710
capability_effect_nrmse,Chronos-2,regime_switching,5,10,0.13330105410721876,0.012547896331310083,0.09413201129840552,0.13178848864128426,0.11444101527488668,0.15853951003256003,0.04409849475767336,0.11622524460225618,0.1553951243795698,0.12432482981143915,0.14227727840299836,10,1.0,unanimous_desired,True,0.051647522140124136,0.24295253308119155,below,10,10,1.0,1.0,2026082707,2026082703
capability_effect_nrmse,Chronos-2,time_varying_seasonality,1,10,0.6108845347612369,0.027374067892149842,0.0448105432933393,0.6096673764550722,0.574977723150069,0.648343014185071,0.073365291035002,0.5754582294757833,0.6470344230047723,0.591302306250573,0.6304667632719009,10,1.0,unanimous_desired,True,0.15549610505259387,0.17604343133155032,below,9,9,0.9,0.9,2026082703,2026082707
capability_effect_nrmse,Chronos-2,time_varying_seasonality,2,10,0.47882769643403933,0.01830478389143445,0.038228331459844896,0.47612343814619673,0.4537062145585138,0.5031038206473369,0.049397606088823154,0.4550411851022466,0.5025856350717635,0.4657332428653323,0.49192215000274636,10,1.0,unanimous_desired,True,0.10113211864455134,0.18099871867383893,below,9,9,0.9,0.9,2026082706,2026082705
capability_effect_nrmse,Chronos-2,time_varying_seasonality,3,10,0.3819687563457807,0.0173474385916429,0.04541585745808742,0.3765834663988796,0.36160080193580685,0.40854478732612287,0.04694398539031602,0.36177507796189556,0.4083703414149061,0.36955914634866077,0.39437836634290063,10,1.0,unanimous_desired,True,0.07345757156616803,0.23615589546159896,below,9,9,0.9,0.9,2026082701,2026082705
capability_effect_nrmse,Chronos-2,time_varying_seasonality,4,10,0.3083810003212358,0.014598248327127371,0.047338351947495465,0.3041454062138731,0.290598740277246,0.33099022597267064,0.04039148569542461,0.2916966135405484,0.3303892935362772,0.2979380425656146,0.31882395807685693,10,1.0,unanimous_desired,True,0.05551556649611691,0.26295774768232727,below,9,9,0.9,0.9,2026082701,2026082705
capability_effect_nrmse,Chronos-2,time_varying_seasonality,5,10,0.25765582565909007,0.011747964640188376,0.045595571573578,0.257807291194447,0.2446230013793152,0.27586803925334324,0.031245037874028048,0.24469087150450386,0.2744716890922439,0.24925183802284467,0.26605981329533546,10,1.0,unanimous_desired,True,0.045863609289167176,0.2561500244369822,below,9,9,0.9,0.9,2026082701,2026082709
capability_effect_nrmse,Chronos-2,trend,1,10,0.10109451028322443,0.009897649595651684,0.09790491657680145,0.09640481622772343,0.09328690378442761,0.12306426162917587,0.029777357844748262,0.0933543802429675,0.12049516531213932,0.09401415829227631,0.10817486227417254,10,1.0,unanimous_desired,True,0.03723899608427897,0.26578722942077737,below,10,10,1.0,1.0,2026082710,2026082703
capability_effect_nrmse,Chronos-2,trend,2,10,0.09183252900942365,0.010266385925205145,0.11179465529204397,0.08666019323598667,0.08013751056441352,0.10957518241250444,0.029437671848090916,0.08126498095993351,0.1087840646844133,0.08448839893865387,0.09917665908019344,10,1.0,unanimous_desired,True,0.035121549955327326,0.29231016109093766,below,10,10,1.0,1.0,2026082710,2026082703
capability_effect_nrmse,Chronos-2,trend,3,10,0.08646703493358066,0.01319192064675008,0.15256589585711372,0.0793543779284028,0.07001814625169207,0.1092817017401887,0.039263555488496624,0.07167100626918663,0.10826466740275476,0.07703010339614966,0.09590396647101165,10,1.0,unanimous_desired,True,0.03423159094992686,0.3853727004989894,below,10,10,1.0,1.0,2026082710,2026082703
capability_effect_nrmse,Chronos-2,trend,4,10,0.08412804445240511,0.012169492008121164,0.14465440255188594,0.07944077721677166,0.06616777208972024,0.1035173197839161,0.03734954769419585,0.0682616847989178,0.10320815582156133,0.075422514302461,0.09283357460234923,10,1.0,unanimous_desired,True,0.03499422121975414,0.3477571891570349,below,10,10,1.0,1.0,2026082710,2026082703
capability_effect_nrmse,Chronos-2,trend,5,10,0.08365973840006607,0.012055314092219499,0.1440993520033524,0.07893829714659076,0.06556687433902027,0.1074798795321269,0.04191300519310663,0.06777586716632983,0.1048786946999133,0.0750358862107695,0.09228359058936265,10,1.0,unanimous_desired,True,0.0358579183311301,0.336196707820422,below,10,10,1.0,1.0,2026082710,2026082703
capability_effect_nrmse,Timer-3.5,common_factor,1,10,0.4339500610764643,0.03378424093865901,0.07785283139459231,0.43270720292155057,0.39045323182627817,0.4853862228684925,0.09493299104221431,0.3923319477296925,0.485303645163881,0.40978227100862896,0.4581178511442996,10,1.0,unanimous_desired,True,0.07874573693660478,0.4290294592818076,below,4,4,0.4,0.4,2026082707,2026082704
capability_effect_nrmse,Timer-3.5,common_factor,2,10,0.3820409032059432,0.02937749788897119,0.07689621096182714,0.39332680191083325,0.3370432418944196,0.4175487952174102,0.08050555332299059,0.33834888265054464,0.41571610031299483,0.36102550721146054,0.40305629920042585,10,1.0,unanimous_desired,True,0.0740723361021979,0.396605526906009,below,4,4,0.4,0.4,2026082707,2026082704
capability_effect_nrmse,Timer-3.5,common_factor,3,10,0.3358977033438015,0.03182060014857854,0.09473300898401557,0.34635487463178116,0.2886752438331738,0.3709051321341716,0.08222988830099781,0.28914217205382275,0.3696238030025091,0.31313461727596037,0.3586607894116426,10,1.0,unanimous_desired,True,0.07097749522614213,0.44831957012845547,below,4,4,0.4,0.4,2026082703,2026082704
capability_effect_nrmse,Timer-3.5,common_factor,4,10,0.28940173788435924,0.034037702132826274,0.11761402119301456,0.2939293575656595,0.24436007344006153,0.3402260318552386,0.09586595841517706,0.24478914064675647,0.33817378442827845,0.26505263260088535,0.31375084316783314,10,1.0,unanimous_desired,True,0.0641208200938602,0.530836974371223,below,4,4,0.4,0.4,2026082703,2026082704
capability_effect_nrmse,Timer-3.5,common_factor,5,10,0.24731027339982048,0.02603258292165642,0.10526284478109883,0.2533150268579326,0.20890357432192608,0.2771866055659785,0.06828303124405244,0.20994384960048765,0.27655641058938085,0.22868768542703058,0.2659328613726104,10,1.0,unanimous_desired,True,0.053710118327262045,0.48468675423570734,below,4,4,0.4,0.4,2026082703,2026082704
capability_effect_nrmse,Timer-3.5,covariate_impulse_response,1,10,0.7661546171370303,0.0632715145636996,0.08258321903760478,0.7641214248133342,0.6755593990575353,0.8869045797051128,0.21134518064757757,0.6825285071640768,0.8739503358895112,0.720892902243809,0.8114163320302515,10,1.0,unanimous_desired,True,0.20876824524806598,0.30307058666186565,below,6,6,0.6,0.6,2026082702,2026082705
capability_effect_nrmse,Timer-3.5,covariate_impulse_response,2,10,0.6018924028851768,0.0553395246445375,0.09194255381737164,0.608577753530303,0.5114761761909503,0.6774350434020944,0.16595886721114406,0.5156561713675557,0.6738970478546374,0.5623048917585743,0.6414799140117792,10,1.0,unanimous_desired,True,0.1373370477591239,0.4029468053048421,below,6,6,0.6,0.6,2026082701,2026082708
capability_effect_nrmse,Timer-3.5,covariate_impulse_response,3,10,0.4790240353283467,0.04488541969240855,0.09370181114532566,0.4804805814202356,0.40102234430898426,0.540628775393983,0.13960643108499876,0.40788497390685796,0.5368665215870544,0.44691494037480267,0.5111331302818908,10,1.0,unanimous_desired,True,0.09400117347215138,0.4774985038426805,below,6,6,0.6,0.6,2026082701,2026082708
capability_effect_nrmse,Timer-3.5,covariate_impulse_response,4,10,0.3741907043951255,0.034973753395956306,0.0934650513365663,0.3760168823829366,0.3163399851284879,0.4300175577567397,0.11367757262825184,0.3193633692878624,0.42664472136700954,0.3491719883762459,0.39920942041400503,10,1.0,unanimous_desired,True,0.0680110163656181,0.5142365937886019,below,6,6,0.6,0.6,2026082701,2026082708
capability_effect_nrmse,Timer-3.5,covariate_impulse_response,5,10,0.29309601550945247,0.032288979304557694,0.11016519364288786,0.30046140459078907,0.2374317359945418,0.33688407743875054,0.09945234144420875,0.2422125239370939,0.3360743845903787,0.26999787117777746,0.3161941598411275,10,1.0,unanimous_desired,True,0.053456126555070094,0.6040276650290746,below,6,6,0.6,0.6,2026082701,2026082708
capability_effect_nrmse,Timer-3.5,cross_series_dependence,1,10,1.004814858105307,0.06527813877621949,0.06496533988292019,1.0203672540037743,0.9020618386169017,1.1189791796254103,0.21691734100850857,0.9080470555349595,1.1043628940868135,0.9581176907240079,1.051512025486606,4,0.4,crosses_threshold,False,0.11834664250087272,0.5515842054897173,includes,8,8,0.8,0.8,2026082704,2026082703
capability_effect_nrmse,Timer-3.5,cross_series_dependence,2,10,0.9766911557573555,0.03378615847623071,0.0345924689468821,0.9737214843944357,0.9311184186802971,1.0320626276518974,0.10094420897160028,0.9336015239566311,1.0280347724345553,0.9525219939657759,1.0008603175489352,7,0.7,crosses_threshold,False,0.12748361405435638,0.26502353833352255,includes,8,8,0.8,0.8,2026082704,2026082706
capability_effect_nrmse,Timer-3.5,cross_series_dependence,3,10,0.9759210511776066,0.06900179878815657,0.07070428361484235,0.9454171346785119,0.906199623145311,1.0865069079333856,0.18030728478807456,0.9083549699774152,1.0820272704103626,0.9265601378913491,1.0252819644638642,7,0.7,crosses_threshold,False,0.1536798446799211,0.44899706224893093,includes,8,8,0.8,0.8,2026082701,2026082703
capability_effect_nrmse,Timer-3.5,cross_series_dependence,4,10,0.9776456794490176,0.07367276804254222,0.07535732995215892,0.9388406427364782,0.9053029540243311,1.098127809577933,0.19282485555360185,0.9085950767266374,1.0918662610543644,0.924943356049143,1.030348002848892,7,0.7,crosses_threshold,False,0.1693210790303922,0.435106889611295,includes,8,8,0.8,0.8,2026082701,2026082703
capability_effect_nrmse,Timer-3.5,cross_series_dependence,5,10,0.9780385992722094,0.0671239764288595,0.0686312140224411,0.9497639835576228,0.9140155450416283,1.0897174462867703,0.17570190124514196,0.9153132043018698,1.08883801006405,0.9300209991788271,1.0260561993655917,7,0.7,crosses_threshold,False,0.1700267239149305,0.39478486018729414,includes,8,8,0.8,0.8,2026082704,2026082706
capability_effect_nrmse,Timer-3.5,multi_seasonal,1,10,0.7013086353531056,0.018019355740210224,0.025693902558518424,0.6973162914442226,0.6817070682069785,0.7479398822416199,0.06623281403464143,0.6829394980140734,0.738800000959476,0.6884183647835301,0.7141989059226811,10,1.0,unanimous_desired,True,0.08407252064524695,0.2143310989359393,below,10,10,1.0,1.0,2026082710,2026082702
capability_effect_nrmse,Timer-3.5,multi_seasonal,2,10,0.799728182485443,0.01871056136038878,0.023396151055023445,0.792906854132902,0.7752121436273325,0.8373797005698063,0.06216755694247378,0.7775400454167881,0.832754230383676,0.7863434532020395,0.8131129117688465,10,1.0,unanimous_desired,True,0.08657905505149681,0.21610955847531282,below,10,10,1.0,1.0,2026082710,2026082701
capability_effect_nrmse,Timer-3.5,multi_seasonal,3,10,0.8626608889186104,0.01943582263794013,0.022530084402347172,0.8570704151686941,0.8368236285755399,0.9014527642361354,0.06462913566059547,0.8379089022933557,0.8973062467252267,0.8487573389716906,0.8765644388655301,10,1.0,unanimous_desired,True,0.08211705186829243,0.23668436939398715,below,10,10,1.0,1.0,2026082710,2026082709
capability_effect_nrmse,Timer-3.5,multi_seasonal,4,10,0.9133274012539241,0.01952990792502283,0.021383249750538368,0.9088873280031269,0.8829865700111202,0.9417740062136184,0.058787436202498156,0.8862046465063036,0.9414977794700254,0.8993565467471412,0.927298255760707,10,1.0,unanimous_desired,True,0.07771879326851149,0.25128938707976,below,10,10,1.0,1.0,2026082708,2026082709
capability_effect_nrmse,Timer-3.5,multi_seasonal,5,10,0.9451399520254575,0.015595109897236475,0.016500318142107718,0.9437430539824525,0.9277283884899903,0.972745166664194,0.04501677817420369,0.9280938800926111,0.9710241958865514,0.9339838824613801,0.956296021589535,10,1.0,unanimous_desired,True,0.0767831431953429,0.20310590643002432,below,10,10,1.0,1.0,2026082701,2026082702
capability_effect_nrmse,Timer-3.5,predictable_intermittency,1,10,0.5967191112404802,0.049313796978461624,0.08264155789471266,0.5954502653138836,0.5066312219461828,0.6658622361748422,0.15923101422865937,0.5167996911191671,0.6641266156046155,0.5614421460131945,0.6319960764677658,10,1.0,unanimous_desired,True,0.034238116855564514,1.4403186129218128,below,10,10,1.0,1.0,2026082708,2026082703
capability_effect_nrmse,Timer-3.5,predictable_intermittency,2,10,0.8574192324479428,0.024995399503265344,0.02915189974442626,0.858020992530276,0.8177861649815081,0.8983253103958196,0.08053914541431151,0.8204376927855872,0.8948880095384667,0.8395386007962384,0.8752998640996472,10,1.0,unanimous_desired,True,0.04121403468282477,0.6064778587106333,below,10,10,1.0,1.0,2026082704,2026082703
capability_effect_nrmse,Timer-3.5,predictable_intermittency,3,10,0.9863989456548845,0.0406398954984768,0.04120026250787949,0.9770381635278382,0.9452708142175881,1.0867094552148384,0.14143864099725034,0.9492472019956695,1.0724897411934966,0.9573269157528583,1.0154709755569107,8,0.8,crosses_threshold,False,0.05538751994679554,0.7337374111986762,includes,10,10,1.0,1.0,2026082704,2026082703
capability_effect_nrmse,Timer-3.5,predictable_intermittency,4,10,1.050518561180595,0.0461709534102548,0.04395063078025667,1.043393448904724,1.0019138536633811,1.1585555289077045,0.15664167524432338,1.0022028109118641,1.141983330592119,1.0174898508041548,1.0835472715570351,0,0.0,unanimous_undesired,True,0.06479278796005994,0.7125940226359121,above,10,10,1.0,1.0,2026082704,2026082703
capability_effect_nrmse,Timer-3.5,predictable_intermittency,5,10,1.144863423149856,0.055270403789633334,0.048276853528579154,1.137432142490168,1.0622897163632365,1.2757224628161654,0.21343274645292887,1.0715747332066545,1.2542719529038047,1.1053253581041547,1.1844014881955574,0,0.0,unanimous_undesired,True,0.08245223487304046,0.6703323915323632,above,10,10,1.0,1.0,2026082704,2026082708
capability_effect_nrmse,Timer-3.5,regime_switching,1,10,0.06979917308447198,0.004304689559510643,0.06167250082319808,0.07073901993513539,0.06331114924467085,0.07692238560541283,0.013611236360741977,0.06374459937370335,0.07620419812831379,0.0667197836800941,0.07287856248884986,10,1.0,unanimous_desired,True,0.022030002096644664,0.19540123240234641,below,10,10,1.0,1.0,2026082704,2026082703
capability_effect_nrmse,Timer-3.5,regime_switching,2,10,0.09343474142151978,0.004552488985601358,0.04872372862962549,0.09232133243713408,0.08677677682103653,0.1015663240795989,0.014789547258562366,0.08747445443277224,0.1008303483308393,0.09017808698639683,0.09669139585664273,10,1.0,unanimous_desired,True,0.022287709844393946,0.20426006159383175,below,10,10,1.0,1.0,2026082704,2026082703
capability_effect_nrmse,Timer-3.5,regime_switching,3,10,0.11395905113096635,0.005980929360874259,0.05248314461657576,0.11454020397943213,0.10416812560986984,0.12359932289169306,0.01943119728182323,0.10497186124694116,0.12304247536064584,0.10968055200865046,0.11823755025328225,10,1.0,unanimous_desired,True,0.02389195228732035,0.2503323834297286,below,10,10,1.0,1.0,2026082704,2026082703
capability_effect_nrmse,Timer-3.5,regime_switching,4,10,0.1382955945146369,0.009721939390506333,0.07029825805099947,0.14016443644141535,0.1236099114336729,0.1559585894321709,0.032348677998497985,0.1240963135875097,0.1534302523977935,0.13134093803238586,0.14525025099688796,10,1.0,unanimous_desired,True,0.03176508650344177,0.3060573875488409,below,10,10,1.0,1.0,2026082709,2026082703
capability_effect_nrmse,Timer-3.5,regime_switching,5,10,0.17840974738343146,0.008467338632919232,0.04746006738477999,0.17802094014985773,0.16413686952599565,0.19401356460721889,0.02987669508122323,0.1657880601031787,0.19264617571933187,0.17235257821733369,0.18446691654952924,10,1.0,unanimous_desired,True,0.0434210597587711,0.19500534256787275,below,10,10,1.0,1.0,2026082703,2026082701
capability_effect_nrmse,Timer-3.5,time_varying_seasonality,1,10,0.7125424693968807,0.022507102428970124,0.031587032907695836,0.7098671867514759,0.6835687375848327,0.7481250455641554,0.06455630797932266,0.6840206564143512,0.7451117158098965,0.696441858241335,0.7286430805524264,10,1.0,unanimous_desired,True,0.14902719121030117,0.151026817630945,below,9,9,0.9,0.9,2026082701,2026082707
capability_effect_nrmse,Timer-3.5,time_varying_seasonality,2,10,0.5874962452088568,0.02223740882010516,0.03785115054173613,0.5808348143443038,0.5592938753691835,0.6308590866818815,0.071565211312698,0.5622707678708874,0.6274892553176091,0.5715885612389039,0.6034039291788097,10,1.0,unanimous_desired,True,0.11551596968363853,0.192505061256953,below,9,9,0.9,0.9,2026082701,2026082709
capability_effect_nrmse,Timer-3.5,time_varying_seasonality,3,10,0.5086029752540175,0.022226715949091404,0.04370150594968591,0.49794808860999057,0.4896113303527858,0.5483910382678275,0.05877970791504172,0.4897773602254087,0.5475203246282724,0.4927029405031888,0.5245030100048462,10,1.0,unanimous_desired,True,0.0982813566332593,0.22615393916499602,below,9,9,0.9,0.9,2026082701,2026082708
capability_effect_nrmse,Timer-3.5,time_varying_seasonality,4,10,0.43345418454411166,0.020569192239513614,0.04745413234653023,0.42559448563131635,0.4137197858289005,0.4685102224155162,0.0547904365866157,0.41420789990700063,0.4684619023809253,0.41873987082570957,0.44816849826251376,10,1.0,unanimous_desired,True,0.08073519980373571,0.2547735348338341,below,9,9,0.9,0.9,2026082701,2026082708
capability_effect_nrmse,Timer-3.5,time_varying_seasonality,5,10,0.3727953724477425,0.013152455929189689,0.0352806308802381,0.37196473139909725,0.3543405776611124,0.3926814075220272,0.038340829860914805,0.3555628140879176,0.39259962010885646,0.3633866722685598,0.38220407262692524,10,1.0,unanimous_desired,True,0.0646195919781101,0.203536660114553,below,9,9,0.9,0.9,2026082701,2026082708
capability_effect_nrmse,Timer-3.5,trend,1,10,0.43556575294500216,0.022820163114298613,0.05239200501876937,0.43865860148197944,0.40040175897417835,0.46837804468481076,0.06797628571063241,0.4010449866021344,0.46534543452309063,0.4192411916662245,0.45189031422377984,10,1.0,unanimous_desired,True,0.20401934598598084,0.1118529372987339,below,10,10,1.0,1.0,2026082710,2026082703
capability_effect_nrmse,Timer-3.5,trend,2,10,0.32710049474481223,0.027401206657679523,0.08376999453656161,0.3295987804047533,0.2633745401133751,0.3545967509716249,0.09122221085824983,0.27431636319739683,0.35400975920182975,0.3074988523308076,0.34670213715881687,10,1.0,unanimous_desired,True,0.14366901400247895,0.19072454034665212,below,10,10,1.0,1.0,2026082710,2026082703
capability_effect_nrmse,Timer-3.5,trend,3,10,0.29335832030885,0.024456191909814868,0.08336628013163967,0.30531672907302276,0.23987093029147846,0.3142472726924181,0.07437634240093963,0.24618094018121056,0.31409312459045696,0.2758634145328625,0.3108532260848375,10,1.0,unanimous_desired,True,0.12978505349761776,0.1884361199594048,below,10,10,1.0,1.0,2026082710,2026082709
capability_effect_nrmse,Timer-3.5,trend,4,10,0.27041794396329805,0.01552608479226224,0.05741514251868392,0.2763306948343406,0.24150648844253628,0.2843291520136722,0.04282266357113593,0.24186138668718996,0.28380168984651233,0.259311251984748,0.28152463594184807,10,1.0,unanimous_desired,True,0.12111468430863911,0.12819324824970676,below,10,10,1.0,1.0,2026082706,2026082703
capability_effect_nrmse,Timer-3.5,trend,5,10,0.21781574015214877,0.008127541024588146,0.03731383700237132,0.21587555739596365,0.20534077469062248,0.23283956030499633,0.027498785614373855,0.2063334356324041,0.23166754995711225,0.2120016475517968,0.22362983275250076,10,1.0,unanimous_desired,True,0.09478540929339505,0.08574675242927393,below,10,10,1.0,1.0,2026082708,2026082703
capability_effect_nrmse,Timer-4.0,common_factor,1,10,0.39274736096552104,0.022091034047841598,0.0562474410866403,0.3883236170838161,0.36407851804057034,0.43974853594066615,0.07567001790009581,0.36653073473328945,0.43404680922902494,0.37694438719976414,0.40855033473127794,10,1.0,unanimous_desired,True,0.08509569102053069,0.2596022640266448,below,4,4,0.4,0.4,2026082702,2026082706
capability_effect_nrmse,Timer-4.0,common_factor,2,10,0.37298847437404564,0.019686315465695388,0.05277995653547534,0.3737327449444362,0.3416082129639489,0.40996151539124276,0.06835330242729387,0.34423488343183356,0.4052411470090118,0.35890573265289955,0.38707121609519174,10,1.0,unanimous_desired,True,0.09490651169006999,0.2074285011125865,below,4,4,0.4,0.4,2026082702,2026082708
capability_effect_nrmse,Timer-4.0,common_factor,3,10,0.3328220157773289,0.018029381620238965,0.05417124098034829,0.33688749545086655,0.3088389880583714,0.3574586753789902,0.048619687320618776,0.30948284474120724,0.35562878739996423,0.3199245731252366,0.3457194584294212,10,1.0,unanimous_desired,True,0.09288992668307902,0.19409404511375533,below,4,4,0.4,0.4,2026082709,2026082708
capability_effect_nrmse,Timer-4.0,common_factor,4,10,0.2960825949511337,0.02189407743896845,0.07394584420803901,0.2907755787721433,0.2570150263928384,0.3299154252886972,0.07290039889585881,0.26200800122168305,0.32795265449058597,0.28042051545570723,0.3117446744465602,10,1.0,unanimous_desired,True,0.0887151613929829,0.2467907074190388,below,4,4,0.4,0.4,2026082709,2026082708
capability_effect_nrmse,Timer-4.0,common_factor,5,10,0.25688148403732625,0.01609813154489508,0.06266754338181858,0.2563598800670611,0.23428545805908085,0.2854667177557461,0.05118125969666526,0.23589534173701465,0.2823984337904092,0.2453655744637526,0.26839739361089987,10,1.0,unanimous_desired,True,0.07957409644926633,0.20230366743980166,below,4,4,0.4,0.4,2026082710,2026082708
capability_effect_nrmse,Timer-4.0,covariate_impulse_response,1,10,1.3749498126699964,0.224033387366608,0.16293931989529173,1.3779102151561458,0.9152885813927892,1.747647943400585,0.8323593620077957,0.9958468716961961,1.7236673090378156,1.2146859818533455,1.5352136434866472,1,0.1,crosses_threshold,False,0.671724243405935,0.33351987748821005,above,6,6,0.6,0.6,2026082706,2026082709
capability_effect_nrmse,Timer-4.0,covariate_impulse_response,2,10,0.9312310980833244,0.16847472331455773,0.1809161266857553,0.9077925239862559,0.6456286020308856,1.1937102911161757,0.5480816890852901,0.678889863267551,1.1929377220575155,0.8107115412818067,1.051750654884842,7,0.7,crosses_threshold,False,0.41197389765522424,0.4089451401495153,includes,6,6,0.6,0.6,2026082706,2026082709
capability_effect_nrmse,Timer-4.0,covariate_impulse_response,3,10,0.6611656755601332,0.1445433837147822,0.21861900739527418,0.6075819837970728,0.5210230889039393,0.9164032121329297,0.3953801232289904,0.5258891628314167,0.9139526162029193,0.5577655678100112,0.7645657833102552,10,1.0,unanimous_desired,True,0.2654928569882124,0.5444341718059849,below,6,6,0.6,0.6,2026082706,2026082708
capability_effect_nrmse,Timer-4.0,covariate_impulse_response,4,10,0.47022495360947447,0.11157804602435047,0.2372865267312396,0.445742082164335,0.3752545958727524,0.7128002496371106,0.33754565376435824,0.3762948785779964,0.6920040914796759,0.3904068278332614,0.5500430793856875,10,1.0,unanimous_desired,True,0.16946179042195594,0.6584259835006092,below,6,6,0.6,0.6,2026082706,2026082707
capability_effect_nrmse,Timer-4.0,covariate_impulse_response,5,10,0.36423429119102213,0.08570687327139923,0.23530698603677155,0.33761680300195984,0.27726797498916594,0.5367236335208627,0.2594556585316968,0.2798686887697828,0.5183303726840288,0.30292328750872477,0.4255452948733195,10,1.0,unanimous_desired,True,0.12660484462580032,0.6769636148183649,below,6,6,0.6,0.6,2026082706,2026082708
capability_effect_nrmse,Timer-4.0,cross_series_dependence,1,10,0.9370796098672576,0.05225943320863697,0.055768402874585864,0.9421823469663417,0.8618855932496219,1.0253028771743495,0.16341728392472765,0.8648357082129834,1.0165376900275431,0.8996954634202919,0.9744637563142232,9,0.9,crosses_threshold,False,0.12057756199798489,0.4334092707025403,below,8,8,0.8,0.8,2026082704,2026082703
capability_effect_nrmse,Timer-4.0,cross_series_dependence,2,10,0.9619971726844774,0.03456788877201065,0.035933461920213426,0.9724651942347294,0.8983198123072946,1.0087590340390524,0.1104392217317578,0.9041258584969648,1.0073580901866832,0.9372687947272191,0.9867255506417356,8,0.8,crosses_threshold,False,0.12586689878621188,0.274638440331521,below,8,8,0.8,0.8,2026082704,2026082708
capability_effect_nrmse,Timer-4.0,cross_series_dependence,3,10,0.9912356322010778,0.07366700315072376,0.0743183565618432,0.9753038790629251,0.8743353070605661,1.1236822258536394,0.24934691879307336,0.8855506295789801,1.114596550178614,0.9385374327563777,1.043933831645778,7,0.7,crosses_threshold,False,0.1488798682478794,0.49480835802508205,includes,8,8,0.8,0.8,2026082701,2026082708
capability_effect_nrmse,Timer-4.0,cross_series_dependence,4,10,0.9895832608658092,0.06249498695261417,0.06315283354523991,0.9815263499440346,0.8891224610152111,1.0995067650133261,0.21038430399811503,0.9006562274528737,1.0890441723582576,0.9448770403618407,1.0342894813697776,7,0.7,crosses_threshold,False,0.1496949937632739,0.41748214406851236,includes,8,8,0.8,0.8,2026082701,2026082708
capability_effect_nrmse,Timer-4.0,cross_series_dependence,5,10,0.9923063737256774,0.057931935136847273,0.05838109748236136,0.9849245243213185,0.9005756552743692,1.0900570280732222,0.18948137279885302,0.9114656773890443,1.0879422595343886,0.9508643638503372,1.0337483836010175,6,0.6,crosses_threshold,False,0.15303424581878775,0.37855536730939393,includes,8,8,0.8,0.8,2026082701,2026082708
capability_effect_nrmse,Timer-4.0,multi_seasonal,1,10,0.8182096072310054,0.07286433606405261,0.08905338610070952,0.8141871691991966,0.6944705958070799,0.9142706238513092,0.21980002804422927,0.6997850868687749,0.9082195717218432,0.7660856012299363,0.8703336132320746,10,1.0,unanimous_desired,True,0.21963329008933993,0.3317545169696893,below,10,10,1.0,1.0,2026082710,2026082708
capability_effect_nrmse,Timer-4.0,multi_seasonal,2,10,0.9109019305994389,0.06529483936847809,0.07168152484374404,0.9232300239239037,0.789573039545125,1.0009356571170307,0.21136261757190566,0.801729996518582,0.9953686869059196,0.8641928163341343,0.9576110448647436,9,0.9,crosses_threshold,False,0.21845098467003013,0.2988992678019092,below,10,10,1.0,1.0,2026082710,2026082708
capability_effect_nrmse,Timer-4.0,multi_seasonal,3,10,0.9883087952016132,0.07972229290678638,0.08066536824710052,1.0032509532362108,0.8802751847283456,1.1389812669348127,0.25870608220646707,0.8831809769662425,1.1161801023653328,0.9312789024123698,1.0453386879908566,5,0.5,crosses_threshold,False,0.22861400114713365,0.34872008060205345,includes,10,10,1.0,1.0,2026082710,2026082708
capability_effect_nrmse,Timer-4.0,multi_seasonal,4,10,1.0339203729022102,0.0669719993470671,0.06477481351786983,1.0465868135693448,0.9128268957926426,1.1264804134238853,0.21365351763124263,0.9233242840977377,1.120564552048533,0.9860114906638345,1.0818292551405857,4,0.4,crosses_threshold,False,0.23115523482448141,0.28972737475713944,includes,10,10,1.0,1.0,2026082710,2026082708
capability_effect_nrmse,Timer-4.0,multi_seasonal,5,10,1.0853059789112616,0.08114023213216595,0.07476254043450752,1.0709250857979622,0.9569348157707811,1.2509586237287522,0.2940238079579711,0.9733860154567916,1.2311283137858793,1.0272617535049218,1.1433502043176014,1,0.1,crosses_threshold,False,0.2310331224810695,0.35120605764575796,above,10,10,1.0,1.0,2026082710,2026082708
capability_effect_nrmse,Timer-4.0,predictable_intermittency,1,10,0.6204495191432092,0.0569371350710849,0.0917675545138797,0.626225043632342,0.5024974267558349,0.7076659058675694,0.20516847911173453,0.5199528142509636,0.6977682943737951,0.5797191463649543,0.6611798919214642,10,1.0,unanimous_desired,True,0.04963553428543914,1.1471043052273082,below,10,10,1.0,1.0,2026082708,2026082703
capability_effect_nrmse,Timer-4.0,predictable_intermittency,2,10,0.8841772572294733,0.04434839298061248,0.050157807858094004,0.8894257776071709,0.8086888164087622,0.9405690567925664,0.1318802403838042,0.8152655897106496,0.9393421903425927,0.8524523280428935,0.915902186416053,10,1.0,unanimous_desired,True,0.06945699294051456,0.6385014827606202,below,10,10,1.0,1.0,2026082704,2026082703
capability_effect_nrmse,Timer-4.0,predictable_intermittency,3,10,1.051164148523293,0.10595219287357682,0.10079509753297965,1.0179763803439992,0.9666469288659357,1.324710366930042,0.35806343806410623,0.9692524062499551,1.2815610537310231,0.9753705156503609,1.126957781396225,2,0.2,crosses_threshold,False,0.08993932640567533,1.1780407649004925,includes,10,10,1.0,1.0,2026082704,2026082703
capability_effect_nrmse,Timer-4.0,predictable_intermittency,4,10,1.1336654539260198,0.10162707617192866,0.08964467940694662,1.0975251078795445,1.0297099906048444,1.3269005556818816,0.2971905650770372,1.0348507312663078,1.320955667299635,1.0609658231546626,1.206365084697377,0,0.0,unanimous_undesired,True,0.11225595416789338,0.9053156861499938,above,10,10,1.0,1.0,2026082707,2026082703
capability_effect_nrmse,Timer-4.0,predictable_intermittency,5,10,1.271825519506659,0.1493714802871174,0.11744651919318191,1.2054611873157866,1.1370283026046066,1.5486447714485814,0.41161646884397474,1.1416704085552245,1.542247475311999,1.1649715995309111,1.378679439482407,0,0.0,unanimous_undesired,True,0.13325617897290876,1.1209347396752605,above,10,10,1.0,1.0,2026082707,2026082706
capability_effect_nrmse,Timer-4.0,regime_switching,1,10,0.1254209284479489,0.03170991731669402,0.2528279586915512,0.11806142911496392,0.08953611259972206,0.1778708803580675,0.08833476775834544,0.08988572089732089,0.17775267660731583,0.10273702010826677,0.148104836787631,10,1.0,unanimous_desired,True,0.0633476665063184,0.500569619459167,below,10,10,1.0,1.0,2026082710,2026082702
capability_effect_nrmse,Timer-4.0,regime_switching,2,10,0.12926287820917204,0.033574781059305996,0.2597403177498151,0.12237640836055975,0.09484650163523113,0.1915357813966962,0.09668927976146506,0.09585160450432531,0.19057566327918907,0.10524492671255188,0.1532808297057922,10,1.0,unanimous_desired,True,0.06337172903156524,0.5298069276693163,below,10,10,1.0,1.0,2026082709,2026082702
capability_effect_nrmse,Timer-4.0,regime_switching,3,10,0.14288360745312387,0.031036443038891397,0.21721486174733928,0.13658768100978927,0.1053251418429985,0.19764660068278359,0.09232145883978508,0.10744346669287372,0.19690115963535706,0.12068147358904927,0.16508574131719847,10,1.0,unanimous_desired,True,0.05733032070056967,0.5413617551695119,below,10,10,1.0,1.0,2026082709,2026082706
capability_effect_nrmse,Timer-4.0,regime_switching,4,10,0.13563709308275565,0.03419219693903832,0.25208588714133523,0.1257523684617253,0.10090871775980652,0.2064659538779392,0.10555723611813268,0.10262844854003539,0.20181816024046326,0.11117746887272419,0.1600967172927871,10,1.0,unanimous_desired,True,0.045599372493676744,0.7498391988569524,below,10,10,1.0,1.0,2026082710,2026082705
capability_effect_nrmse,Timer-4.0,regime_switching,5,10,0.15939022291472899,0.028483089183309877,0.1787003535251208,0.14551366417951875,0.13231608555183677,0.21955227811610598,0.0872361925642692,0.13277789656433714,0.21385323192670458,0.13901464836458527,0.1797657974648727,10,1.0,unanimous_desired,True,0.043498733221212255,0.6548027281268052,below,10,10,1.0,1.0,2026082710,2026082705
capability_effect_nrmse,Timer-4.0,time_varying_seasonality,1,10,0.6808331072254467,0.03275621413276063,0.04811195840086247,0.6720482917549637,0.6251330647019051,0.7366169803335463,0.11148391563164117,0.6329212200008866,0.7320437412339473,0.6574007232327151,0.7042654912181782,10,1.0,unanimous_desired,True,0.13137898088621866,0.24932613962905747,below,9,9,0.9,0.9,2026082706,2026082710
capability_effect_nrmse,Timer-4.0,time_varying_seasonality,2,10,0.5891256817327373,0.030589344260484198,0.05192329108877884,0.5926181416084563,0.5436898445706252,0.6272667254356248,0.08357688086499959,0.5448990804780987,0.6269330112774516,0.5672433830674393,0.6110079803980353,10,1.0,unanimous_desired,True,0.11578444450937024,0.26419217529699035,below,9,9,0.9,0.9,2026082701,2026082710
capability_effect_nrmse,Timer-4.0,time_varying_seasonality,3,10,0.505106293383107,0.029735541191638157,0.05886986874084481,0.50326849852718,0.46628369120402,0.5567149569474782,0.09043126574345817,0.4668300844667324,0.5514614686370438,0.4838347686394314,0.5263778181267825,10,1.0,unanimous_desired,True,0.09433339492017204,0.31521754535391555,below,9,9,0.9,0.9,2026082701,2026082710
capability_effect_nrmse,Timer-4.0,time_varying_seasonality,4,10,0.42394019395440646,0.025489312885688443,0.06012478469647005,0.4194928230475933,0.39181694717674354,0.47289269648170024,0.0810757493049567,0.39225052419810513,0.466358874125032,0.40570623795364336,0.44217414995516957,10,1.0,unanimous_desired,True,0.0777580274334091,0.32780297709477185,below,9,9,0.9,0.9,2026082701,2026082709
capability_effect_nrmse,Timer-4.0,time_varying_seasonality,5,10,0.34828915041238345,0.01942728155653541,0.055779175244284815,0.3464408620847233,0.32379927995433455,0.3840177080087309,0.06021842805439637,0.3247836219210122,0.37933433558286395,0.3343917103870308,0.3621865904377361,10,1.0,unanimous_desired,True,0.06004789191281571,0.3235297849380312,below,9,9,0.9,0.9,2026082701,2026082710
capability_effect_nrmse,Timer-4.0,trend,1,10,0.641850807224005,0.062132552111943705,0.09680217180167779,0.658248237648362,0.5445398196430524,0.7360300425501276,0.19149022290707518,0.553439734334539,0.7263614163731504,0.597403856986268,0.686297757461742,10,1.0,unanimous_desired,True,0.3376251475553973,0.18402821164779806,below,10,10,1.0,1.0,2026082708,2026082703
capability_effect_nrmse,Timer-4.0,trend,2,10,0.5380317293848746,0.030444815151425046,0.05658553852619853,0.5376714833715781,0.48280591009937374,0.5893201309612148,0.10651422086184109,0.4899967704156738,0.5864955543096282,0.5162528206158532,0.5598106381538961,10,1.0,unanimous_desired,True,0.2881399372789185,0.10565982431638613,below,10,10,1.0,1.0,2026082708,2026082703
capability_effect_nrmse,Timer-4.0,trend,3,10,0.41606545365980685,0.021031386531345012,0.050548264332806604,0.41874949215868834,0.3774401697460281,0.4492265626159666,0.07178639286993849,0.38169339180941875,0.44689591636310483,0.4010205060628513,0.4311104012567624,10,1.0,unanimous_desired,True,0.2162188737968797,0.09726896714438682,below,10,10,1.0,1.0,2026082708,2026082703
capability_effect_nrmse,Timer-4.0,trend,4,10,0.3184481576353763,0.015964417817030827,0.05013192079858132,0.3205567206215318,0.28814869620682915,0.34101544567779185,0.052866749470962704,0.2916474279415655,0.33868001469488357,0.30702790110045103,0.3298684141703016,10,1.0,unanimous_desired,True,0.16727203534452859,0.09543984913048419,below,10,10,1.0,1.0,2026082708,2026082703
capability_effect_nrmse,Timer-4.0,trend,5,10,0.24846075397283132,0.014033907385923026,0.05648339692093829,0.2513070511628339,0.22267909985101392,0.2702268616108561,0.047547761759842155,0.2256303374673769,0.2679015129158833,0.23842150140681248,0.2585000065388502,10,1.0,unanimous_desired,True,0.1315905666611928,0.10664827838348194,below,10,10,1.0,1.0,2026082708,2026082703
capability_effect_nrmse,moirai2,common_factor,1,10,0.44661730711989833,0.02152915923101869,0.0482049371750813,0.44846788366421897,0.40681532806308307,0.4746970071296813,0.06788167906659826,0.4093110853799184,0.4735134371465809,0.43121627438463656,0.4620183398551601,10,1.0,unanimous_desired,True,0.13806075691596195,0.15593974502199465,below,4,4,0.4,0.4,2026082710,2026082704
capability_effect_nrmse,moirai2,common_factor,2,10,0.41769788970980953,0.020476959972799413,0.049023374255075906,0.4192454360344218,0.3874737424997764,0.4507261313540544,0.06325238885427803,0.3880901741913879,0.4469792575167115,0.40304955498035305,0.432346224439266,10,1.0,unanimous_desired,True,0.13407012125455348,0.15273320991424066,below,4,4,0.4,0.4,2026082707,2026082704
capability_effect_nrmse,moirai2,common_factor,3,10,0.3628602113908922,0.020723509858249663,0.057111552073493124,0.3649608394439929,0.32654088905193934,0.38470761584587204,0.0581667267939327,0.32825932362614585,0.3845952442711044,0.3480355054982171,0.3776849172835673,10,1.0,unanimous_desired,True,0.11803230583255946,0.17557489631396356,below,4,4,0.4,0.4,2026082705,2026082704
capability_effect_nrmse,moirai2,common_factor,4,10,0.3101190950954675,0.01655343893401375,0.05337768359254987,0.3061456182355522,0.28062260375510933,0.33576388064179397,0.05514127688668463,0.2835106839357815,0.333835102781892,0.29827747823675654,0.3219607119541784,10,1.0,unanimous_desired,True,0.103828156090368,0.1594311173127863,below,4,4,0.4,0.4,2026082709,2026082704
capability_effect_nrmse,moirai2,common_factor,5,10,0.2642380671794062,0.009042759992821005,0.03422201838420716,0.26361484679101543,0.247176220643932,0.2812400526071749,0.03406383196324289,0.24971095447264371,0.2790295283522705,0.25776926636967,0.27070686798914234,10,1.0,unanimous_desired,True,0.08112908184258255,0.11146138705682597,below,4,4,0.4,0.4,2026082703,2026082704
capability_effect_nrmse,moirai2,covariate_impulse_response,1,10,0.8498062846011548,0.06208441255021001,0.07305713510856006,0.8439427343786159,0.7746602501929208,0.9723034993395382,0.19764324914661735,0.7767445716703056,0.9608578233191878,0.8053937713313536,0.894218797870956,10,1.0,unanimous_desired,True,0.23579429814632094,0.26329904089404166,below,6,6,0.6,0.6,2026082710,2026082709
capability_effect_nrmse,moirai2,covariate_impulse_response,2,10,0.731384285040271,0.036878998214993464,0.05042355840741486,0.7208671014054573,0.6918025427772839,0.7957661557645204,0.10396361298723644,0.6933830984069108,0.7950924409399256,0.7050026389825628,0.7577659310979792,10,1.0,unanimous_desired,True,0.1676201198846785,0.22001534326765762,below,6,6,0.6,0.6,2026082710,2026082709
capability_effect_nrmse,moirai2,covariate_impulse_response,3,10,0.6395037479141041,0.030865722572569115,0.048265115995402876,0.6318023167777655,0.6023196546566162,0.6962736633165706,0.0939540086599544,0.6037782809814422,0.6919736218698627,0.6174237401146007,0.6615837557136076,10,1.0,unanimous_desired,True,0.11409208449371462,0.2705334266573902,below,6,6,0.6,0.6,2026082705,2026082704
capability_effect_nrmse,moirai2,covariate_impulse_response,4,10,0.5732351475951727,0.02576262656648594,0.04494251037216562,0.56742537833704,0.5381218611244689,0.6131798765751154,0.0750580154506465,0.5392334869473836,0.6115407708412711,0.5548056747653598,0.5916646204249856,10,1.0,unanimous_desired,True,0.08168497755114944,0.31539001832196034,below,6,6,0.6,0.6,2026082701,2026082702
capability_effect_nrmse,moirai2,covariate_impulse_response,5,10,0.5179898882090324,0.02041344196431728,0.039408958415959525,0.5188015342188292,0.4899992447437555,0.55237252160267,0.06237327685891453,0.4907274415296741,0.5505557046941537,0.503386991525596,0.5325927848924688,10,1.0,unanimous_desired,True,0.05707856542767266,0.3576376142491573,below,6,6,0.6,0.6,2026082701,2026082702
capability_effect_nrmse,moirai2,cross_series_dependence,1,10,0.9179344291418154,0.02815792132744625,0.03067530798879755,0.9206219586793101,0.8638276225718307,0.9643810325885698,0.10055341001673912,0.8707758966259479,0.958849936290325,0.8977914656629575,0.9380773926206734,10,1.0,unanimous_desired,True,0.11817942341494551,0.23826416235404707,below,8,8,0.8,0.8,2026082704,2026082701
capability_effect_nrmse,moirai2,cross_series_dependence,2,10,0.9366432389443233,0.027583471054786843,0.029449282189743624,0.9402527790694905,0.8994036017087472,0.9847249473539326,0.08532134564518534,0.9001456366643763,0.9800571325707528,0.9169112124351387,0.9563752654535079,10,1.0,unanimous_desired,True,0.12100630127585281,0.22795069978964155,below,8,8,0.8,0.8,2026082701,2026082702
capability_effect_nrmse,moirai2,cross_series_dependence,3,10,0.9758495780939743,0.07114851957492833,0.07290931017656979,0.9478377520192427,0.9123302074070494,1.119986457938378,0.20765625053132863,0.9131775082765536,1.1061122129159493,0.9249529932677476,1.026746162920201,7,0.7,crosses_threshold,False,0.15037280696953373,0.4731475125641791,includes,8,8,0.8,0.8,2026082701,2026082710
capability_effect_nrmse,moirai2,cross_series_dependence,4,10,0.9817981460637135,0.08146779514204709,0.08297815133250441,0.9571732150482758,0.8980341560558817,1.1242811826299048,0.22624702657402318,0.8990258946023941,1.1171912003782782,0.9235195961961207,1.0400766959313064,7,0.7,crosses_threshold,False,0.16497424080108958,0.4938213065655098,includes,8,8,0.8,0.8,2026082701,2026082710
capability_effect_nrmse,moirai2,cross_series_dependence,5,10,0.9829581001248652,0.08041851719361799,0.08181276209372752,0.9582250924954689,0.8950429935472615,1.1269647017366706,0.23192170818940916,0.8965836311793689,1.121589005405891,0.9254301584839448,1.0404860417657855,7,0.7,crosses_threshold,False,0.17157546944354995,0.46870638008119503,includes,8,8,0.8,0.8,2026082701,2026082708
capability_effect_nrmse,moirai2,multi_seasonal,1,10,0.9786230760208129,0.046055998598186064,0.047062040255023134,0.9837216097775603,0.9126132894251496,1.0745383484065174,0.16192505898136778,0.9164692737221555,1.060782359061872,0.9456765993630585,1.0115695526785673,8,0.8,crosses_threshold,False,0.10724445547326637,0.4294487616627117,includes,10,10,1.0,1.0,2026082710,2026082709
capability_effect_nrmse,moirai2,multi_seasonal,2,10,1.036135603745895,0.03129734633570786,0.0302058400681918,1.0286967904392839,0.9991301266987982,1.1010687190992094,0.10193859240041125,1.0013306211524668,1.0926046391546969,1.013746830906657,1.058524376585133,1,0.1,crosses_threshold,False,0.09050897404605715,0.345792742273066,above,10,10,1.0,1.0,2026082710,2026082709
capability_effect_nrmse,moirai2,multi_seasonal,3,10,1.0786049921699141,0.032612520682470496,0.03023583324685095,1.0835646477641143,1.027876100395899,1.1399912683061135,0.11211516791021459,1.0307981583385224,1.131061768289706,1.0552754002791878,1.1019345840606405,0,0.0,unanimous_undesired,True,0.08452239281450138,0.38584474003290653,above,10,10,1.0,1.0,2026082710,2026082709
capability_effect_nrmse,moirai2,multi_seasonal,4,10,1.0895943614571881,0.025216795411883538,0.02314328735893917,1.087639314824362,1.05679830794092,1.1362025376980207,0.07940422975710071,1.0569339959362627,1.1317502606738952,1.0715553527133042,1.107633370201072,0,0.0,unanimous_undesired,True,0.07918519588400066,0.31845340698309216,above,10,10,1.0,1.0,2026082710,2026082709
capability_effect_nrmse,moirai2,multi_seasonal,5,10,1.1083220366179765,0.021471671326507753,0.01937313399635015,1.10479905744275,1.0727771688578716,1.1387311218652671,0.0659539530073956,1.0750366671164096,1.1378976097345628,1.0929621282522153,1.1236819449837376,0,0.0,unanimous_undesired,True,0.07333070506282031,0.29280601227157965,above,10,10,1.0,1.0,2026082710,2026082709
capability_effect_nrmse,moirai2,predictable_intermittency,1,10,0.8275363645729394,0.034476535565615286,0.04166165626257081,0.824245911803638,0.779311819444535,0.8854611051332558,0.10614928568872084,0.78221106969998,0.8823171479226373,0.8028733367627571,0.8521993923831218,10,1.0,unanimous_desired,True,0.07875948042405584,0.4377445785572371,below,10,10,1.0,1.0,2026082707,2026082703
capability_effect_nrmse,moirai2,predictable_intermittency,2,10,1.109024530665136,0.07119386320195935,0.06419503016697108,1.0938734411680402,1.0340747752502042,1.2865985989788387,0.25252382372863447,1.0368965464570927,1.2525601302779261,1.0580955089621717,1.1599535523681004,0,0.0,unanimous_undesired,True,0.11548345499424253,0.6164853935614304,above,10,10,1.0,1.0,2026082710,2026082703
capability_effect_nrmse,moirai2,predictable_intermittency,3,10,1.1332075310078689,0.04003723313921162,0.03533089221848245,1.135245483692961,1.0749909938168982,1.2041528359507114,0.1291618421338132,1.0789787205425025,1.196991438401844,1.1045666197865007,1.161848442229237,0,0.0,unanimous_undesired,True,0.08256765996941039,0.4849021172944054,above,10,10,1.0,1.0,2026082710,2026082703
capability_effect_nrmse,moirai2,predictable_intermittency,4,10,1.158038183182028,0.038179580713295254,0.03296918984863381,1.1638210751863487,1.0911901971036928,1.205009503078736,0.1138193059750432,1.0958469356287424,1.202633266082889,1.1307261564523985,1.1853502099116573,0,0.0,unanimous_undesired,True,0.08102425330313799,0.4712117564410383,above,10,10,1.0,1.0,2026082710,2026082701
capability_effect_nrmse,moirai2,predictable_intermittency,5,10,1.2010558510940252,0.049156462603839275,0.04092770753255424,1.1968411428866954,1.1305605176915108,1.2857849446509733,0.15522442695946248,1.1343607088474446,1.2796056591034326,1.1658914360981694,1.2362202660898811,0,0.0,unanimous_undesired,True,0.08409560611175011,0.5845306892552496,above,10,10,1.0,1.0,2026082705,2026082701
capability_effect_nrmse,moirai2,regime_switching,1,10,0.12172516675851512,0.006395104978695716,0.0525372455753761,0.1216574163386395,0.11365968709221323,0.1320303207290725,0.01837063363685927,0.11377318242850229,0.13130570466056335,0.11715038424771346,0.12629994926931679,10,1.0,unanimous_desired,True,0.046891139639524494,0.13638194822855806,below,10,10,1.0,1.0,2026082705,2026082706
capability_effect_nrmse,moirai2,regime_switching,2,10,0.14731780324935873,0.008007316946452585,0.05435403440613985,0.1469719167700514,0.1338329655393494,0.15970124560894478,0.02586828006959538,0.1352962886601318,0.15941242423873478,0.1415897137735628,0.15304589272515465,10,1.0,unanimous_desired,True,0.0515802679495911,0.15523992535824085,below,10,10,1.0,1.0,2026082705,2026082706
capability_effect_nrmse,moirai2,regime_switching,3,10,0.16827203334183724,0.006383072502037188,0.03793305622610655,0.16580102575630312,0.16074195260650226,0.18014604927744768,0.01940409667094542,0.16140098263832536,0.17953414521091243,0.16370585834630896,0.17283820833736552,10,1.0,unanimous_desired,True,0.051299247433827536,0.12442818991196523,below,10,10,1.0,1.0,2026082702,2026082706
capability_effect_nrmse,moirai2,regime_switching,4,10,0.18188443591149586,0.006542321149553242,0.03596965906822674,0.18195259871072894,0.17028855873545834,0.19450040457523765,0.02421184583977931,0.171467450654966,0.1926936255851339,0.17720434129620338,0.18656453052678834,10,1.0,unanimous_desired,True,0.051240428899416116,0.12767889125978396,below,10,10,1.0,1.0,2026082702,2026082701
capability_effect_nrmse,moirai2,regime_switching,5,10,0.20674485803711792,0.009634444562510463,0.04660064900274687,0.20901762726238649,0.1859174669328764,0.2198047913212328,0.0338873243883564,0.18854447227891946,0.21892323768084046,0.19985279158430885,0.213636924489927,10,1.0,unanimous_desired,True,0.050468865878717614,0.19089877283280193,below,10,10,1.0,1.0,2026082709,2026082701
capability_effect_nrmse,moirai2,time_varying_seasonality,1,10,0.700398670713442,0.02374139760172203,0.0338969769567645,0.6976533544137509,0.6633977617628855,0.745148413874664,0.08175065211177857,0.6670280292927976,0.7408297511575589,0.6834150979820843,0.7173822434447996,10,1.0,unanimous_desired,True,0.17185428646260342,0.13814841683851922,below,9,9,0.9,0.9,2026082701,2026082705
capability_effect_nrmse,moirai2,time_varying_seasonality,2,10,0.6033357710480324,0.020788417328252474,0.03445580110746903,0.6001322463025576,0.5684036313015743,0.6489942838717689,0.0805906525701946,0.5727431905467938,0.6408363808143769,0.5884646331484429,0.6182069089476219,10,1.0,unanimous_desired,True,0.14150504207825157,0.14690937526280218,below,9,9,0.9,0.9,2026082701,2026082705
capability_effect_nrmse,moirai2,time_varying_seasonality,3,10,0.51876884476118,0.01830829704571128,0.0352918206839111,0.5168220743819143,0.49109550371474775,0.5542254686715749,0.0631299649568271,0.49250793065836646,0.5509525393683812,0.5056718780332994,0.5318658114890606,10,1.0,unanimous_desired,True,0.11234195416786401,0.16296936599798317,below,9,9,0.9,0.9,2026082701,2026082705
capability_effect_nrmse,moirai2,time_varying_seasonality,4,10,0.46870192748321954,0.01791027101576133,0.03821249703822171,0.4648917643985412,0.441865130173602,0.5002552107154283,0.05839008054182632,0.4435938427031242,0.4987802506102507,0.4558896914246125,0.4815141635418266,10,1.0,unanimous_desired,True,0.10597883946707712,0.16899855769155928,below,9,9,0.9,0.9,2026082701,2026082702
capability_effect_nrmse,moirai2,time_varying_seasonality,5,10,0.436747967308043,0.013956768600787336,0.03195611575896237,0.43630464330477337,0.4121902667331063,0.45716655326070765,0.04497628652760133,0.41464266672376127,0.45654277964493417,0.42676389650468777,0.4467320381113982,10,1.0,unanimous_desired,True,0.10073364514514468,0.13855121176918958,below,9,9,0.9,0.9,2026082704,2026082702
capability_effect_nrmse,moirai2,trend,1,10,0.34756017434376785,0.026123603105445547,0.07516282081158984,0.34493821417244686,0.3012497668241263,0.40193449073952703,0.10068472391540073,0.3071935598987153,0.392982880534916,0.3288724744539233,0.3662478742336124,10,1.0,unanimous_desired,True,0.1760781364996047,0.14836369594077456,below,10,10,1.0,1.0,2026082710,2026082703
capability_effect_nrmse,moirai2,trend,2,10,0.3046625831390136,0.016971845036842688,0.055707021393889555,0.3067224677880528,0.26561533192002684,0.3238368964931472,0.05822156457312033,0.2721416452412775,0.32325059705161496,0.29252165658515134,0.3168035096928759,10,1.0,unanimous_desired,True,0.14526545055719323,0.11683332114927501,below,10,10,1.0,1.0,2026082710,2026082703
capability_effect_nrmse,moirai2,trend,3,10,0.2645818680315552,0.014082828184167335,0.05322673200904211,0.2649911148425136,0.23571877479481404,0.2837591495975562,0.048040374802742175,0.23890218098825958,0.28238228960256395,0.25450761963466756,0.27465611642844284,10,1.0,unanimous_desired,True,0.118042852442595,0.11930267604314208,below,10,10,1.0,1.0,2026082710,2026082703
capability_effect_nrmse,moirai2,trend,4,10,0.23234578174073994,0.011875093737796117,0.0511095731922811,0.2330978628364217,0.20809861142403513,0.2509280423071353,0.04282943088310015,0.2110941745037122,0.24919393998922634,0.22385085142657335,0.24084071205490654,10,1.0,unanimous_desired,True,0.09739842708502808,0.12192284919990805,below,10,10,1.0,1.0,2026082710,2026082703
capability_effect_nrmse,moirai2,trend,5,10,0.20496407070358677,0.01136029900041947,0.05542580688128708,0.20603171309192825,0.18156556647940705,0.22010302071218496,0.03853745423277791,0.18408228301993998,0.21893161160283306,0.1968374023599506,0.21309073904722295,10,1.0,unanimous_desired,True,0.08109916466095494,0.14007911237942586,below,10,10,1.0,1.0,2026082710,2026082703
capability_effect_nrmse,timesfm2.5,common_factor,1,10,0.44270524922288257,0.030088979190827606,0.06796616765589587,0.4379029848826983,0.408114707241347,0.5074200287715941,0.09930532153024707,0.4087337843007128,0.4995512412770625,0.4211808901656608,0.46422960828010434,10,1.0,unanimous_desired,True,0.14845608484082168,0.20267932582951895,below,4,4,0.4,0.4,2026082705,2026082706
capability_effect_nrmse,timesfm2.5,common_factor,2,10,0.3971624985159858,0.02172488553446195,0.05470024389421934,0.39866733809525023,0.36704994967198057,0.43236949358740007,0.0653195439154195,0.3681408295286882,0.4294817387153288,0.3816214516178793,0.41270354541409227,10,1.0,unanimous_desired,True,0.13256946269767972,0.16387548906345675,below,4,4,0.4,0.4,2026082705,2026082704
capability_effect_nrmse,timesfm2.5,common_factor,3,10,0.33300178271825986,0.01687825036656072,0.050685165192766446,0.3350444592100552,0.30222047175312394,0.3553322533278194,0.05311178157469548,0.3034885463943075,0.3541584965212438,0.3209278097581441,0.3450757556783756,10,1.0,unanimous_desired,True,0.10906719756982683,0.15475093100980203,below,4,4,0.4,0.4,2026082705,2026082704
capability_effect_nrmse,timesfm2.5,common_factor,4,10,0.2746471453295701,0.011075526869429272,0.04032638626605386,0.27857735177363635,0.25674123611568467,0.28630525909078614,0.029564022975101467,0.2569908257689026,0.2856901027588371,0.2667241906964606,0.28257009996267957,10,1.0,unanimous_desired,True,0.08935630331266542,0.12394790808069854,below,4,4,0.4,0.4,2026082709,2026082704
capability_effect_nrmse,timesfm2.5,common_factor,5,10,0.2245758966708406,0.010037632243165982,0.044695946412620015,0.22573138592616165,0.20824464975856719,0.24076576411711334,0.032521114358546155,0.20868377046796885,0.23983467546160028,0.2173954071262796,0.2317563862154016,10,1.0,unanimous_desired,True,0.0716368809851551,0.14011821990471673,below,4,4,0.4,0.4,2026082710,2026082706
capability_effect_nrmse,timesfm2.5,covariate_impulse_response,1,10,0.6378351508531375,0.09033020957536186,0.14161999296297884,0.616729276160765,0.4982766945557648,0.7561268744739938,0.25785017991822906,0.5108346529210532,0.755061257864897,0.5732168116172592,0.7024534900890157,10,1.0,unanimous_desired,True,0.17916027768668769,0.5041865905863895,below,6,6,0.6,0.6,2026082704,2026082706
capability_effect_nrmse,timesfm2.5,covariate_impulse_response,2,10,0.4818710057554038,0.07270433820003261,0.15087925467949218,0.45965217413051634,0.3828210018819332,0.6052889574243712,0.22246795554243798,0.3881507088891251,0.6001134723936907,0.4298614553312991,0.5338805561795086,10,1.0,unanimous_desired,True,0.11849364516309062,0.6135716231867526,below,6,6,0.6,0.6,2026082704,2026082706
capability_effect_nrmse,timesfm2.5,covariate_impulse_response,3,10,0.3819846258628995,0.057334639147195665,0.1500967192532351,0.3586942951294719,0.3125228205322414,0.4800845377045336,0.16756171717229218,0.3170362216088545,0.47895658711722167,0.3409698957986544,0.4229993559271446,10,1.0,unanimous_desired,True,0.08804907465898013,0.6511668563157138,below,6,6,0.6,0.6,2026082704,2026082706
capability_effect_nrmse,timesfm2.5,covariate_impulse_response,4,10,0.29744330315434137,0.04201760920787254,0.1412625826914983,0.2779752043980422,0.26086117860735597,0.3819945528914739,0.12113337428411791,0.26165792629699586,0.37703558355325417,0.26738571623587337,0.32750089007280936,10,1.0,unanimous_desired,True,0.06909552757255029,0.6081089570342171,below,6,6,0.6,0.6,2026082701,2026082703
capability_effect_nrmse,timesfm2.5,covariate_impulse_response,5,10,0.2328569188953457,0.025025836903870707,0.10747302258653615,0.22113642628089436,0.20289680779409558,0.28384215114547123,0.08094534335137565,0.2053978987835618,0.2781685565921468,0.21495451363891907,0.2507593241517724,10,1.0,unanimous_desired,True,0.052010431222260164,0.4811695714831873,below,6,6,0.6,0.6,2026082701,2026082703
capability_effect_nrmse,timesfm2.5,cross_series_dependence,1,10,1.236978613762335,0.0865332242774948,0.06995531152660714,1.241505114744867,1.0557176270971649,1.3584347719475138,0.30271714485034895,1.0780683529271127,1.3481744275019236,1.1750764741810864,1.2988807533435838,0,0.0,unanimous_undesired,True,0.2694931766988965,0.32109616034612254,above,8,8,0.8,0.8,2026082706,2026082709
capability_effect_nrmse,timesfm2.5,cross_series_dependence,2,10,1.1296025980487836,0.0669532759871324,0.059271531512749685,1.1050285618516265,1.05500221243012,1.2276731495681419,0.17267093713802195,1.05556418763859,1.2235471739802122,1.08170710969524,1.1774980864023272,0,0.0,unanimous_undesired,True,0.17897068881516315,0.3741019070238938,above,8,8,0.8,0.8,2026082701,2026082707
capability_effect_nrmse,timesfm2.5,cross_series_dependence,3,10,1.0567892678524842,0.07163061722522908,0.06778136323317385,1.0460639410491632,0.969412097223544,1.1922322973090762,0.22282020008553216,0.9699370384928723,1.1816698306641968,1.0055478111427714,1.108030724562197,2,0.2,crosses_threshold,False,0.1602241983951011,0.44706491243347174,above,8,8,0.8,0.8,2026082701,2026082705
capability_effect_nrmse,timesfm2.5,cross_series_dependence,4,10,0.9978326533955666,0.07448468601186006,0.07464647078685288,0.9690668438401933,0.9055920154875885,1.1302945584213213,0.22470254293373282,0.9130753293590353,1.1207711830849278,0.9445495188692735,1.0511157879218596,7,0.7,crosses_threshold,False,0.1661826681955882,0.44820971296594864,includes,8,8,0.8,0.8,2026082701,2026082705
capability_effect_nrmse,timesfm2.5,cross_series_dependence,5,10,0.9874226064465231,0.06576779587597763,0.06660551971020676,0.9601174700062006,0.9192007988682586,1.1016163941274526,0.18241559525919404,0.9218636595046894,1.098844760016331,0.9403751594773634,1.0344700534156828,7,0.7,crosses_threshold,False,0.16050766656083965,0.4097486262505017,includes,8,8,0.8,0.8,2026082701,2026082708
capability_effect_nrmse,timesfm2.5,multi_seasonal,1,10,0.6393993083597665,0.036308122900081376,0.05678473909085326,0.6396703997608018,0.5930102166633209,0.7145602791606009,0.12155006249728006,0.5947866559525522,0.7028985380991386,0.6134260419010186,0.6653725748185145,10,1.0,unanimous_desired,True,0.09517171630562324,0.3815011886880946,below,10,10,1.0,1.0,2026082710,2026082705
capability_effect_nrmse,timesfm2.5,multi_seasonal,2,10,0.7591198250008244,0.08431562609586446,0.11107024651315475,0.7301789073848193,0.6765462446026709,0.9108543376242844,0.23430809302161348,0.6807819066099776,0.9101365789929503,0.6988040595934328,0.819435590408216,10,1.0,unanimous_desired,True,0.1273631465920923,0.662009602871255,below,10,10,1.0,1.0,2026082710,2026082701
capability_effect_nrmse,timesfm2.5,multi_seasonal,3,10,0.8561256970720489,0.11446999889016642,0.1337070003641451,0.8071239194763151,0.7441079084710023,1.0890350397900286,0.3449271313190263,0.7510481563430909,1.067047833658394,0.774238792841585,0.9380126013025127,9,0.9,crosses_threshold,False,0.1506516105547969,0.7598325598286914,below,10,10,1.0,1.0,2026082710,2026082701
capability_effect_nrmse,timesfm2.5,multi_seasonal,4,10,0.911568407630002,0.11804509474408342,0.12949669356246157,0.8869357197680137,0.8016094138963993,1.1697163483713435,0.36810693447494425,0.8016476136970502,1.1359525261494787,0.8271240338909962,0.9960127813690078,8,0.8,crosses_threshold,False,0.15768648579578728,0.7486062876495222,below,10,10,1.0,1.0,2026082710,2026082705
capability_effect_nrmse,timesfm2.5,multi_seasonal,5,10,0.9305870330088324,0.09937838048743376,0.1067910651689583,0.9098597011386942,0.8282024323595607,1.1396704036114162,0.31146797125185555,0.8305990128265568,1.1143307503671047,0.8594960222247643,1.0016780437929005,8,0.8,crosses_threshold,False,0.14488743257757247,0.6859006245018991,includes,10,10,1.0,1.0,2026082710,2026082701
capability_effect_nrmse,timesfm2.5,predictable_intermittency,1,10,0.5841440882694215,0.05083600925465618,0.08702648931235844,0.5769986833089069,0.49309659169696046,0.661392896846454,0.1682963051494935,0.5047394370399182,0.6604753926161694,0.5477781979780344,0.6205099785608087,10,1.0,unanimous_desired,True,0.03607277696982109,1.4092624279296873,below,10,10,1.0,1.0,2026082710,2026082703
capability_effect_nrmse,timesfm2.5,predictable_intermittency,2,10,0.8067938972478176,0.0320564502159123,0.0397331342307684,0.8117445097552354,0.7355117356064464,0.8445113126436761,0.10899957703722962,0.7442476238413391,0.8432720642811273,0.7838620942055399,0.8297257002900953,10,1.0,unanimous_desired,True,0.029920778169967042,1.0713775568875057,below,10,10,1.0,1.0,2026082710,2026082703
capability_effect_nrmse,timesfm2.5,predictable_intermittency,3,10,0.9396013734440807,0.02534800567879362,0.02697740381740957,0.9399495479022796,0.8799928114014085,0.973763735247633,0.09377092384622454,0.8918970269119059,0.9726879550319765,0.9214685025296306,0.9577342443585307,10,1.0,unanimous_desired,True,0.031042951352777348,0.8165462552427634,below,10,10,1.0,1.0,2026082710,2026082703
capability_effect_nrmse,timesfm2.5,predictable_intermittency,4,10,0.9685403043730231,0.028070308793654047,0.028982076085956113,0.9725677251780409,0.9091834423045461,1.0029323139642499,0.0937488716597038,0.9157250771117545,1.0021637638649108,0.9484600151252615,0.9886205936207847,9,0.9,crosses_threshold,False,0.02769565450244415,1.0135275478388437,below,10,10,1.0,1.0,2026082710,2026082703
capability_effect_nrmse,timesfm2.5,predictable_intermittency,5,10,1.0899826773009733,0.017595504048242075,0.016142920813945638,1.0942809997399223,1.0609619622769242,1.112111930454065,0.05114996817714079,1.0629979748028089,1.1119732125831143,1.0773956119663468,1.1025697426355998,0,0.0,unanimous_undesired,True,0.028235535444969078,0.6231687754792405,above,10,10,1.0,1.0,2026082705,2026082703
capability_effect_nrmse,timesfm2.5,regime_switching,1,10,0.07640450680364712,0.007112239364111606,0.09308664713181694,0.07654600660059832,0.06571032011647429,0.08904623050456908,0.023335910388094794,0.06651145267265612,0.08780466806613862,0.07131671725774215,0.08149229634955209,10,1.0,unanimous_desired,True,0.029109722540501443,0.24432522000909082,below,10,10,1.0,1.0,2026082709,2026082706
capability_effect_nrmse,timesfm2.5,regime_switching,2,10,0.08371303746518885,0.004383231765490478,0.052360204553719564,0.0830203857768376,0.07775335709829065,0.09294259978215352,0.015189242683862875,0.07835149085283225,0.09194973592748563,0.08057746235135455,0.08684861257902315,10,1.0,unanimous_desired,True,0.026779054652415524,0.16368134806786772,below,10,10,1.0,1.0,2026082709,2026082706
capability_effect_nrmse,timesfm2.5,regime_switching,3,10,0.08771521753969831,0.006809098948910497,0.07762733924508393,0.08656678763621678,0.07817156064033892,0.1014588249354568,0.023287264295117877,0.07916046690503001,0.09981110639972744,0.08284428158328079,0.09258615349611583,10,1.0,unanimous_desired,True,0.025331553833988517,0.26879910302914045,below,10,10,1.0,1.0,2026082710,2026082707
capability_effect_nrmse,timesfm2.5,regime_switching,4,10,0.09506292186273926,0.011110649247881589,0.11687679097350051,0.08948177024861301,0.08454153561461117,0.11971593951968833,0.03517440390507716,0.08479361413052641,0.11636550492446347,0.08711484219365041,0.10301100153182811,10,1.0,unanimous_desired,True,0.02593156212223389,0.4284604681935164,below,10,10,1.0,1.0,2026082710,2026082705
capability_effect_nrmse,timesfm2.5,regime_switching,5,10,0.14312380557038268,0.01791025511680327,0.12513819797780396,0.14003550878813603,0.11776548755742237,0.1762514091612532,0.05848592160383083,0.11939257153218906,0.17406497696715553,0.13031158088520506,0.1559360302555603,10,1.0,unanimous_desired,True,0.03906239072752618,0.45850381359742043,below,10,10,1.0,1.0,2026082710,2026082706
capability_effect_nrmse,timesfm2.5,time_varying_seasonality,1,10,0.8925998738295318,0.03339204129987087,0.037409865583566126,0.8816100124713284,0.8535960746970902,0.9704112154399911,0.11681514074290089,0.857150382758239,0.9579063208727179,0.8687126464818157,0.9164871011772479,10,1.0,unanimous_desired,True,0.2880925495731855,0.11590734071166299,below,9,9,0.9,0.9,2026082701,2026082710
capability_effect_nrmse,timesfm2.5,time_varying_seasonality,2,10,0.697076909580842,0.02291936691170815,0.03287925133754574,0.6955170694181242,0.6697683267480157,0.7510685660342115,0.08130023928619579,0.6718173221013887,0.741686319077796,0.6806813821804907,0.7134724369811933,10,1.0,unanimous_desired,True,0.19814417491333058,0.11567015241166294,below,9,9,0.9,0.9,2026082701,2026082705
capability_effect_nrmse,timesfm2.5,time_varying_seasonality,3,10,0.5473047660555501,0.015090537142877173,0.027572457027252563,0.5455248245994315,0.5314997638118157,0.5820159721336432,0.05051620832182746,0.5315619666450441,0.5769455059703733,0.5365096460958592,0.5580998860152411,10,1.0,unanimous_desired,True,0.14075128138241189,0.1072142078897114,below,9,9,0.9,0.9,2026082701,2026082705
capability_effect_nrmse,timesfm2.5,time_varying_seasonality,4,10,0.42750347703166797,0.011181388101430427,0.026155081074585387,0.42384745083096464,0.4173707354988824,0.453173815465857,0.03580307996697463,0.41782944194870986,0.44970249073963253,0.4195047938351738,0.4355021602281621,10,1.0,unanimous_desired,True,0.09386418735170811,0.11912304806447517,below,9,9,0.9,0.9,2026082701,2026082705
capability_effect_nrmse,timesfm2.5,time_varying_seasonality,5,10,0.3425954035728096,0.007983069313727156,0.02330174085955174,0.3399428336381878,0.33250500089645907,0.35869095430339465,0.02618595340693558,0.33313847676168723,0.3570174617340543,0.3368846598085368,0.3483061473370824,10,1.0,unanimous_desired,True,0.07134887263187914,0.11188781292894975,below,9,9,0.9,0.9,2026082701,2026082709
capability_effect_nrmse,timesfm2.5,trend,1,10,0.5250120841664142,0.07240767494761266,0.13791620637185456,0.555839071947758,0.3850915929266697,0.5967521892956986,0.2116605963690289,0.3956001115440185,0.594706076744884,0.47321475384867046,0.576809414484158,10,1.0,unanimous_desired,True,0.28390533414042274,0.2550416150751117,below,10,10,1.0,1.0,2026082705,2026082710
capability_effect_nrmse,timesfm2.5,trend,2,10,0.36416860833477294,0.04875578364263847,0.13388244490809667,0.38306248588112046,0.2694776349810491,0.414134325167562,0.1446566901865129,0.27726026856377517,0.4133461719258273,0.32929082180088204,0.39904639486866383,10,1.0,unanimous_desired,True,0.18977942620495242,0.2569076354461343,below,10,10,1.0,1.0,2026082705,2026082710
capability_effect_nrmse,timesfm2.5,trend,3,10,0.2701896029405159,0.0340186279179114,0.1259065024992869,0.28235974456281965,0.20519894856131576,0.30653776518216325,0.10133881662084748,0.21129507602066538,0.3057830196317268,0.24585414252840704,0.2945250633526248,10,1.0,unanimous_desired,True,0.13452495579777748,0.25287968106861425,below,10,10,1.0,1.0,2026082705,2026082710
capability_effect_nrmse,timesfm2.5,trend,4,10,0.2080512986582142,0.02437967595552352,0.11718108040062923,0.2169879748336292,0.16159867817860557,0.2379402384110684,0.07634156023246283,0.1669528639564301,0.2362610415805384,0.19061112909854458,0.22549146821788382,10,1.0,unanimous_desired,True,0.09951596961030709,0.24498254954447496,below,10,10,1.0,1.0,2026082705,2026082710
capability_effect_nrmse,timesfm2.5,trend,5,10,0.16799350671046304,0.01997640442964935,0.1189117652272043,0.1757003635842685,0.13111471899130528,0.19738950821721044,0.06627478922590516,0.13542135332711844,0.19414879145283342,0.15370324784561182,0.18228376557531425,10,1.0,unanimous_desired,True,0.07878724970861103,0.253548696058444,below,10,10,1.0,1.0,2026082705,2026082710
capability_effect_nrmse,tirex2,common_factor,1,10,0.34774085756397183,0.017860040433083497,0.05136020126653622,0.3492573260263,0.32083034793277954,0.37206376942079505,0.05123342148801552,0.3214990422895385,0.37121362659463325,0.3349645542995734,0.36051716082837026,10,1.0,unanimous_desired,True,0.06454531766717098,0.2767054385754068,below,4,4,0.4,0.4,2026082710,2026082706
capability_effect_nrmse,tirex2,common_factor,2,10,0.3156497879827783,0.014102606045793109,0.04467801526469753,0.3158707665219247,0.2950258108270311,0.33426741241299895,0.039241601585967845,0.29542864674695163,0.3328938369113629,0.3055613913559917,0.32573818460956494,10,1.0,unanimous_desired,True,0.06669665664500454,0.2114439726844894,below,4,4,0.4,0.4,2026082702,2026082706
capability_effect_nrmse,tirex2,common_factor,3,10,0.26891098973630817,0.015247790189048548,0.056701997207330206,0.27149750111371274,0.2454223680008943,0.28601505509265834,0.04059268709176406,0.245726736281908,0.28590344748420277,0.2580033777240564,0.27981860174855994,10,1.0,unanimous_desired,True,0.06091566971817841,0.2503098178119236,below,4,4,0.4,0.4,2026082707,2026082704
capability_effect_nrmse,tirex2,common_factor,4,10,0.2314192017197365,0.010997269983983246,0.04752099178572764,0.23505345132225308,0.21246143974471907,0.2437327202314449,0.03127128048672584,0.21333181014475594,0.2435831829403907,0.22355222869006916,0.23928617474940386,10,1.0,unanimous_desired,True,0.05332918678246938,0.2062148449561267,below,4,4,0.4,0.4,2026082707,2026082704
capability_effect_nrmse,tirex2,common_factor,5,10,0.20014263850032332,0.008404122791010285,0.04199066652654681,0.201368111292461,0.18663312859711628,0.21188048682142854,0.02524735822431226,0.18757353314707276,0.21089331096835665,0.1941306912233007,0.20615458577734594,10,1.0,unanimous_desired,True,0.04801163928297868,0.17504344605850097,below,4,4,0.4,0.4,2026082702,2026082704
capability_effect_nrmse,tirex2,covariate_impulse_response,1,10,1.569768283506637,0.08003950239770018,0.05098810011558102,1.5698010120956236,1.4694805237908293,1.6821981952273963,0.21271767143656706,1.4717312734800174,1.6752074316151726,1.512511472717435,1.6270250942958393,0,0.0,unanimous_undesired,True,0.8961717549509183,0.08931268136439292,above,6,6,0.6,0.6,2026082709,2026082705
capability_effect_nrmse,tirex2,covariate_impulse_response,2,10,1.0502890919335215,0.06706773233650236,0.06385644947814753,1.072689805215806,0.9530130632663628,1.1300458864744523,0.17703282320808944,0.959001080625638,1.1254039041990547,1.0023117264400259,1.0982664574270171,4,0.4,crosses_threshold,False,0.5598883003992395,0.11978770102657686,above,6,6,0.6,0.6,2026082709,2026082708
capability_effect_nrmse,tirex2,covariate_impulse_response,3,10,0.7608421229741582,0.04147568569024464,0.05451286730565698,0.7600439029105801,0.6836126743203731,0.834832348386227,0.1512196740658539,0.6926783150056022,0.824489906592598,0.7311722047865234,0.790512041161793,10,1.0,unanimous_desired,True,0.37988184520673124,0.10918048917992809,below,6,6,0.6,0.6,2026082709,2026082708
capability_effect_nrmse,tirex2,covariate_impulse_response,4,10,0.5522181475941408,0.024938522403879216,0.04516063536218313,0.5418955731431327,0.5156956101938498,0.5930644567312171,0.07736884653736731,0.5196942702491999,0.5913285035609149,0.5343782033682728,0.5700580918200088,10,1.0,unanimous_desired,True,0.25654488627079197,0.09720919705862212,below,6,6,0.6,0.6,2026082709,2026082708
capability_effect_nrmse,tirex2,covariate_impulse_response,5,10,0.4161093492081914,0.03013760778167336,0.07242713445160938,0.40701880012266656,0.372087806176377,0.4707451021693461,0.09865729599296913,0.37607527785750156,0.4648503190353749,0.39455020335268143,0.4376684950637014,10,1.0,unanimous_desired,True,0.18220716090154565,0.16540298214710672,below,6,6,0.6,0.6,2026082709,2026082708
capability_effect_nrmse,tirex2,cross_series_dependence,1,10,0.8897266404312509,0.03443489328894801,0.03870277872342611,0.8796241962844794,0.8408417220248655,0.9527227038736288,0.11188098184876327,0.8433220882286148,0.9461605820857677,0.8650934017112621,0.9143598791512397,10,1.0,unanimous_desired,True,0.11067695590975155,0.31112974698208173,below,8,8,0.8,0.8,2026082709,2026082702
capability_effect_nrmse,tirex2,cross_series_dependence,2,10,0.8998657079798951,0.029161190489313434,0.032406158197512906,0.8966951207083113,0.8415732363475737,0.941183389361376,0.09961015301380227,0.8514207563818539,0.9401687151333121,0.8790050489775663,0.9207263669822239,10,1.0,unanimous_desired,True,0.12276905999901744,0.23752882435971098,below,8,8,0.8,0.8,2026082701,2026082702
capability_effect_nrmse,tirex2,cross_series_dependence,3,10,0.9296703931811828,0.061091049662024534,0.06571259030093533,0.9013424315971224,0.8752057643258319,1.0529419570119445,0.17773619268611263,0.8772626266480164,1.0411290731067122,0.8859684889135621,0.9733722974488036,8,0.8,crosses_threshold,False,0.14981064724658086,0.40778843683567906,below,8,8,0.8,0.8,2026082701,2026082708
capability_effect_nrmse,tirex2,cross_series_dependence,4,10,0.9425794501324182,0.0676812685636079,0.0718043116196727,0.9090497184420623,0.8829448937464811,1.0826910604713273,0.19974616672484624,0.8850896640015707,1.0672563019454975,0.8941631872618105,0.9909957130030258,7,0.7,crosses_threshold,False,0.16235910505001727,0.41686155231489863,below,8,8,0.8,0.8,2026082701,2026082705
capability_effect_nrmse,tirex2,cross_series_dependence,5,10,0.9503264203167332,0.06062542688376417,0.06379431907571126,0.9288923824858671,0.8888549887399377,1.0702727026467813,0.18141771390684358,0.8908545186121818,1.06235285424593,0.9069576025191097,0.9936952381143567,8,0.8,crosses_threshold,False,0.16447519397710703,0.36859921194075324,below,8,8,0.8,0.8,2026082701,2026082708
capability_effect_nrmse,tirex2,multi_seasonal,1,10,0.8184536583846022,0.01335296956042451,0.016314875526098234,0.8236580652562226,0.7935044756352033,0.8306930562040918,0.03718858056888852,0.7955627233786842,0.830689459017396,0.808901519394578,0.8280057973746263,10,1.0,unanimous_desired,True,0.29469318029881053,0.045311430508452814,below,10,10,1.0,1.0,2026082703,2026082701
capability_effect_nrmse,tirex2,multi_seasonal,2,10,0.8866751864637911,0.03064835958263671,0.034565486945526795,0.8882930956880875,0.8218755990395838,0.9284251914075157,0.10654959236793182,0.830190790369556,0.9252824248055123,0.8647506707802342,0.908599702147348,10,1.0,unanimous_desired,True,0.27652008892048235,0.110835924081632,below,10,10,1.0,1.0,2026082706,2026082701
capability_effect_nrmse,tirex2,multi_seasonal,3,10,0.9473383269042237,0.028011047349232772,0.029568155909799585,0.9468661598711137,0.8944811842083773,0.9830313120900772,0.08855012788169991,0.9007028569093042,0.9818832117583682,0.9273004307399856,0.9673762230684618,10,1.0,unanimous_desired,True,0.27477015928624515,0.10194355683308362,below,10,10,1.0,1.0,2026082710,2026082701
capability_effect_nrmse,tirex2,multi_seasonal,4,10,0.9977812149324155,0.029648009265571974,0.02971393810774457,0.9915114401842933,0.9619016362062384,1.0486890035277168,0.0867873673214784,0.9633587802716606,1.047338904606793,0.9765723067565427,1.0189901231082883,6,0.6,crosses_threshold,False,0.2735725127709648,0.10837349470995034,includes,10,10,1.0,1.0,2026082709,2026082701
capability_effect_nrmse,tirex2,multi_seasonal,5,10,1.0352806755139397,0.03148911390616016,0.03041601630449459,1.033504840911747,0.9970530100995072,1.0906308537939666,0.09357784369445943,0.9994695832039923,1.08842723247578,1.0127547204188407,1.0578066306090386,1,0.1,crosses_threshold,False,0.27022074727513207,0.11653107403370003,above,10,10,1.0,1.0,2026082709,2026082701
capability_effect_nrmse,tirex2,predictable_intermittency,1,10,0.6875920178981441,0.047770431551748316,0.06947496525305033,0.6855897805583703,0.5842929460121179,0.7413176036642575,0.15702465765213958,0.6013036894327873,0.7411152546382906,0.6534191097872663,0.7217649260090219,10,1.0,unanimous_desired,True,0.1285693190735206,0.3715538971193544,below,10,10,1.0,1.0,2026082702,2026082703
capability_effect_nrmse,tirex2,predictable_intermittency,2,10,0.9820181059621163,0.06751548424549499,0.06875177131214683,0.9884684750369345,0.8775245713347845,1.0845659364291875,0.20704136509440307,0.8778108393204066,1.0783649491393004,0.9337204380483693,1.0303157738758633,6,0.6,crosses_threshold,False,0.17542130746137602,0.38487618877404867,includes,10,10,1.0,1.0,2026082702,2026082703
capability_effect_nrmse,tirex2,predictable_intermittency,3,10,1.170653616166838,0.08239350578941367,0.07038248090771813,1.1889266412083823,1.0498683455510656,1.3245693216618264,0.27470097611076083,1.0514285706028472,1.3014875051577863,1.1117128527947375,1.2295943795389384,0,0.0,unanimous_undesired,True,0.20891740308050996,0.3943831608784735,above,10,10,1.0,1.0,2026082704,2026082703
capability_effect_nrmse,tirex2,predictable_intermittency,4,10,1.2725270110555913,0.11549983632566212,0.09076415299809806,1.2468760616630594,1.1394769709910144,1.465681910310304,0.3262049393192896,1.1426179798887204,1.4595650717247102,1.189903405503637,1.3551506166075455,0,0.0,unanimous_undesired,True,0.24602156076519463,0.46947038286573706,above,10,10,1.0,1.0,2026082704,2026082708
capability_effect_nrmse,tirex2,predictable_intermittency,5,10,1.4785359604629984,0.12919743605332604,0.08738200456948528,1.484531506892909,1.2513160478366283,1.7059807441554102,0.4546646963187819,1.2696406812990446,1.67410940953676,1.3861136823508857,1.570958238575111,0,0.0,unanimous_undesired,True,0.3070532606750627,0.4207655563379555,above,10,10,1.0,1.0,2026082704,2026082708
capability_effect_nrmse,tirex2,regime_switching,1,10,0.05438623090601881,0.018021307351681493,0.33135790165019713,0.053882263098675526,0.034262803561809115,0.08820591758650984,0.05394311402470072,0.034326080439225505,0.08495568022632695,0.041494564237699594,0.06727789757433802,10,1.0,unanimous_desired,True,0.031339353607383734,0.575037621306764,below,10,10,1.0,1.0,2026082709,2026082708
capability_effect_nrmse,tirex2,regime_switching,2,10,0.055545703573758265,0.015281197470854812,0.27511034135274115,0.050866448326322096,0.03594470591330396,0.08361530302549015,0.04767059711218619,0.03812933150264315,0.08304872382683795,0.04461419343175729,0.06647721371575924,10,1.0,unanimous_desired,True,0.03166058622096154,0.48265680755897006,below,10,10,1.0,1.0,2026082709,2026082708
capability_effect_nrmse,tirex2,regime_switching,3,10,0.0702525909636986,0.025317699625867694,0.36038100913530763,0.06508384563979758,0.04222945895338412,0.11935553761152422,0.0771260786581401,0.04258735538465141,0.11617823918496688,0.05214139969350129,0.0883637822338959,10,1.0,unanimous_desired,True,0.040586619294659884,0.6237942471153005,below,10,10,1.0,1.0,2026082709,2026082705
capability_effect_nrmse,tirex2,regime_switching,4,10,0.09302284806072739,0.027550424594425128,0.2961683625988273,0.09070294343685088,0.05576068591722363,0.14269795761676882,0.08693727169954518,0.05632619395111653,0.1377709003398283,0.07331446156517978,0.112731234556275,10,1.0,unanimous_desired,True,0.04661496561176408,0.591021021529453,below,10,10,1.0,1.0,2026082709,2026082706
capability_effect_nrmse,tirex2,regime_switching,5,10,0.15700156156061945,0.015342395187299957,0.0977212903794982,0.15398624726748267,0.13632579541351453,0.18370700009124366,0.04738120467772913,0.1373283519481675,0.18114208665442336,0.14602627320953093,0.16797684991170797,10,1.0,unanimous_desired,True,0.06673398637450842,0.22990377198807005,below,10,10,1.0,1.0,2026082709,2026082701
capability_effect_nrmse,tirex2,time_varying_seasonality,1,10,0.7287896534155694,0.04515546607594547,0.061959532307186836,0.7414468670330197,0.6664042342084683,0.8158452358029469,0.1494410015944786,0.6700689998983981,0.8029859053792379,0.6964873789166348,0.7610919279145041,10,1.0,unanimous_desired,True,0.20733239079888266,0.21779262710449976,below,9,9,0.9,0.9,2026082703,2026082705
capability_effect_nrmse,tirex2,time_varying_seasonality,2,10,0.5250513618004626,0.01995010782535654,0.03799648810917333,0.520101536416091,0.4932421027081758,0.5524781325807004,0.05923602987252463,0.4951256703798689,0.5524656950480684,0.5107799143930953,0.5393228092078299,10,1.0,unanimous_desired,True,0.10945324912334624,0.18227058570800533,below,9,9,0.9,0.9,2026082703,2026082705
capability_effect_nrmse,tirex2,time_varying_seasonality,3,10,0.42278003148268767,0.017676490810800343,0.04181013646460305,0.4225012447767176,0.4001414051640966,0.4483051819007582,0.04816377673666161,0.4003598972664538,0.4473234598951454,0.41013503170817445,0.4354250312572009,10,1.0,unanimous_desired,True,0.076606467595611,0.23074410510755725,below,9,9,0.9,0.9,2026082706,2026082705
capability_effect_nrmse,tirex2,time_varying_seasonality,4,10,0.35362768107129194,0.0147829806086083,0.041803799306163555,0.3480946063510212,0.33608375005156343,0.37686188233272966,0.040778132281166224,0.33627166161610816,0.3759167276147813,0.34305257380236104,0.36420278834022285,10,1.0,unanimous_desired,True,0.06376789274468694,0.23182482550891567,below,9,9,0.9,0.9,2026082706,2026082705
capability_effect_nrmse,tirex2,time_varying_seasonality,5,10,0.30150177297189173,0.013468293836033216,0.044670695310600486,0.2994456240762646,0.28378389716516866,0.32023547173384964,0.03645157456868098,0.28441664232261676,0.3197723825096205,0.2918671359648869,0.3111364099788966,10,1.0,unanimous_desired,True,0.05506532858480832,0.2445875504999513,below,9,9,0.9,0.9,2026082701,2026082708
capability_effect_nrmse,tirex2,trend,1,10,0.3998988203124292,0.1299803881080648,0.3250331871609798,0.38819409008274836,0.252395694551595,0.6793169092318257,0.42692121468023075,0.25713430587683006,0.6375514856488477,0.30691645204092943,0.49288118858392893,10,1.0,unanimous_desired,True,0.2494389758556174,0.5210909308066646,below,10,10,1.0,1.0,2026082702,2026082705
capability_effect_nrmse,tirex2,trend,2,10,0.43582899738023057,0.1171820255771899,0.26887156724672157,0.4027358213264107,0.290741978868189,0.6184454967692662,0.3277035179010772,0.2928203194371676,0.6148707334658181,0.3520020261300768,0.5196559686303843,10,1.0,unanimous_desired,True,0.2760833556247958,0.424444368665394,below,10,10,1.0,1.0,2026082706,2026082705
capability_effect_nrmse,tirex2,trend,3,10,0.4074726770701721,0.06035462140994066,0.148119431820325,0.4156608642413232,0.3041707348054149,0.46975992007975165,0.16558918527433675,0.3130220295799209,0.46957938948228517,0.3642975818384181,0.4506477723019261,10,1.0,unanimous_desired,True,0.26720530524058334,0.22587358943191357,below,10,10,1.0,1.0,2026082701,2026082705
capability_effect_nrmse,tirex2,trend,4,10,0.32726600919899723,0.024643003511063768,0.07529961199263854,0.33526512740353426,0.2625559394201641,0.3459165973846382,0.08336065796447412,0.2744595206536981,0.34547827694840927,0.3096374664539443,0.34489455194405017,10,1.0,unanimous_desired,True,0.210347260749797,0.11715390741587087,below,10,10,1.0,1.0,2026082701,2026082705
capability_effect_nrmse,tirex2,trend,5,10,0.24765094650940092,0.006727150948449538,0.027163841056404656,0.2501432871838998,0.23457034525246084,0.2562283890981613,0.02165804384570047,0.2359331940489637,0.25552292758357725,0.24283863262104216,0.2524632603977597,10,1.0,unanimous_desired,True,0.1550792051170637,0.04337880725769425,below,10,10,1.0,1.0,2026082710,2026082703
capability_effect_nrmse,toto2.0,common_factor,1,10,0.4866086915285999,0.10527957590274063,0.21635366925326063,0.5368800420659956,0.28735467840714135,0.5784357901575116,0.2910811117503702,0.2901615551372707,0.5707960844754518,0.41129621985081644,0.5619211632063834,10,1.0,unanimous_desired,True,0.15624018586507213,0.6738316094532766,below,4,4,0.4,0.4,2026082710,2026082704
capability_effect_nrmse,toto2.0,common_factor,2,10,0.3693525769905834,0.06762624807096543,0.1830940198711259,0.40316867786712063,0.2444322606610219,0.42008962952774864,0.17565736886672675,0.24508188236145198,0.4178731707267703,0.32097567340935645,0.4177294805718103,10,1.0,unanimous_desired,True,0.10485453466275926,0.644953013128806,below,4,4,0.4,0.4,2026082703,2026082706
capability_effect_nrmse,toto2.0,common_factor,3,10,0.2797850118095382,0.04569791573702526,0.16333225086458103,0.3006995966170171,0.19525059226436803,0.3258793100775216,0.13062871781315355,0.19676522838404234,0.3219743048391274,0.24709469219941843,0.31247533141965794,10,1.0,unanimous_desired,True,0.07227814345419935,0.6322508237359854,below,4,4,0.4,0.4,2026082708,2026082706
capability_effect_nrmse,toto2.0,common_factor,4,10,0.21688594298062594,0.024497299347205116,0.11295014794662565,0.22799066985462113,0.1664246183134464,0.24221109088381435,0.07578647257036794,0.1700461146745083,0.24053452222228563,0.19936163071541532,0.23441025524583656,10,1.0,unanimous_desired,True,0.05038398492638261,0.48621202517027534,below,4,4,0.4,0.4,2026082708,2026082706
capability_effect_nrmse,toto2.0,common_factor,5,10,0.1710808208865343,0.013299328547608989,0.07773710973966791,0.1748703492903606,0.14393258055812813,0.19205441668493875,0.04812183612681062,0.14714095093456922,0.18906303797895554,0.16156705436547003,0.1805945874075986,10,1.0,unanimous_desired,True,0.037866145115558796,0.35121949982028766,below,4,4,0.4,0.4,2026082708,2026082706
capability_effect_nrmse,toto2.0,covariate_impulse_response,1,10,1.2128334494641435,0.13910568961166933,0.11469479974610634,1.1551171382970056,1.0754020797339041,1.476543408215525,0.401141328481621,1.0860426887291001,1.4717780610764832,1.113323233743141,1.3123436651851461,0,0.0,unanimous_undesired,True,0.5571329883871636,0.249681301432831,above,6,6,0.6,0.6,2026082706,2026082703
capability_effect_nrmse,toto2.0,covariate_impulse_response,2,10,0.8081954249578978,0.07094448947867268,0.08778135496420124,0.8099469742248914,0.7377720956999777,0.9702950019374578,0.23252290623748006,0.738447267621824,0.9415509182056649,0.7574447944700496,0.8589460554457459,10,1.0,unanimous_desired,True,0.351587876598164,0.20178309378897158,below,6,6,0.6,0.6,2026082706,2026082703
capability_effect_nrmse,toto2.0,covariate_impulse_response,3,10,0.6002551968889219,0.06175326823648947,0.10287835666655128,0.5885816551316989,0.5108218386361546,0.7037360502432417,0.1929142116070871,0.5196759540067322,0.7000858106098262,0.5560795699908075,0.6444308237870363,10,1.0,unanimous_desired,True,0.2436197563813746,0.2534821853274404,below,6,6,0.6,0.6,2026082706,2026082707
capability_effect_nrmse,toto2.0,covariate_impulse_response,4,10,0.4456820802493489,0.062054968488551916,0.13923595145183668,0.414703380559722,0.38519857775123006,0.554485849513707,0.169287271762477,0.38525926402541777,0.5469884833054706,0.40129062999239407,0.49007353050630376,10,1.0,unanimous_desired,True,0.17198073584185325,0.36082511325928524,below,6,6,0.6,0.6,2026082710,2026082709
capability_effect_nrmse,toto2.0,covariate_impulse_response,5,10,0.3351394241027769,0.04556680197018411,0.13596371746527253,0.3165058535050247,0.2836650501342189,0.41606973018047405,0.13240468004625516,0.28512723695586784,0.4072260431284125,0.30254289763123243,0.3677359505743214,10,1.0,unanimous_desired,True,0.12423223847143532,0.3667872569217311,below,6,6,0.6,0.6,2026082710,2026082709
capability_effect_nrmse,toto2.0,cross_series_dependence,1,10,1.4208598118100477,0.15122759911702818,0.10643386339738739,1.456286312704533,1.174937706611586,1.6075007977873441,0.4325630911757581,1.182883460512919,1.5923667635507939,1.3126781044110545,1.529041519209041,0,0.0,unanimous_undesired,True,0.4172491530169272,0.362439559250329,above,8,8,0.8,0.8,2026082702,2026082709
capability_effect_nrmse,toto2.0,cross_series_dependence,2,10,1.3807191969722512,0.12087729651071513,0.08754661829558415,1.397818276177073,1.1574721725359243,1.5053673869850515,0.3478952144491272,1.1696181831912642,1.5041169147861067,1.2942487881404343,1.467189605804068,0,0.0,unanimous_undesired,True,0.39223263651276186,0.30817755907668387,above,8,8,0.8,0.8,2026082701,2026082707
capability_effect_nrmse,toto2.0,cross_series_dependence,3,10,1.417914935574347,0.1464470255604632,0.10328336480999314,1.4471335853273601,1.1407944483251575,1.622213886528801,0.4814194382036434,1.1573329994112616,1.6027595285268903,1.3131530444834567,1.5226768266652373,0,0.0,unanimous_undesired,True,0.4109908578723186,0.3563267229801971,above,8,8,0.8,0.8,2026082704,2026082707
capability_effect_nrmse,toto2.0,cross_series_dependence,4,10,1.3937430514877824,0.12778873899205656,0.09168744472350596,1.4336682415274349,1.2061627458630553,1.588319536913922,0.38215679105086675,1.2092126604744955,1.5670810487682063,1.302328494546844,1.4851576084287208,0,0.0,unanimous_undesired,True,0.39746378023023327,0.32151040006219983,above,8,8,0.8,0.8,2026082702,2026082708
capability_effect_nrmse,toto2.0,cross_series_dependence,5,10,1.3407478666306674,0.12317666439540494,0.09187160946595496,1.3737535255514604,1.145756076694503,1.5008713235726456,0.35511524687814267,1.1482015892975996,1.4895341581450698,1.2526325891032122,1.4288631441581225,0,0.0,unanimous_undesired,True,0.35832750771421334,0.343754419472717,above,8,8,0.8,0.8,2026082702,2026082709
capability_effect_nrmse,toto2.0,multi_seasonal,1,10,0.6608848147178652,0.03131753416782837,0.047387280612882554,0.6559626151744717,0.623035543396957,0.6993605673944643,0.07632502399750729,0.6231091371488584,0.6990494819310273,0.6384816003735035,0.6832880290622269,10,1.0,unanimous_desired,True,0.2017632997278259,0.15521918113985553,below,10,10,1.0,1.0,2026082703,2026082701
capability_effect_nrmse,toto2.0,multi_seasonal,2,10,0.7088788656361417,0.02967561305791878,0.0418627419951195,0.7093440527290956,0.6613479020060518,0.7525564538872882,0.09120855188123644,0.6639294612467285,0.7498309580338572,0.6876502108967831,0.7301075203755002,10,1.0,unanimous_desired,True,0.1927261512016159,0.15397813359990956,below,10,10,1.0,1.0,2026082708,2026082701
capability_effect_nrmse,toto2.0,multi_seasonal,3,10,0.7625625014187161,0.0523100799741833,0.06859776067779698,0.75150490254023,0.688336980162347,0.8548646978781586,0.16652771771581154,0.6944723992426968,0.8482567177967113,0.7251421244582527,0.7999828783791795,10,1.0,unanimous_desired,True,0.20355691625584038,0.2569801161088401,below,10,10,1.0,1.0,2026082708,2026082701
capability_effect_nrmse,toto2.0,multi_seasonal,4,10,0.7730176799218534,0.03218246881612223,0.0416322545421932,0.7680754776869245,0.7259132033152412,0.8192474431227217,0.09333423980748046,0.7283607531767226,0.8191285022586289,0.7499957286036371,0.7960396312400698,10,1.0,unanimous_desired,True,0.19119172888624014,0.1683256331411226,below,10,10,1.0,1.0,2026082708,2026082701
capability_effect_nrmse,toto2.0,multi_seasonal,5,10,0.8059282760728408,0.043980750492252564,0.05457154414107879,0.7988869283895799,0.762513318783113,0.911191052669821,0.14867773388670802,0.7635500942822675,0.8963341575083602,0.774466342479231,0.8373902096664506,10,1.0,unanimous_desired,True,0.19571060859441503,0.2247233852478431,below,10,10,1.0,1.0,2026082705,2026082701
capability_effect_nrmse,toto2.0,predictable_intermittency,1,10,0.651451742713403,0.052147053556151665,0.08004745422730879,0.6635227146072504,0.5529645465982951,0.7247644256173379,0.1717998790190428,0.5608832026799635,0.7180462138111996,0.6141479878269313,0.6887554975998748,10,1.0,unanimous_desired,True,0.07842367085271508,0.6649402277290403,below,10,10,1.0,1.0,2026082704,2026082703
capability_effect_nrmse,toto2.0,predictable_intermittency,2,10,0.9372906705256021,0.05837268790900862,0.06227810618905991,0.933928620361983,0.8355445642206432,1.0455044444881698,0.20995988026752666,0.8471994302460728,1.0352620461491042,0.8955333651108786,0.9790479759403257,9,0.9,crosses_threshold,False,0.10409395293760562,0.5607692499101986,below,10,10,1.0,1.0,2026082704,2026082703
capability_effect_nrmse,toto2.0,predictable_intermittency,3,10,1.1427128157315296,0.07315766623252264,0.06402104292992404,1.1247885039500924,1.0390944527180257,1.2659113354269436,0.22681688270891787,1.0449671204721664,1.2577108421703882,1.0903789739687213,1.195046657494338,0,0.0,unanimous_undesired,True,0.1305374986653567,0.5604341049928355,above,10,10,1.0,1.0,2026082702,2026082703
capability_effect_nrmse,toto2.0,predictable_intermittency,4,10,1.2114074234727916,0.08731107386903007,0.07207407861075493,1.1978206828815818,1.1086230817138207,1.3901106595006147,0.281487577786794,1.10963920068172,1.3696610017460482,1.1489488438144457,1.2738660031311375,0,0.0,unanimous_undesired,True,0.1596276095461042,0.5469672453111101,above,10,10,1.0,1.0,2026082702,2026082708
capability_effect_nrmse,toto2.0,predictable_intermittency,5,10,1.4181570221749435,0.08749364688702913,0.06169531689293848,1.441716009377424,1.2389182790880344,1.5185810338480539,0.27966275476001945,1.2562667100008353,1.5119417175071064,1.3555678376473315,1.4807462067025556,0,0.0,unanimous_undesired,True,0.18878210881540503,0.4634636589030912,above,10,10,1.0,1.0,2026082704,2026082708
capability_effect_nrmse,toto2.0,regime_switching,1,10,0.1745850559062851,0.05897909799064453,0.33782443568539866,0.16330621364395975,0.08476415650969248,0.2577838570556617,0.1730197005459692,0.09367700375878708,0.25674587006768146,0.13239395085182404,0.21677616096074614,10,1.0,unanimous_desired,True,0.09777180201150368,0.6032321873714176,below,10,10,1.0,1.0,2026082708,2026082710
capability_effect_nrmse,toto2.0,regime_switching,2,10,0.16629075646776031,0.0608244531301455,0.36577170266188463,0.14365098147320132,0.08894141755292673,0.2713414685198503,0.18240005096692358,0.09594442646775414,0.2690797576742984,0.12277956387032218,0.20980194906519845,10,1.0,unanimous_desired,True,0.08396528834345171,0.7243999792074683,below,10,10,1.0,1.0,2026082704,2026082710
capability_effect_nrmse,toto2.0,regime_switching,3,10,0.17458277500911615,0.05675255619944793,0.32507534718980435,0.1491249487463409,0.1056737258979648,0.2584090567283002,0.15273533083033541,0.1100051848325641,0.2579977482925805,0.1339844420013796,0.2151811080168527,10,1.0,unanimous_desired,True,0.08461232235636316,0.6707363019823782,below,10,10,1.0,1.0,2026082704,2026082710
capability_effect_nrmse,toto2.0,regime_switching,4,10,0.18214511679756695,0.0606407866225029,0.3329256786493928,0.15435917404334543,0.10168649981643278,0.2709063855199509,0.1692198857035181,0.10716890344851435,0.2679085201175168,0.13876531130476316,0.22552492229037074,10,1.0,unanimous_desired,True,0.08749540835816662,0.6930739310829541,below,10,10,1.0,1.0,2026082708,2026082710
capability_effect_nrmse,toto2.0,regime_switching,5,10,0.2395216680803443,0.06407179434341961,0.26749894845391436,0.23510727915467408,0.15689027963760402,0.3202730155521519,0.16338273591454786,0.15838619634948808,0.3198984431643868,0.19368746752000615,0.28535586864068246,10,1.0,unanimous_desired,True,0.11457219816411797,0.5592263687883557,below,10,10,1.0,1.0,2026082704,2026082710
capability_effect_nrmse,toto2.0,time_varying_seasonality,1,10,1.052629285623604,0.0996983889884203,0.09471367588766684,1.0171439816021643,0.9217687444205038,1.1839568825807718,0.262188138160268,0.9290688933969451,1.1829453436168147,0.9813093545483915,1.1239492166988163,4,0.4,crosses_threshold,False,0.435520884299088,0.22891758485674318,includes,9,9,0.9,0.9,2026082704,2026082709
capability_effect_nrmse,toto2.0,time_varying_seasonality,2,10,0.7399566511342839,0.06316370007361945,0.08536135188026953,0.7178907350717467,0.6532531380305876,0.8264658306678632,0.17321269263727557,0.6605099326496827,0.8247115297180125,0.6947720620811032,0.7851412401874646,10,1.0,unanimous_desired,True,0.28289724391531823,0.22327435643921195,below,9,9,0.9,0.9,2026082704,2026082709
capability_effect_nrmse,toto2.0,time_varying_seasonality,3,10,0.5436727923958579,0.041784699493156524,0.07685633726311678,0.5346795649895175,0.4923312438348937,0.6006151724951968,0.10828392866030312,0.49434032152688057,0.6002794757011223,0.5137818190502754,0.5735637657414403,10,1.0,unanimous_desired,True,0.1924293235280596,0.21714309818827365,below,9,9,0.9,0.9,2026082704,2026082709
capability_effect_nrmse,toto2.0,time_varying_seasonality,4,10,0.4123293584399583,0.029197281478877093,0.0708105811076479,0.404121030093958,0.37253903173833597,0.45583469405335797,0.083295662315022,0.3746389452428663,0.453344175749435,0.39144288149900247,0.4332158353809142,10,1.0,unanimous_desired,True,0.13270357331167254,0.22001880394210088,below,9,9,0.9,0.9,2026082704,2026082709
capability_effect_nrmse,toto2.0,time_varying_seasonality,5,10,0.3204732674957437,0.019902731236894733,0.062104185451783644,0.3154838544852874,0.2956780727946315,0.351240882182714,0.0555628093880825,0.2967288018359197,0.3505788005789192,0.30623571125811305,0.3347108237333743,10,1.0,unanimous_desired,True,0.09418621811683128,0.21131256392741893,below,9,9,0.9,0.9,2026082704,2026082709
capability_effect_nrmse,toto2.0,trend,1,10,0.6240510706765534,0.16206875325372389,0.2597043108635645,0.5722756779378393,0.4739455412804249,0.9695151207854303,0.49556957950500546,0.4783923015674244,0.943440012382479,0.5081140687973786,0.7399880725557282,10,1.0,unanimous_desired,True,0.3811355029130866,0.4252260731813318,below,10,10,1.0,1.0,2026082702,2026082705
capability_effect_nrmse,toto2.0,trend,2,10,0.4259063576011767,0.10749252047291515,0.25238533906453753,0.3901509809125805,0.32241449453928306,0.6560519391238676,0.33363744458458455,0.3275799850107068,0.6371944184441459,0.34901084074262856,0.5028018744597248,10,1.0,unanimous_desired,True,0.2513617084046467,0.42764079364018204,below,10,10,1.0,1.0,2026082702,2026082705
capability_effect_nrmse,toto2.0,trend,3,10,0.3213327044879348,0.07857973942356579,0.2445432361103358,0.3048131116442306,0.23839069156001047,0.48245215211521053,0.24406146055520006,0.23967304408787585,0.4684611638758902,0.2651201452233334,0.37754526375253616,10,1.0,unanimous_desired,True,0.18893053890708084,0.41591867507567215,below,10,10,1.0,1.0,2026082702,2026082705
capability_effect_nrmse,toto2.0,trend,4,10,0.2647843064936046,0.0666142564163543,0.25157932242469677,0.24918237851063274,0.19151111623274303,0.38097427456046234,0.18946315832771932,0.1916872024379231,0.37598914159700797,0.21713133813127014,0.3124372748559391,10,1.0,unanimous_desired,True,0.15062324313695347,0.44225748316802344,below,10,10,1.0,1.0,2026082708,2026082705
capability_effect_nrmse,toto2.0,trend,5,10,0.23376001331936697,0.04090601819883192,0.17499151209811667,0.23060267052641825,0.17438648594555894,0.31501025223623547,0.14062376629067652,0.17965487895384402,0.30555170224041994,0.20449761070581096,0.26302241593292297,10,1.0,unanimous_desired,True,0.13039706904725407,0.31370350957818044,below,10,10,1.0,1.0,2026082708,2026082709
